Workbook

Sheet KEC BB DISPATCHED APRIL
A1: Invoice No. | B1: Invoice Dt | C1: Section | D1: PNAME | E1: QTY ISSUED | F1: VEHICLE No. | G1: Jobwork Challan No. | H1: Po. No | I1: PO ORDER DATE
A2: VIL/DC/23-24/001 | B2: 45020 | C2: MS ANGLE 90X90X6 MM | D2: KEC INTERNATIONAL LIMITED,(DUBAI) | E2: 24.507 | F2: MH31FC2568 | G2: 01/315, 02/316 | H2: LOI-1937 | I2: 44999
A3: VIL/DC/23-24/002 | B3: 45020 | C3: MS ANGLE 90X90X6 MM | D3: KEC INTERNATIONAL LIMITED,(DUBAI) | E3: 3.785 | F3: MH31FC2213 | G3: 03/316, | H3: LOI-1937 | I3: 44999
E4: =SUM(E2:E3) -> 28.292
A5: VIL/DC/23-24/003 | B5: 45021 | C5: HT ANGLE 150X150X15 MM | D5: KEC INTERNATIONAL LIMITED,(DUBAI) | E5: 24.488 | F5: MH31FC2610 | G5: 04/317, | H5: LOI-1937 | I5: 44999
A6: VIL/DC/23-24/004 | B6: 45021 | C6: HT ANGLE 100X100X7 MM | D6: KEC INTERNATIONAL LIMITED,(DUBAI) | E6: 14.528 | F6: MH31FC2629 | G6: 05/318, | H6: LOI-1937 | I6: 44999
A7: VIL/DC/23-24/004 | B7: 45021 | C7: HT ANGLE 80X80X6 MM | D7: KEC INTERNATIONAL LIMITED,(DUBAI) | E7: 9.943 | F7: MH31FC2629 | G7: 05/318, | H7: LOI-1937 | I7: 44999
E8: =SUM(E5:E7) -> 48.959
A9: VIL/DC/23-24/005 | B9: 45022 | C9: HT ANGLE 150X150X15 MM | D9: KEC INTERNATIONAL LIMITED,(DUBAI) | E9: 24.877 | F9: MH31FC2568 | G9: 06/316, 07/317 | H9: LOI-1937 | I9: 44999
A10: VIL/DC/23-24/006 | B10: 45022 | C10: MS ANGLE 90X90X6 MM | D10: KEC INTERNATIONAL LIMITED,(DUBAI) | E10: 24.567 | F10: MH31FC2213 | G10: 08/252, 9/317, 10/318, 11/319 | H10: LOI-1937 | I10: 44999
A11: VIL/DC/23-24/007 | B11: 45022 | C11: HT ANGLE 150X150X15 MM | D11: KEC INTERNATIONAL LIMITED,(DUBAI) | E11: 24.968 | F11: MH40CM3181 | G11: 12/319, 13/320 | H11: LOI-1937 | I11: 44999
A12: VIL/DC/23-24/008 | B12: 45022 | C12: MS ANGLE 90X90X6 MM | D12: KEC INTERNATIONAL LIMITED,(DUBAI) | E12: 24.758 | F12: MH40CM3182 | G12: 14/320, 15/321 | H12: LOI-1937 | I12: 44999
E13: =SUM(E9:E12) -> 99.17
A14: VIL/DC/23-24/009 | B14: 45024 | C14: HT ANGLE 150X150X15 MM | D14: KEC INTERNATIONAL LIMITED,(DUBAI) | E14: 24.488 | F14: MH31FC2623 | G14: 16/321, 17/322 | H14: LOI-1937 | I14: 44999
A15: VIL/DC/23-24/010 | B15: 45024 | C15: HT ANGLE 150X150X15 MM | D15: KEC INTERNATIONAL LIMITED,(DUBAI) | E15: 24.62 | F15: MH361155 | G15: 18/322 | H15: LOI-1937 | I15: 44999
A16: VIL/DC/23-24/011 | B16: 45024 | C16: HT ANGLE 150X150X12 MM | D16: KEC INTERNATIONAL LIMITED,(DUBAI) | E16: 11.291 | F16: MH40CM3182 | G16: 19/322, 20/323 | H16: LOI-1937 | I16: 44999
A17: VIL/DC/23-24/011 | B17: 45024 | C17: HT ANGLE 150X150X15 MM | D17: KEC INTERNATIONAL LIMITED,(DUBAI) | E17: 13.107 | F17: MH40CM3182 | G17: 19/322, 20/323 | H17: LOI-1937 | I17: 44999
E18: =SUM(E14:E17) -> 73.506
A19: VIL/DC/23-24/012 | B19: 45025 | C19: HT ANGLE 80X80X6 MM | D19: KEC INTERNATIONAL LIMITED,(DUBAI) | E19: 12.42 | F19: MH31FC2620 | G19: 21/323, 22/324 | H19: LOI-1937 | I19: 44999
A20: VIL/DC/23-24/012 | B20: 45025 | C20: MS ANGLE 100X100X7 MM | D20: KEC INTERNATIONAL LIMITED,(DUBAI) | E20: 7.37 | F20: MH31FC2620 | G20: 21/323, 22/324 | H20: LOI-1937 | I20: 44999
A21: VIL/DC/23-24/013 | B21: 45025 | C21: MS ANGLE 90X90X6 MM | D21: KEC INTERNATIONAL LIMITED,(DUBAI) | E21: 18.451 | F21: MH40N5505 | G21: 23/325, | H21: LOI-1937 | I21: 44999
A22: VIL/DC/23-24/014 | B22: 45025 | C22: HT ANGLE 75X75X6 MM | D22: KEC INTERNATIONAL LIMITED,(DUBAI) | E22: 7.208 | F22: MH34AB1845 | G22: 24/324, | H22: LOI-1937 | I22: 44999
A23: VIL/DC/23-24/015 | B23: 45025 | C23: HT ANGLE 75X75X6 MM | D23: KEC INTERNATIONAL LIMITED,(BUTIBORI) | E23: 11.386 | F23: MH46AR8099 | G23: 25/324, 26/326 | H23: LOI-2021 | I23: 45019
A24: VIL/DC/23-24/015 | B24: 45025 | C24: HT ANGLE 75X75X5 MM | D24: KEC INTERNATIONAL LIMITED,(BUTIBORI) | E24: 16.147 | F24: MH46AR8099 | G24: 25/324, 26/326 | H24: LOI-2021 | I24: 45019
A25: VIL/DC/23-24/016 | B25: 45025 | C25: HT ANGLE 75X75X6 MM | D25: KEC INTERNATIONAL LIMITED,(BUTIBORI) | E25: 3.163 | F25: MH46AR8099 | G25: 26/326 | H25: LOI-2022 | I25: 45019
E26: =SUM(E19:E25) -> 76.145
A27: VIL/DC/23-24/017 | B27: 45026 | C27: HT ANGLE 75X75X5 MM | D27: KEC INTERNATIONAL LIMITED,(BUTIBORI) | E27: 10.768 | F27: MH40Y4044 | G27: 27/325, 28/326, 29/327 | H27: LOI-2021 | I27: 45019
A28: VIL/DC/23-24/017 | B28: 45026 | C28: HT ANGLE 75X75X6 MM | D28: KEC INTERNATIONAL LIMITED,(BUTIBORI) | E28: 10.423 | F28: MH40Y4044 | G28: 27/325, 28/326, 29/327 | H28: LOI-2021 | I28: 45019
A29: VIL/DC/23-24/017 | B29: 45026 | C29: HT ANGLE 90X90X6 MM | D29: KEC INTERNATIONAL LIMITED,(BUTIBORI) | E29: 4.382 | F29: MH40Y4044 | G29: 27/325, 28/326, 29/327 | H29: LOI-2021 | I29: 45019
A30: VIL/DC/23-24/018 | B30: 45026 | C30: HT ANGLE 75X75X5 MM | D30: KEC INTERNATIONAL LIMITED,(BUTIBORI) | E30: 4.902 | F30: MH40Y4044 | G30: 29/327 | H30: LOI-2022 | I30: 45019
A31: VIL/DC/23-24/018 | B31: 45026 | C31: HT ANGLE 75X75X6 MM | D31: KEC INTERNATIONAL LIMITED,(BUTIBORI) | E31: 1.444 | F31: MH40Y4044 | G31: 29/327 | H31: LOI-2022 | I31: 45019
A32: VIL/DC/23-24/019 | B32: 45026 | C32: HT ANGLE 75X75X6 MM | D32: KEC INTERNATIONAL LIMITED,(DUBAI) | E32: 15.455 | F32: MH31FC2622 | G32: 30/327 | H32: LOI-1937 | I32: 44999
A33: VIL/DC/23-24/020 | B33: 45026 | C33: HT ANGLE 90X90X6 MM | D33: KEC INTERNATIONAL LIMITED,(BUTIBORI) | E33: 31.497 | F33: MH40Y2044 | G33: 31/328, 32/329 | H33: LOI-2021 | I33: 45019
E34: =SUM(E27:E33) -> 78.871
A35: VIL/DC/23-24/021 | B35: 45027 | C35: HT ANGLE 100X100X7 MM | D35: KEC INTERNATIONAL LIMITED,(DUBAI) | E35: 6.555 | F35: MH31FC5543 | G35: 33/327, 34/329 | H35: LOI-1937 | I35: 44999
A36: VIL/DC/23-24/021 | B36: 45027 | C36: HT ANGLE 150X150X12 MM | D36: KEC INTERNATIONAL LIMITED,(DUBAI) | E36: 12.885 | F36: MH31FC5543 | G36: 33/327, 34/329 | H36: LOI-1937 | I36: 44999
A37: VIL/DC/23-24/022 | B37: 45027 | C37: HT ANGLE 90X90X6 MM | D37: KEC INTERNATIONAL LIMITED,(BUTIBORI) | E37: 11.554 | F37: MH40Y3944 | G37: 35/330 | H37: LOI-2021 | I37: 45019
A38: VIL/DC/23-24/022 | B38: 45027 | C38: HT ANGLE 90X90X5 MM | D38: KEC INTERNATIONAL LIMITED,(BUTIBORI) | E38: 10.424 | F38: MH40Y3944 | G38: 35/330 | H38: LOI-2021 | I38: 45019
A39: VIL/DC/23-24/022 | B39: 45027 | C39: HT ANGLE 90X90X7 MM | D39: KEC INTERNATIONAL LIMITED,(BUTIBORI) | E39: 9.953 | F39: MH40Y3944 | G39: 35/330 | H39: LOI-2021 | I39: 45019
A40: VIL/DC/23-24/023 | B40: 45027 | C40: HT ANGLE 90X90X6 MM | D40: KEC INTERNATIONAL LIMITED,(BUTIBORI) | E40: 29.469 | F40: MH46AR4423 | G40: 36/329, 37/330, 38/331 | H40: LOI-2021 | I40: 45019
A41: VIL/DC/23-24/024 | B41: 45027 | C41: HT ANGLE 90X90X6 MM | D41: KEC INTERNATIONAL LIMITED,(BUTIBORI) | E41: 1.552 | F41: MH46AR4423 | G41: 36/329, 37/330, 38/331 | H41: LOI-2022 | I41: 45019
A42: VIL/DC/23-24/025 | B42: 45027 | C42: HT ANGLE 100X100X8 MM | D42: KEC INTERNATIONAL LIMITED,(DUBAI) | E42: 3.174 | F42: MH31FC2564 | G42: 39/331 | H42: LOI-1937 | I42: 44999
A43: VIL/DC/23-24/025 | B43: 45027 | C43: HT ANGLE 150X150X15 MM | D43: KEC INTERNATIONAL LIMITED,(DUBAI) | E43: 3.11 | F43: MH31FC2564 | G43: 39/331 | H43: LOI-1937 | I43: 44999
A44: VIL/DC/23-24/025 | B44: 45027 | C44: HT ANGLE 150X150X12 MM | D44: KEC INTERNATIONAL LIMITED,(DUBAI) | E44: 1.949 | F44: MH31FC2564 | G44: 39/331 | H44: LOI-1937 | I44: 44999
A45: VIL/DC/23-24/025 | B45: 45027 | C45: HT ANGLE 100X100X7 MM | D45: KEC INTERNATIONAL LIMITED,(DUBAI) | E45: 0.965 | F45: MH31FC2564 | G45: 39/331 | H45: LOI-1937 | I45: 44999
E46: =SUM(E35:E45) -> 91.59
A47: VIL/DC/23-24/026 | B47: 45028 | C47: HT ANGLE 90X90X5 MM | D47: KEC INTERNATIONAL LIMITED,(BUTIBORI) | E47: 19.752 | F47: MH46AR4423 | G47: 40/331, 41/332 | H47: LOI-2021 | I47: 45019
A48: VIL/DC/23-24/026 | B48: 45028 | C48: HT ANGLE 90X90X7 MM | D48: KEC INTERNATIONAL LIMITED,(BUTIBORI) | E48: 10.361 | F48: MH46AR4423 | G48: 40/331, 41/332 | H48: LOI-2021 | I48: 45019
A49: VIL/DC/23-24/027 | B49: 45028 | C49: HT ANGLE 110X110X10 MM | D49: KEC INTERNATIONAL LIMITED,(BUTIBORI) | E49: 2.407 | F49: MH46AR4423 | G49: 41/332 | H49: LOI-2019 | I49: 45019
A50: VIL/DC/23-24/028 | B50: 45028 | C50: HT ANGLE 90X90X6 MM | D50: KEC INTERNATIONAL LIMITED,(BUTIBORI) | E50: 12.288 | F50: MH46AF3590 | G50: 42/332, 43/333 | H50: LOI-2021 | I50: 45019
A51: VIL/DC/23-24/028 | B51: 45028 | C51: HT ANGLE 90X90X7 MM | D51: KEC INTERNATIONAL LIMITED,(BUTIBORI) | E51: 8.173 | F51: MH46AF3590 | G51: 42/332, 43/333 | H51: LOI-2021 | I51: 45019
A52: VIL/DC/23-24/029 | B52: 45028 | C52: HT ANGLE 90X90X6 MM | D52: KEC INTERNATIONAL LIMITED,(BUTIBORI) | E52: 6.899 | F52: MH46AF3590 | G52: 43/333 | H52: LOI-2022 | I52: 45019
A53: VIL/DC/23-24/029 | B53: 45028 | C53: HT ANGLE 90X90X7 MM | D53: KEC INTERNATIONAL LIMITED,(BUTIBORI) | E53: 5.589 | F53: MH46AF3590 | G53: 43/333 | H53: LOI-2022 | I53: 45019
E54: =SUM(E47:E53) -> 65.469
A55: VIL/DC/23-24/030 | B55: 45029 | C55: HT ANGLE 75X75X6 MM | D55: KEC INTERNATIONAL LIMITED,(DUBAI) | E55: =2.114+12.696 -> 14.81 | F55: MH31FC2568 | G55: 44/333, 45/334 | H55: LOI-1937 | I55: 44999
A56: VIL/DC/23-24/030 | B56: 45029 | C56: HT ANGLE 75X75X6 MM | D56: KEC INTERNATIONAL LIMITED,(DUBAI) | E56: 2.81 | F56: MH31FC2568 | G56: 44/333, 45/334 | H56: LOI-1937 | I56: 44999
A57: VIL/DC/23-24/030 | B57: 45029 | C57: HT ANGLE 150X150X12 MM | D57: KEC INTERNATIONAL LIMITED,(DUBAI) | E57: 2.534 | F57: MH31FC2568 | G57: 44/333, 45/334 | H57: LOI-1937 | I57: 44999
A58: VIL/DC/23-24/030 | B58: 45029 | C58: HT ANGLE 150X150X15 MM | D58: KEC INTERNATIONAL LIMITED,(DUBAI) | E58: 1.69 | F58: MH31FC2568 | G58: 44/333, 45/334 | H58: LOI-1937 | I58: 44999
A59: VIL/DC/23-24/032 | B59: 45029 | C59: HT ANGLE 150X150X12 MM | D59: KEC INTERNATIONAL LIMITED,(DUBAI) | E59: 0.306 | F59: MH31FC2568 | G59: 48/335 | H59: LOI-1937 | I59: 44999
A60: VIL/DC/23-24/031 | B60: 45029 | C60: HT ANGLE 110X110X6 MM | D60: KEC INTERNATIONAL LIMITED,(BUTIBORI) | E60: =9.563+13.428 -> 22.991 | F60: MH46AF3590 | G60: 46/334, 47/335 | H60: LOI-2021 | I60: 45019
A61: VIL/DC/23-24/031 | B61: 45029 | C61: HT ANGLE 110X110X8 MM | D61: KEC INTERNATIONAL LIMITED,(BUTIBORI) | E61: 7.359 | F61: MH46AF3590 | G61: 46/334, 47/335 | H61: LOI-2021 | I61: 45019
E62: =SUM(E55:E61) -> 52.5
A63: VIL/DC/23-24/033 | B63: 45030 | C63: HT ANGLE 100X100X6 MM | D63: KEC INTERNATIONAL LIMITED,(BUTIBORI) | E63: =8.108+8.744 -> 16.852 | F63: MH46AR8099 | G63: 49/335, 49/335 | H63: LOI-12 | I63: 45023
A64: VIL/DC/23-24/034 | B64: 45030 | C64: HT ANGLE 110X110X6 MM | D64: KEC INTERNATIONAL LIMITED,(BUTIBORI) | E64: 13.863 | F64: MH46AR8099 | G64: 50/336 | H64: LOI-21 | I64: 45019
A65: VIL/DC/23-24/035 | B65: 45030 | C65: MS ANGLE 100X100X7 MM | D65: KEC INTERNATIONAL LIMITED,(DUBAI) | E65: 8.035 | F65: MH31FC2215 | G65: 51/336, 52/337 | H65: LOI-1937 | I65: 44999
A66: VIL/DC/23-24/035 | B66: 45030 | C66: HT ANGLE 80X80X6 MM | D66: KEC INTERNATIONAL LIMITED,(DUBAI) | E66: =0.712+8.65 -> 9.362 | F66: MH31FC2215 | G66: 51/336, 52/337 | H66: LOI-1937 | I66: 44999
A67: VIL/DC/23-24/035 | B67: 45030 | C67: HT ANGLE 80X80X6 MM | D67: KEC INTERNATIONAL LIMITED,(DUBAI) | E67: 2.975 | F67: MH31FC2215 | G67: 51/336, 52/337 | H67: LOI-1937 | I67: 44999
A68: VIL/DC/23-24/035 | B68: 45030 | C68: HT ANGLE 150X150X12 MM | D68: KEC INTERNATIONAL LIMITED,(DUBAI) | E68: 4.23 | F68: MH31FC2215 | G68: 51/336, 52/337 | H68: LOI-1937 | I68: 44999
A69: VIL/DC/23-24/036 | B69: 45030 | C69: HT ANGLE 100X100X6 MM | D69: KEC INTERNATIONAL LIMITED,(BUTIBORI) | E69: 23.301 | F69: MH40Y3944 | G69: 53/338 | H69: LOI-12 | I69: 45023
A70: VIL/DC/23-24/037 | B70: 45030 | C70: HT ANGLE 130X130X10 MM | D70: KEC INTERNATIONAL LIMITED,(BUTIBORI) | E70: 1.426 | F70: MH40Y3944 | G70: 53/338 | H70: LOI-07 | I70: 45019
A71: VIL/DC/23-24/038 | B71: 45030 | C71: HT ANGLE 150X150X14 MM | D71: KEC INTERNATIONAL LIMITED,(BUTIBORI) | E71: 1.071 | F71: MH40Y4044 | G71: 54/339 | H71: LOI-07 | I71: 45019
A72: VIL/DC/23-24/039 | B72: 45030 | C72: HT ANGLE 110X110X8 MM | D72: KEC INTERNATIONAL LIMITED,(BUTIBORI) | E72: 23.616 | F72: MH40Y4044 | G72: 54/339 | H72: LOI-2021 | I72: 45019
A73: VIL/DC/23-24/040 | B73: 45030 | C73: HT ANGLE 110X110X8 MM | D73: KEC INTERNATIONAL LIMITED,(BUTIBORI) | E73: 1.986 | F73: MH40Y4044 | G73: 54/339 | H73: LOI-2022 | I73: 45019
E74: =SUM(E63:E73) -> 106.717
A75: VIL/DC/23-24/041 | B75: 45031 | C75: HT ANGLE 110X110X8 MM | D75: KEC INTERNATIONAL LIMITED,(BUTIBORI) | E75: 31.039 | F75: MH40Y3944 | G75: 55/337, 56/338, 57/339, 58/340 | H75: LOI-2021 | I75: 45019
A76: VIL/DC/23-24/042 | B76: 45031 | C76: HT ANGLE 110X110X9 MM | D76: KEC INTERNATIONAL LIMITED,(BUTIBORI) | E76: 6.372 | F76: MH46AF3590 | G76: 59/340 | H76: LOI-2021 | I76: 45019
A77: VIL/DC/23-24/042 | B77: 45031 | C77: HT ANGLE 110X110X7 MM | D77: KEC INTERNATIONAL LIMITED,(BUTIBORI) | E77: 5.592 | F77: MH46AF3590 | G77: 59/340 | H77: LOI-2021 | I77: 45019
A78: VIL/DC/23-24/043 | B78: 45031 | C78: HT ANGLE 100X100X6 MM | D78: KEC INTERNATIONAL LIMITED,(BUTIBORI) | E78: 20.339 | F78: MH46AF3590 | G78: 59/340, 60/341 | H78: LOI-12 | I78: 45023
E79: =SUM(E75:E78) -> 63.342
A80: VIL/DC/23-24/044 | B80: 45032 | C80: HT ANGLE 110X110X8 MM | D80: KEC INTERNATIONAL LIMITED,(BUTIBORI) | E80: 22.987 | F80: MH46AR4423 | G80: 61/341, 62/342 | H80: LOI-2021 | I80: 45019
A81: VIL/DC/23-24/044 | B81: 45032 | C81: HT ANGLE 75X75X6 MM | D81: KEC INTERNATIONAL LIMITED,(BUTIBORI) | E81: =4.157+1.081 -> 5.238 | F81: MH46AR4423 | G81: 61/341, 62/342 | H81: LOI-2021 | I81: 45019
A82: VIL/DC/23-24/045 | B82: 45032 | C82: HT ANGLE 75X75X6 MM | D82: KEC INTERNATIONAL LIMITED,(BUTIBORI) | E82: 2.077 | F82: MH46AR4423 | G82: 62/342 | H82: LOI-2022 | I82: 45019
A83: VIL/DC/23-24/045 | B83: 45032 | C83: HT ANGLE 75X75X5 MM | D83: KEC INTERNATIONAL LIMITED,(BUTIBORI) | E83: 2.2 | F83: MH46AR4423 | G83: 62/342 | H83: LOI-2022 | I83: 45019
A84: VIL/DC/23-24/046 | B84: 45032 | C84: HT ANGLE 130X130X12 MM | D84: KEC INTERNATIONAL LIMITED,(BUTIBORI) | E84: 32.287 | F84: MH40Y4044 | G84: 63/342, 64/343 | H84: LOI-12 | I84: 45023
E85: =SUM(E80:E84) -> 64.789
A86: VIL/DC/23-24/047 | B86: 45033 | C86: HT ANGLE 100X100X9 MM | D86: KEC INTERNATIONAL LIMITED,(DUBAI) | E86: 4.335 | F86: MH31FC2622 | G86: 65/343 | H86: LOI-1937 | I86: 44999
A87: VIL/DC/23-24/047 | B87: 45033 | C87: HT ANGLE 150X150X12 MM | D87: KEC INTERNATIONAL LIMITED,(DUBAI) | E87: 7.301 | F87: MH31FC2622 | G87: 65/343 | H87: LOI-1937 | I87: 44999
A88: VIL/DC/23-24/047 | B88: 45033 | C88: HT ANGLE 100X100X7 MM | D88: KEC INTERNATIONAL LIMITED,(DUBAI) | E88: 0.786 | F88: MH31FC2622 | G88: 65/343 | H88: LOI-1937 | I88: 44999
A89: VIL/DC/23-24/047 | B89: 45033 | C89: HT ANGLE 75X75X6 MM | D89: KEC INTERNATIONAL LIMITED,(DUBAI) | E89: 0.94 | F89: MH31FC2622 | G89: 65/343 | H89: LOI-1937 | I89: 44999
A90: VIL/DC/23-24/047 | B90: 45033 | C90: HT ANGLE 75X75X6 MM | D90: KEC INTERNATIONAL LIMITED,(DUBAI) | E90: 1.652 | F90: MH31FC2622 | G90: 65/343 | H90: LOI-1937 | I90: 44999
A91: VIL/DC/23-24/048 | B91: 45033 | C91: HT ANGLE 100X100X6 MM | D91: KEC INTERNATIONAL LIMITED,(BUTIBORI) | E91: 28.964 | F91: MH46AR4423 | G91: 66/344 | H91: LOI-12 | I91: 45023
A92: VIL/DC/23-24/049 | B92: 45033 | C92: HT ANGLE 90X90X7 MM | D92: KEC INTERNATIONAL LIMITED,(BUTIBORI) | E92: 1.641 | F92: MH46AR4423 | G92: 66/344 | H92: LOI-2021 | I92: 45019
A93: VIL/DC/23-24/050 | B93: 45033 | C93: HT ANGLE 90X90X6 MM | D93: KEC INTERNATIONAL LIMITED,(BUTIBORI) | E93: 1.438 | F93: MH46AR4423 | G93: 66/344 | H93: LOI-2022 | I93: 45019
A94: VIL/DC/23-24/051 | B94: 45033 | C94: HT ANGLE 130X130X12 MM | D94: KEC INTERNATIONAL LIMITED,(BUTIBORI) | E94: 21.391 | F94: MH40Y2044 | G94: 67/346 | H94: LOI-12 | I94: 45023
A95: VIL/DC/23-24/052 | B95: 45033 | C95: HT ANGLE 130X130X12 MM | D95: KEC INTERNATIONAL LIMITED,(BUTIBORI) | E95: 4.144 | F95: MH40Y2044 | G95: 67/346 | H95: LOI-13 | I95: 45023
A96: VIL/DC/23-24/053 | B96: 45033 | C96: HT ANGLE 90X90X5 MM | D96: KEC INTERNATIONAL LIMITED,(BUTIBORI) | E96: 0.753 | F96: MH40Y2044 | G96: 67/346 | H96: LOI-2021 | I96: 45019
A97: VIL/DC/23-24/053 | B97: 45033 | C97: HT ANGLE 90X90X7 MM | D97: KEC INTERNATIONAL LIMITED,(BUTIBORI) | E97: 0.838 | F97: MH40Y2044 | G97: 67/346 | H97: LOI-2021 | I97: 45019
... A99: VIL/DC/23-24/054 | B99: 45033 | C99: HT ANGLE 90X90X6 MM | D99: KEC INTERNATIONAL LIMITED,(BUTIBORI) | E99: 3.727 | F99: MH40Y2044 | G99: 67/346 | H99: LOI-2022 | I99: 45019
E100: =SUM(E86:E99) -> 78.684
A101: VIL/DC/23-24/055 | B101: 45034 | C101: HT ANGLE 110X110X7 MM | D101: KEC INTERNATIONAL LIMITED,(BUTIBORI) | E101: 18.831 | F101: MH46AR4423 | G101: 68/343,69/344,70/346,71/345 | H101: LOI-2021 | I101: 45019
...

Sheet KEC BB DISP. TRADING APRIL
A1: KEC BUTIBORI DISPATCHED DETAILS
A2: Invoice No. | B2: Invoice Dt | C2: Section | D2: PARTY NAME | E2: QTY(MT) | F2: VEHICLE No. | G2: PO. NO. | H2: PO DATE | I2: RATE
A3: BB/23-24/001 | B3: 45020 | C3: MS ANGLE 80 * 80 * 6 MM | D3: KEC INTERNATIONAL LIMITED,(DUBAI) | E3: 25.229 | F3: MH40CM3182 | G3: 7300030324 | H3: 44999 | I3: 72230
A4: BB/23-24/002 | B4: 45020 | C4: MS ANGLE 90 * 90 * 7 MM | D4: KEC INTERNATIONAL LIMITED,(DUBAI) | E4: 20.652 | F4: MH31FC2213 | G4: 7300030324 | H4: 44999 | I4: 72230
E5: =SUM(E3:E4) -> 45.881
A6: BB/23-24/003 | B6: 45022 | C6: MS ANGLE 90 * 90 * 7 MM | D6: KEC INTERNATIONAL LIMITED,(DUBAI) | E6: 24.858 | F6: MH31FC2566 | G6: 7300030324 | H6: 44999 | I6: 72230
E7: =SUM(E6) -> 24.858
A8: BB/23-24/004 | B8: 45024 | C8: MS ANGLE 80 * 80 * 6 MM | D8: KEC INTERNATIONAL LIMITED,(DUBAI) | E8: 24.51 | F8: MH31FC2338 | G8: 7300030324 | H8: 44999 | I8: 72230
E9: =SUM(E8) -> 24.51
A10: BB/23-24/005 | B10: 45025 | C10: MS ANGLE 100 * 100 * 8 MM | D10: KEC INTERNATIONAL LIMITED,(DUBAI) | E10: 1.316 | F10: MH31FC2620 | G10: 7300030324 | H10: 44999 | I10: 59920
A11: BB/23-24/005 | B11: 45025 | C11: MS ANGLE 80 * 80 * 6 MM | D11: KEC INTERNATIONAL LIMITED,(DUBAI) | E11: 4.184 | F11: MH31FC2620 | G11: 7300030324 | H11: 44999 | I11: 72230
A12: BB/23-24/006 | B12: 45025 | C12: MS ANGLE 80 * 80 * 6 MM | D12: KEC INTERNATIONAL LIMITED,(DUBAI) | E12: 6.245 | F12: MH40N5505 | G12: 7300030324 | H12: 44999 | I12: 72230
A13: BB/23-24/007 | B13: 45025 | C13: MS ANGLE 100 * 100 * 8 MM | D13: KEC INTERNATIONAL LIMITED,(DUBAI) | E13: 8.015 | F13: MH34AB1845 | G13: 7300030324 | H13: 44999 | I13: 59920
A14: BB/23-24/007 | B14: 45025 | C14: MS ANGLE 75 * 75 * 6 MM | D14: KEC INTERNATIONAL LIMITED,(DUBAI) | E14: 5.617 | F14: MH34AB1845 | G14: 7300030324 | H14: 44999 | I14: 59920
A15: BB/23-24/007 | B15: 45025 | C15: MS ANGLE 75 * 75 * 6 MM | D15: KEC INTERNATIONAL LIMITED,(DUBAI) | E15: 4.51 | F15: MH34AB1845 | G15: 7300030324 | H15: 44999 | I15: 59920
A16: BB/23-24/008 | B16: 45025 | C16: MS ANGLE 100 * 100 * 6 MM | D16: KEC INTERNATIONAL LIMITED,(DUBAI) | E16: 24.308 | F16: MH40AK0269 | G16: 7300030324 | H16: 44999 | I16: 59920
A17: BB/23-24/009 | B17: 45025 | C17: MS ANGLE 65 * 65 * 5 MM | D17: KEC INTERNATIONAL LIMITED,(BUTIBORI) | E17: 0.393 | F17: MH46AR8099 | G17: LOI-2028 | H17: 45020 | I17: 59670
A18: BB/23-24/009 | B18: 45025 | C18: MS ANGLE 90 * 90 * 5 MM | D18: KEC INTERNATIONAL LIMITED,(BUTIBORI) | E18: 0.212 | F18: MH46AR8099 | G18: LOI-2028 | H18: 45020 | I18: 59920
E19: =SUM(E10:E18) -> 54.8
A20: BB/23-24/010 | B20: 45026 | C20: MS ANGLE 75 * 75 * 6 MM | D20: KEC INTERNATIONAL LIMITED,(DUBAI) | E20: 4.623 | F20: MH31FC2622 | G20: 7300030324 | H20: 44999 | I20: 59920
A21: BB/23-24/010 | B21: 45026 | C21: MS ANGLE 75 * 75 * 6 MM | D21: KEC INTERNATIONAL LIMITED,(DUBAI) | E21: 4.994 | F21: MH31FC2622 | G21: 7300030324 | H21: 44999 | I21: 59920
E22: =SUM(E20:E21) -> 9.617
A23: BB/23-24/012 | B23: 45027 | C23: MS ANGLE 100 * 100 * 6 MM | D23: KEC INTERNATIONAL LIMITED,(DUBAI) | E23: 5.539 | F23: MH31FC5543 | G23: 7300030324 | H23: 44999 | I23: 59920
A24: BB/23-24/013 | B24: 45027 | C24: MS ANGLE 100 * 100 * 6 MM | D24: KEC INTERNATIONAL LIMITED,(DUBAI) | E24: 1.653 | F24: MH31FC2564 | G24: 7300030324 | H24: 44999 | I24: 59920
A25: BB/23-24/013 | B25: 45027 | C25: MS ANGLE 100 * 100 * 8 MM | D25: KEC INTERNATIONAL LIMITED,(DUBAI) | E25: 6.943 | F25: MH31FC2564 | G25: 7300030324 | H25: 44999 | I25: 59920
A26: BB/23-24/013 | B26: 45027 | C26: MS ANGLE 100 * 100 * 9 MM | D26: KEC INTERNATIONAL LIMITED,(DUBAI) | E26: 5.222 | F26: MH31FC2564 | G26: 7300030324 | H26: 44999 | I26: 59920
A27: BB/23-24/013 | B27: 45027 | C27: MS ANGLE 80 * 80 * 6 MM | D27: KEC INTERNATIONAL LIMITED,(DUBAI) | E27: 1.927 | F27: MH31FC2564 | G27: 7300030324 | H27: 44999 | I27: 72230
E28: =SUM(E23:E27) -> 21.284
A29: BB/23-24/014 | B29: 45029 | C29: MS ANGLE 80 * 80 * 6 MM | D29: KEC INTERNATIONAL LIMITED,(DUBAI) | E29: 2.995 | F29: MH31FC2568 | G29: 7300030324 | H29: 44999 | I29: 72230
A30: BB/23-24/016 | B30: 45029 | C30: MS ANGLE 90 * 90 * 6 MM | D30: KEC INTERNATIONAL LIMITED,(BUTIBORI) | E30: 1.941 | F30: MH46AF3590 | G30: LOI-2020 | H30: 45019 | I30: 59920
E31: =SUM(E29:E30) -> 4.936
A32: BB/23-24/018 | B32: 45030 | C32: MS ANGLE 110 * 110 * 8 MM | D32: KEC INTERNATIONAL LIMITED,(BUTIBORI) | E32: 0.314 | F32: MH46AR8099 | G32: LOI-2020 | H32: 45019 | I32: 54030
A33: BB/23-24/019 | B33: 45030 | C33: MS ANGLE 90 * 90 * 6 MM | D33: KEC INTERNATIONAL LIMITED,(BUTIBORI) | E33: 1.135 | F33: MH40Y3944 | G33: 7300030625 | H33: 45019 | I33: 59920
A34: BB/23-24/020 | B34: 45030 | C34: MS ANGLE 100 * 100 * 7 MM | D34: KEC INTERNATIONAL LIMITED,(BUTIBORI) | E34: 5.749 | F34: MH40Y3944 | G34: 7300030632 | H34: 45019 | I34: 59920
A35: BB/23-24/020 | B35: 45030 | C35: MS ANGLE 80 * 80 * 6 MM | D35: KEC INTERNATIONAL LIMITED,(BUTIBORI) | E35: 0.438 | F35: MH40Y3944 | G35: 7300030632 | H35: 45019 | I35: 59920
A36: BB/23-24/021 | B36: 45030 | C36: MS ANGLE 90 * 90 * 6 MM | D36: KEC INTERNATIONAL LIMITED,(BUTIBORI) | E36: 2.075 | F36: MH40Y4044 | G36: 7300030628 | H36: 45019 | I36: 59920
A37: BB/23-24/022 | B37: 45030 | C37: MS ANGLE 80 * 80 * 6 MM | D37: KEC INTERNATIONAL LIMITED,(BUTIBORI) | E37: 2.706 | F37: MH40Y4044 | G37: 7300030632 | H37: 45019 | I37: 59920
E38: =SUM(E32:E37) -> 12.417
A39: BB/23-24/023 | B39: 45031 | C39: MS ANGLE 100 * 100 * 6 MM | D39: KEC INTERNATIONAL LIMITED,(BUTIBORI) | E39: 0.854 | F39: MH40Y3944 | G39: 7300030632 | H39: 45019 | I39: 59920
A40: BB/23-24/023 | B40: 45031 | C40: MS ANGLE 100 * 100 * 6 MM | D40: KEC INTERNATIONAL LIMITED,(BUTIBORI) | E40: 0.189 | F40: MH40Y3944 | G40: 7300030632 | H40: 45019 | I40: 59920
E41: =SUM(E39:E40) -> 1.043
A42: BB/23-24/024 | B42: 45033 | C42: MS ANGLE 90 * 90 * 7 MM | D42: KEC INTERNATIONAL LIMITED,(DUBAI) | E42: 3.701 | F42: MH31FC2622 | G42: 7300030324 | H42: 44999 | I42: 72230
A43: BB/23-24/024 | B43: 45033 | C43: MS ANGLE 75 * 75 * 6 MM | D43: KEC INTERNATIONAL LIMITED,(DUBAI) | E43: 0.832 | F43: MH31FC2622 | G43: 7300030324 | H43: 44999 | I43: 59920
A44: BB/23-24/024 | B44: 45033 | C44: MS ANGLE 75 * 75 * 6 MM | D44: KEC INTERNATIONAL LIMITED,(DUBAI) | E44: 2.512 | F44: MH31FC2622 | G44: 7300030324 | H44: 44999 | I44: 59920
A45: BB/23-24/025 | B45: 45033 | C45: MS ANGLE 90 * 90 * 7 MM | D45: KEC INTERNATIONAL LIMITED,(BUTIBORI) | E45: 1.12 | F45: MH46AR4423 | G45: 7300030628 | H45: 45019 | I45: 59920
A46: BB/23-24/026 | B46: 45033 | C46: MS ANGLE 110 * 110 * 8 MM | D46: KEC INTERNATIONAL LIMITED,(BUTIBORI) | E46: 0.504 | F46: MH40Y2044 | G46: 7300030628 | H46: 45019 | I46: 54030
E47: =SUM(E42:E46) -> 8.669
A48: BB/23-24/027 | B48: 45034 | C48: MS ANGLE 100 * 100 * 6 MM | D48: KEC INTERNATIONAL LIMITED,(BUTIBORI) | E48: 0.37 | F48: MH40Y3944 | G48: 7300030632 | H48: 45019 | I48: 59920
E49: =SUM(E48) -> 0.37
A50: BB/23-24/029 | B50: 45037 | C50: MS ANGLE 80 * 80 * 6 MM | D50: KEC INTERNATIONAL LIMITED,(DUBAI) | E50: 2.736 | F50: MH31FC2392 | G50: 7300030324 | H50: 44999 | I50: 72230
A51: BB/23-24/029 | B51: 45037 | C51: MS ANGLE 75 * 75 * 6 MM | D51: KEC INTERNATIONAL LIMITED,(DUBAI) | E51: 0.544 | F51: MH31FC2392 | G51: 7300030324 | H51: 44999 | I51: 59920
A52: BB/23-24/029 | B52: 45037 | C52: MS ANGLE 100 * 100 * 6 MM | D52: KEC INTERNATIONAL LIMITED,(DUBAI) | E52: 4.385 | F52: MH31FC2392 | G52: 7300030324 | H52: 44999 | I52: 59920
A53: BB/23-24/029 | B53: 45037 | C53: MS ANGLE 75 * 75 * 6 MM | D53: KEC INTERNATIONAL LIMITED,(DUBAI) | E53: 0.657 | F53: MH31FC2392 | G53: 7300030324 | H53: 44999 | I53: 59920
E54: =SUM(E50:E53) -> 8.322
D59: April -23 Total Dispatched | E59: =SUM(E3:E58)/2 -> 216.707

Sheet KEC BB DISPATCHED MAY
A1: KEC BUTIBORI DISPATCHED DETAILS
A2: Invoice No. | B2: Invoice Dt | C2: Section | D2: PNAME | E2: QTY ISSUED | F2: VEHICLE No. | G2: Jobwork Challan No. | H2: Po. No | I2: PO ORDER DATE
A3: VIL/DC/23-24/116 | B3: 45045 | C3: HT ANGLE 120X120X9 MM | D3: KEC INTERNATIONAL LIMITED,(BUTIBORI) | E3: 2.097 | F3: MH46AF3590 | G3: 127/375, 128/376 | H3: LOI-12 | I3: 45023
A4: VIL/DC/23-24/116 | B4: 45045 | C4: HT ANGLE 120X120X7 MM | D4: KEC INTERNATIONAL LIMITED,(BUTIBORI) | E4: 6.084 | F4: MH46AF3590 | G4: 127/375, 128/376 | H4: LOI-12 | I4: 45023
A5: VIL/DC/23-24/116 | B5: 45045 | C5: HT ANGLE 80X80X6 MM | D5: KEC INTERNATIONAL LIMITED,(BUTIBORI) | E5: =14.313+3.58 -> 17.893 | F5: MH46AF3590 | G5: 127/375, 128/376 | H5: LOI-12 | I5: 45023
A6: VIL/DC/23-24/116 | B6: 45045 | C6: HT ANGLE 100X100X7 MM | D6: KEC INTERNATIONAL LIMITED,(BUTIBORI) | E6: 5.814 | F6: MH46AF3590 | G6: 127/375, 128/376 | H6: LOI-12 | I6: 45023
E7: =SUM(E3:E6) -> 31.888
A8: VIL/DC/23-24/117 | B8: 45046 | C8: HT ANGLE 120X120X7 MM | D8: KEC INTERNATIONAL LIMITED,(BUTIBORI) | E8: 4.4 | F8: MH40Y9844 | G8: 129/376, 130/377 | H8: LOI-12 | I8: 45023
A9: VIL/DC/23-24/117 | B9: 45046 | C9: HT ANGLE 130X130X9 MM | D9: KEC INTERNATIONAL LIMITED,(BUTIBORI) | E9: =17.468+8.893 -> 26.361 | F9: MH40Y9844 | G9: 129/376, 130/377 | H9: LOI-12 | I9: 45023
A10: VIL/DC/23-24/118 | B10: 45046 | C10: HT ANGLE 130X130X9 MM | D10: KEC INTERNATIONAL LIMITED,(BUTIBORI) | E10: 1.319 | F10: MH40Y9844 | G10: 130/377 | H10: LOI-13 | I10: 45023
A11: VIL/DC/23-24/119 | B11: 45046 | C11: HT ANGLE 80X80X6 MM | D11: KEC INTERNATIONAL LIMITED,(BUTIBORI) | E11: 10.577 | F11: MH40Y5844 | G11: 131/377, 132/ 378 | H11: LOI-12 | I11: 45023
A12: VIL/DC/23-24/119 | B12: 45046 | C12: HT ANGLE 80X80X5 MM | D12: KEC INTERNATIONAL LIMITED,(BUTIBORI) | E12: =7.216+3.757 -> 10.973 | F12: MH40Y5844 | G12: 131/377, 132/ 378 | H12: LOI-12 | I12: 45023
A13: VIL/DC/23-24/119 | B13: 45046 | C13: HT ANGLE 120X120X8 MM | D13: KEC INTERNATIONAL LIMITED,(BUTIBORI) | E13: 4.58 | F13: MH40Y5844 | G13: 131/377, 132/ 378 | H13: LOI-12 | I13: 45023
A14: VIL/DC/23-24/120 | B14: 45046 | C14: HT ANGLE 80X80X6 MM | D14: KEC INTERNATIONAL LIMITED,(BUTIBORI) | E14: 6.702 | F14: MH40Y5844 | G14: 132/ 378 | H14: LOI-13 | I14: 45023
E15: =SUM(E8:E14) -> 64.912
A16: VIL/DC/23-24/121 | B16: 45048 | C16: HT ANGLE 80X80X5 MM | D16: KEC INTERNATIONAL LIMITED,(BUTIBORI) | E16: 1.388 | F16: MH46AF3590 | G16: 133/378, 134/ 379 | H16: LOI-12 | I16: 45023
A17: VIL/DC/23-24/121 | B17: 45048 | C17: HT ANGLE 120X120X8 MM | D17: KEC INTERNATIONAL LIMITED,(BUTIBORI) | E17: =11.467+10.107 -> 21.574 | F17: MH46AF3590 | G17: 133/378, 134/ 379 | H17: LOI-12 | I17: 45023
A18: VIL/DC/23-24/122 | B18: 45048 | C18: HT ANGLE 120X120X8 MM | D18: KEC INTERNATIONAL LIMITED,(BUTIBORI) | E18: 8.267 | F18: MH46AF3590 | G18: 127/375, 128/376 | H18: LOI-13 | I18: 45023
E19: =SUM(E16:E18) -> 31.229
A20: VIL/DC/23-24/123 | B20: 45050 | C20: HT ANGLE 130X130X10 MM | D20: KEC INTERNATIONAL LIMITED,(BUTIBORI) | E20: =9.612+15.683 -> 25.295 | F20: MH40Y4944 | G20: 135/379, 136/380 | H20: LOI-12 | I20: 45023
A21: VIL/DC/23-24/124 | B21: 45050 | C21: HT ANGLE 130X130X10 MM | D21: KEC INTERNATIONAL LIMITED,(BUTIBORI) | E21: 7.892 | F21: MH40Y4944 | G21: 136/380 | H21: LOI-13 | I21: 45023
A22: VIL/DC/23-24/125 | B22: 45050 | C22: HT ANGLE 130X130X10 MM | D22: KEC INTERNATIONAL LIMITED,(BUTIBORI) | E22: 25.186 | F22: MH40Y4044 | G22: 137/380, 138/381 | H22: LOI-12 | I22: 45023
A23: VIL/DC/23-24/126 | B23: 45050 | C23: HT ANGLE 130X130X10 MM | D23: KEC INTERNATIONAL LIMITED,(BUTIBORI) | E23: 8.226 | F23: MH40Y4044 | G23: 138/381 | H23: LOI-13 | I23: 45023
E24: =SUM(E20:E23) -> 66.599
A25: VIL/DC/23-24/127 | B25: 45052 | C25: HT ANGLE 100X100X6 MM | D25: KEC INTERNATIONAL LIMITED,(BUTIBORI) | E25: 5.774 | F25: MH40Y2044 | G25: 139/381, 140/382 | H25: LOI-12 | I25: 45023
A26: VIL/DC/23-24/127 | B26: 45052 | C26: HT ANGLE 130X130X9 MM | D26: KEC INTERNATIONAL LIMITED,(BUTIBORI) | E26: 3.308 | F26: MH40Y2044 | G26: 139/381, 140/382 | H26: LOI-12 | I26: 45023
A27: VIL/DC/23-24/127 | B27: 45052 | C27: HT ANGLE 120X120X10 MM | D27: KEC INTERNATIONAL LIMITED,(BUTIBORI) | E27: 2.786 | F27: MH40Y2044 | G27: 139/381, 140/382 | H27: LOI-12 | I27: 45023
A28: VIL/DC/23-24/127 | B28: 45052 | C28: HT ANGLE 130X130X8 MM | D28: KEC INTERNATIONAL LIMITED,(BUTIBORI) | E28: 3.78 | F28: MH40Y2044 | G28: 139/381, 140/382 | H28: LOI-12 | I28: 45023
A29: VIL/DC/23-24/127 | B29: 45052 | C29: HT ANGLE 130X130X13 MM | D29: KEC INTERNATIONAL LIMITED,(BUTIBORI) | E29: 1.443 | F29: MH40Y2044 | G29: 139/381, 140/382 | H29: LOI-12 | I29: 45023
A30: VIL/DC/23-24/127 | B30: 45052 | C30: HT ANGLE 130X130X10 MM | D30: KEC INTERNATIONAL LIMITED,(BUTIBORI) | E30: 3.05 | F30: MH40Y2044 | G30: 139/381, 140/382 | H30: LOI-12 | I30: 45023
A31: VIL/DC/23-24/127 | B31: 45052 | C31: HT ANGLE 80X80X6 MM | D31: KEC INTERNATIONAL LIMITED,(BUTIBORI) | E31: 2.61 | F31: MH40Y2044 | G31: 139/381, 140/382 | H31: LOI-12 | I31: 45023
A32: VIL/DC/23-24/128 | B32: 45052 | C32: HT ANGLE 80X80X6 MM | D32: KEC INTERNATIONAL LIMITED,(BUTIBORI) | E32: 2.071 | F32: MH40Y2044 | G32: 140/382 | H32: LOI-13 | I32: 45023
A33: VIL/DC/23-24/129 | B33: 45052 | C33: HT ANGLE 100X100X6 MM | D33: KEC INTERNATIONAL LIMITED,(BUTIBORI) | E33: 0.873 | F33: MH40Y2044 | G33: 140/382 | H33: LOI-41 | I33: 45026
A34: VIL/DC/23-24/130 | B34: 45052 | C34: HT ANGLE 110X110X6 MM | D34: KEC INTERNATIONAL LIMITED,(BUTIBORI) | E34: 0.367 | F34: MH40Y2044 | G34: 140/382 | H34: LOI-2021 | I34: 45019
A35: VIL/DC/23-24/130 | B35: 45052 | C35: HT ANGLE 110X110X7 MM | D35: KEC INTERNATIONAL LIMITED,(BUTIBORI) | E35: 0.142 | F35: MH40Y2044 | G35: 140/382 | H35: LOI-2021 | I35: 45019
E36: =SUM(E25:E35) -> 26.204
A37: VIL/DC/23-24/131 | B37: 45058 | C37: HT ANGLE 150X150X12 MM | D37: KEC INTERNATIONAL LIMITED,(DUBAI) | E37: 3.145 | F37: MH40CM5134 | G37: 141/382 | H37: LOI-123 | I37: 45043
A38: VIL/DC/23-24/132 | B38: 45058 | C38: HT ANGLE 150X150X12 MM | D38: KEC INTERNATIONAL LIMITED,(DUBAI) | E38: =7.008+14.668 -> 21.676 | F38: MH40CM5134 | G38: 141/382, 142/383 | H38: LOI-124 | I38: 45043
E39: =SUM(E37:E38) -> 24.821
A40: VIL/DC/23-24/133 | B40: 45059 | C40: HT ANGLE 150X150X18 MM | D40: KEC INTERNATIONAL LIMITED,(DUBAI) | E40: 24.687 | F40: MH31FC2215 | G40: 143/383 , 144/384 | H40: LOI-123 | I40: 45043
E41: =SUM(E40) -> 24.687
A42: VIL/DC/23-24/134 | B42: 45059 | C42: HT ANGLE 150X150X10 MM | D42: KEC INTERNATIONAL LIMITED,(DUBAI) | E42: =0.321+5.682 -> 6.003 | F42: MH31FC2567 | G42: 145/384, 146/ 1 | H42: LOI-123 | I42: 45043
A43: VIL/DC/23-24/134 | B43: 45059 | C43: HT ANGLE 150X150X14 MM | D43: KEC INTERNATIONAL LIMITED,(DUBAI) | E43: 5.132 | F43: MH31FC2567 | G43: 145/384, 146/ 1 | H43: LOI-123 | I43: 45043
A44: VIL/DC/23-24/135 | B44: 45059 | C44: HT ANGLE 150X150X10 MM | D44: KEC INTERNATIONAL LIMITED,(DUBAI) | E44: 2.463 | F44: MH31FC2567 | G44: 146/ 1 | H44: LOI-124 | I44: 45043
A45: VIL/DC/23-24/135 | B45: 45059 | C45: HT ANGLE 150X150X10 MM | D45: KEC INTERNATIONAL LIMITED,(DUBAI) | E45: 10.757 | F45: MH31FC2567 | G45: 146/ 1 | H45: LOI-124 | I45: 45043
E46: =SUM(E42:E45) -> 24.355
A47: VIL/DC/23-24/136 | B47: 45060 | C47: HT ANGLE 150X150X12 MM | D47: KEC INTERNATIONAL LIMITED,(DUBAI) | E47: =13.189+2.76 -> 15.949 | F47: MH40CM3181 | G47: 147/ 1, 148/2 | H47: LOI-123 | I47: 45043
A48: VIL/DC/23-24/137 | B48: 45060 | C48: HT ANGLE 150X150X12 MM | D48: KEC INTERNATIONAL LIMITED,(DUBAI) | E48: 1.548 | F48: MH40CM3181 | G48: 148/2 | H48: LOI-124 | I48: 45043
A49: VIL/DC/23-24/137 | B49: 45060 | C49: HT ANGLE 150X150X12 MM | D49: KEC INTERNATIONAL LIMITED,(DUBAI) | E49: 7.618 | F49: MH40CM3181 | G49: 148/2 | H49: LOI-124 | I49: 45043
A50: VIL/DC/23-24/138 | B50: 45060 | C50: HT ANGLE 150X150X14 MM | D50: KEC INTERNATIONAL LIMITED,(DUBAI) | E50: 8.159 | F50: MH40CM5134 | G50: 149/2 , 150/3 | H50: LOI-123 | I50: 45043
A51: VIL/DC/23-24/138 | B51: 45060 | C51: HT ANGLE 150X150X16 MM | D51: KEC INTERNATIONAL LIMITED,(DUBAI) | E51: 3.81 | F51: MH40CM5134 | G51: 149/2 , 150/3 | H51: LOI-123 | I51: 45043
A52: VIL/DC/23-24/138 | B52: 45060 | C52: HT ANGLE 150X150X10 MM | D52: KEC INTERNATIONAL LIMITED,(DUBAI) | E52: =1.497+4.501 -> 5.998 | F52: MH40CM5134 | G52: 149/2 , 150/3 | H52: LOI-123 | I52: 45043
A53: VIL/DC/23-24/138 | B53: 45060 | C53: HT ANGLE 150X150X15 MM | D53: KEC INTERNATIONAL LIMITED,(DUBAI) | E53: 4.827 | F53: MH40CM5134 | G53: 149/2 , 150/3 | H53: LOI-123 | I53: 45043
A54: VIL/DC/23-24/139 | B54: 45060 | C54: HT ANGLE 150X150X10 MM | D54: KEC INTERNATIONAL LIMITED,(DUBAI) | E54: 1.095 | F54: MH40CM5134 | G54: 150/3 | H54: LOI-124 | I54: 45043
A55: VIL/DC/23-24/139 | B55: 45060 | C55: HT ANGLE 150X150X10 MM | D55: KEC INTERNATIONAL LIMITED,(DUBAI) | E55: 0.966 | F55: MH40CM5134 | G55: 150/3 | H55: LOI-124 | I55: 45043
E56: =SUM(E47:E55) -> 49.97
A57: VIL/DC/23-24/140 | B57: 45061 | C57: HT ANGLE 150X150X12 MM | D57: KEC INTERNATIONAL LIMITED,(DUBAI) | E57: 5.241 | F57: MH31FC2622 | G57: 151/3, 152/4 | H57: LOI-123 | I57: 45043
A58: VIL/DC/23-24/140 | B58: 45061 | C58: HT ANGLE 150X150X15 MM | D58: KEC INTERNATIONAL LIMITED,(DUBAI) | E58: 2.718 | F58: MH31FC2622 | G58: 151/3, 152/4 | H58: LOI-123 | I58: 45043
A59: VIL/DC/23-24/140 | B59: 45061 | C59: HT ANGLE 150X150X18 MM | D59: KEC INTERNATIONAL LIMITED,(DUBAI) | E59: 14.264 | F59: MH31FC2622 | G59: 151/3, 152/4 | H59: LOI-123 | I59: 45043
A60: VIL/DC/23-24/141 | B60: 45061 | C60: HT ANGLE 150X150X12 MM | D60: KEC INTERNATIONAL LIMITED,(DUBAI) | E60: 2.392 | F60: MH31FC2622 | G60: 152/4 | H60: LOI-124 | I60: 45043
A61: VIL/DC/23-24/142 | B61: 45061 | C61: HT ANGLE 150X150X16 MM | D61: KEC INTERNATIONAL LIMITED,(DUBAI) | E61: 3.806 | F61: MH40CM3184 | G61: 153/4, 154/5 | H61: LOI-123 | I61: 45043
A62: VIL/DC/23-24/142 | B62: 45061 | C62: HT ANGLE 150X150X18 MM | D62: KEC INTERNATIONAL LIMITED,(DUBAI) | E62: 8.979 | F62: MH40CM3184 | G62: 153/4, 154/5 | H62: LOI-123 | I62: 45043
A63: VIL/DC/23-24/142 | B63: 45061 | C63: HT ANGLE 150X150X20 MM | D63: KEC INTERNATIONAL LIMITED,(DUBAI) | E63: =5.73+3.637 -> 9.367 | F63: MH40CM3184 | G63: 153/4, 154/5 | H63: LOI-123 | I63: 45043
A64: VIL/DC/23-24/142 | B64: 45061 | C64: HT ANGLE 150X150X12 MM | D64: KEC INTERNATIONAL LIMITED,(DUBAI) | E64: 1.802 | F64: MH40CM3184 | G64: 153/4, 154/5 | H64: LOI-123 | I64: 45043
A65: VIL/DC/23-24/143 | B65: 45061 | C65: HT ANGLE 150X150X12 MM | D65: KEC INTERNATIONAL LIMITED,(DUBAI) | E65: 0.901 | F65: MH40CM3184 | G65: 154/5 | H65: LOI-124 | I65: 45043
E66: =SUM(E57:E65) -> 49.47
A67: VIL/DC/23-24/144 | B67: 45062 | C67: HT ANGLE 150X150X18 MM | D67: KEC INTERNATIONAL LIMITED,(BUTIBORI) | E67: 1.068 | F67: MH40BG1844 | G67: 155/5 | H67: LOI-180 | I67: 45059
A68: VIL/DC/23-24/144 | B68: 45062 | C68: HT ANGLE 150X150X17 MM | D68: KEC INTERNATIONAL LIMITED,(BUTIBORI) | E68: 0.361 | F68: MH40BG1844 | G68: 155/5 | H68: LOI-180 | I68: 45059
A69: VIL/DC/23-24/144 | B69: 45062 | C69: HT ANGLE 110X110X8 MM | D69: KEC INTERNATIONAL LIMITED,(BUTIBORI) | E69: 0.533 | F69: MH40BG1844 | G69: 155/5 | H69: LOI-180 | I69: 45059
A70: VIL/DC/23-24/144 | B70: 45062 | C70: HT ANGLE 80X80X6 MM | D70: KEC INTERNATIONAL LIMITED,(BUTIBORI) | E70: 0.353 | F70: MH40BG1844 | G70: 155/5 | H70: LOI-180 | I70: 45059
A71: VIL/DC/23-24/144 | B71: 45062 | C71: HT ANGLE 110X110X7 MM | D71: KEC INTERNATIONAL LIMITED,(BUTIBORI) | E71: 1.502 | F71: MH40BG1844 | G71: 155/5 | H71: LOI-180 | I71: 45059
E72: =SUM(E67:E71) -> 3.817
A73: VIL/DC/23-24/145 | B73: 45070 | C73: HT ANGLE 150X150X16 MM | D73: KEC INTERNATIONAL LIMITED,(DUBAI) | E73: 1.199 | F73: MH40CM3182 | G73: 156/ 6 | H73: LOI-123 | I73: 45043
A74: VIL/DC/23-24/145 | B74: 45070 | C74: HT ANGLE 150X150X18 MM | D74: KEC INTERNATIONAL LIMITED,(DUBAI) | E74: 2.518 | F74: MH40CM3182 | G74: 156/ 6 | H74: LOI-123 | I74: 45043
A75: VIL/DC/23-24/145 | B75: 45070 | C75: HT ANGLE 150X150X18 MM | D75: KEC INTERNATIONAL LIMITED,(DUBAI) | E75: 1.143 | F75: MH40CM3182 | G75: 156/ 6 | H75: LOI-123 | I75: 45043
A76: VIL/DC/23-24/145 | B76: 45070 | C76: HT ANGLE 150X150X15 MM | D76: KEC INTERNATIONAL LIMITED,(DUBAI) | E76: 3.015 | F76: MH40CM3182 | G76: 156/ 6 | H76: LOI-123 | I76: 45043
A77: VIL/DC/23-24/145 | B77: 45070 | C77: HT ANGLE 150X150X12 MM | D77: KEC INTERNATIONAL LIMITED,(DUBAI) | E77: 0.393 | F77: MH40CM3182 | G77: 156/ 6 | H77: LOI-123 | I77: 45043
A78: VIL/DC/23-24/145 | B78: 45070 | C78: HT ANGLE 130X130X10 MM | D78: KEC INTERNATIONAL LIMITED,(DUBAI) | E78: 3.501 | F78: MH40CM3182 | G78: 156/ 6 | H78: LOI-123 | I78: 45043
A79: VIL/DC/23-24/146 | B79: 45070 | C79: HT ANGLE 150X150X12 MM | D79: KEC INTERNATIONAL LIMITED,(DUBAI) | E79: 1.469 | F79: MH40CM3182 | G79: 156/ 6 | H79: LOI-124 | I79: 45043
A80: VIL/DC/23-24/146 | B80: 45070 | C80: HT ANGLE 150X150X12 MM | D80: KEC INTERNATIONAL LIMITED,(DUBAI) | E80: 1.106 | F80: MH40CM3182 | G80: 156/ 6 | H80: LOI-124 | I80: 45043
A81: VIL/DC/23-24/146 | B81: 45070 | C81: HT ANGLE 150X150X10 MM | D81: KEC INTERNATIONAL LIMITED,(DUBAI) | E81: 2.04 | F81: MH40CM3182 | G81: 156/ 6 | H81: LOI-124 | I81: 45043
A82: VIL/DC/23-24/146 | B82: 45070 | C82: HT ANGLE 130X130X10 MM | D82: KEC INTERNATIONAL LIMITED,(DUBAI) | E82: 4.514 | F82: MH40CM3182 | G82: 156/ 6 | H82: LOI-124 | I82: 45043
A83: VIL/DC/23-24/146 | B83: 45070 | C83: HT ANGLE 100X100X9 MM | D83: KEC INTERNATIONAL LIMITED,(DUBAI) | E83: 0.424 | F83: MH40CM3182 | G83: 156/ 6 | H83: LOI-124 | I83: 45043
A84: VIL/DC/23-24/147 | B84: 45070 | C84: MS ANGLE 130X130X10 MM | D84: KEC INTERNATIONAL LIMITED,(DUBAI) | E84: 3.175 | F84: MH40CM3182 | G84: 156/ 6 | H84: LOI-173 | I84: 45056
E85: =SUM(E73:E84) -> 24.497
A86: VIL/DC/23-24/148 | B86: 45071 | C86: HT ANGLE 100X100X8 MM | D86: KEC INTERNATIONAL LIMITED,(BUTIBORI) | E86: 13.279 | F86: MH46AF3590 | G86: 157/ 5 | H86: LOI-122 | I86: 45043
A87: VIL/DC/23-24/149 | B87: 45071 | C87: HT ANGLE 100X100X8 MM | D87: KEC INTERNATIONAL LIMITED,(BUTIBORI) | E87: =5.875+14.253+0.472 -> 20.6 | F87: MH46AF3590 | G87: 157/5, 158/6, 159/7 | H87: LOI-138 | I87: 45053
A88: VIL/DC/23-24/150 | B88: 45071 | C88: HT ANGLE 100X100X8 MM | D88: KEC INTERNATIONAL LIMITED,(BUTIBORI) | E88: 7.735 | F88: MH40Y3944 | G88: 160/7 | H88: LOI-122 | I88: 45043
A89: VIL/DC/23-24/150 | B89: 45071 | C89: HT ANGLE 100X100X7 MM | D89: KEC INTERNATIONAL LIMITED,(BUTIBORI) | E89: 9.038 | F89: MH40Y3944 | G89: 160/7 | H89: LOI-122 | I89: 45043
A90: VIL/DC/23-24/151 | B90: 45071 | C90: HT ANGLE 100X100X8 MM | D90: KEC INTERNATIONAL LIMITED,(BUTIBORI) | E90: =8.11+7.673 -> 15.783 | F90: MH40Y3944 | G90: 160/7, 161/8 | H90: LOI-138 | I90: 45053
E91: =SUM(E86:E90) -> 66.435
A92: VIL/DC/23-24/152 | B92: 45072 | C92: HT ANGLE 100X100X6 MM | D92: KEC INTERNATIONAL LIMITED,(BUTIBORI) | E92: 13.336 | F92: MH46AF3590 | G92: 162/ 8, 163/9 | H92: LOI-122 | I92: 45043
A93: VIL/DC/23-24/152 | B93: 45072 | C93: HT ANGLE 100X100X7 MM | D93: KEC INTERNATIONAL LIMITED,(BUTIBORI) | E93: =4.42+4.222 -> 8.642 | F93: MH46AF3590 | G93: 162/ 8, 163/9 | H93: LOI-122 | I93: 45043
A94: VIL/DC/23-24/153 | B94: 45072 | C94: HT ANGLE 100X100X6 MM | D94: KEC INTERNATIONAL LIMITED,(BUTIBORI) | E94: 11.588 | F94: MH46AF3590 | G94: 163/9 | H94: LOI-138 | I94: 45053
A95: VIL/DC/23-24/154 | B95: 45072 | C95: HT ANGLE 130X130X10 MM | D95: KEC INTERNATIONAL LIMITED,(BUTIBORI) | E95: 4.824 | F95: MH40Y3944 | G95: 164/ 9, 165/10 | H95: LOI-122 | I95: 45043
A96: VIL/DC/23-24/154 | B96: 45072 | C96: HT ANGLE 100X100X8 MM | D96: KEC INTERNATIONAL LIMITED,(BUTIBORI) | E96: 4.407 | F96: MH40Y3944 | G96: 164/ 9, 165/10 | H96: LOI-122 | I96: 45043
A97: VIL/DC/23-24/154 | B97: 45072 | C97: HT ANGLE 100X100X7 MM | D97: KEC INTERNATIONAL LIMITED,(BUTIBORI) | E97: =4.27+6.274 -> 10.544 | F97: MH40Y3944 | G97: 164/ 9, 165/10 | H97: LOI-122 | I97: 45043
A98: VIL/DC/23-24/154 | B98: 45072 | C98: HT ANGLE 130X130X12 MM | D98: KEC INTERNATIONAL LIMITED,(BUTIBORI) | E98: 2.589 | F98: MH40Y3944 | G98: 164/ 9, 165/10 | H98: LOI-122 | I98: 45043
A99: VIL/DC/23-24/155 | B99: 45072 | C99: HT ANGLE 130X130X10 MM | D99: KEC INTERNATIONAL LIMITED,(BUTIBORI) | E99: 7.833 | F99: MH40Y3944 | G99: 165/10 | H99: LOI-138 | I99: 45053
A100: VIL/DC/23-24/155 | B100: 45072 | C100: HT ANGLE 130X130X12 MM | D100: KEC INTERNATIONAL LIMITED,(BUTIBORI) | E100: 3.413 | F100: MH40Y3944 | G100: 165/10 | H100: LOI-138 | I100: 45053
...

Sheet KEC BB DISPATCHED JUN
A1: Invoice No. | B1: Invoice Dt | C1: Section | D1: PNAME | E1: QTY ISSUED | F1: VEHICLE No. | G1: Jobwork Challan No. | H1: Po. No | I1: PO ORDER DATE
A2: VIL/DC/23-24/171 | B2: 45076 | C2: HT ANGLE 110X110X8 MM | D2: KEC INTERNATIONAL LIMITED,(BUTIBORI) | E2: 2.771 | F2: MH40Y2044 | G2: 178/16, 179/17 | H2: LOI-215 | I2: 45071
A3: VIL/DC/23-24/171 | B3: 45076 | C3: HT ANGLE 75X75X6 MM | D3: KEC INTERNATIONAL LIMITED,(BUTIBORI) | E3: =0.217+1.44 -> 1.657 | F3: MH40Y2044 | G3: 178/16, 179/17 | H3: LOI-215 | I3: 45071
A4: VIL/DC/23-24/172 | B4: 45076 | C4: HT ANGLE 75X75X6 MM | D4: KEC INTERNATIONAL LIMITED,(BUTIBORI) | E4: 2.717 | F4: MH40Y2044 | G4: 179/17 | H4: LOI-218 | I4: 45071
A5: VIL/DC/23-24/173 | B5: 45076 | C5: MS ANGLE 90X90X7 MM | D5: KEC INTERNATIONAL LIMITED,(BUTIBORI) | E5: 2.787 | F5: MH40Y2044 | G5: 179/17 | H5: LOI-214 | I5: 45071
A6: VIL/DC/23-24/174 | B6: 45076 | C6: HT ANGLE 110X110X10 MM | D6: KEC INTERNATIONAL LIMITED,(BUTIBORI) | E6: 2.191 | F6: MH40Y2044 | G6: 179/17 | H6: LOI-122 | I6: 45043
A7: VIL/DC/23-24/174 | B7: 45076 | C7: HT ANGLE 110X110X8 MM | D7: KEC INTERNATIONAL LIMITED,(BUTIBORI) | E7: 3.126 | F7: MH40Y2044 | G7: 179/17 | H7: LOI-122 | I7: 45043
A8: VIL/DC/23-24/174 | B8: 45076 | C8: HT ANGLE 100X100X7 MM | D8: KEC INTERNATIONAL LIMITED,(BUTIBORI) | E8: 1.798 | F8: MH40Y2044 | G8: 179/17 | H8: LOI-122 | I8: 45043
A9: VIL/DC/23-24/174 | B9: 45076 | C9: HT ANGLE 90X90X7 MM | D9: KEC INTERNATIONAL LIMITED,(BUTIBORI) | E9: 3.338 | F9: MH40Y2044 | G9: 179/17 | H9: LOI-122 | I9: 45043
A10: VIL/DC/23-24/175 | B10: 45076 | C10: HT ANGLE 110X110X7 MM | D10: KEC INTERNATIONAL LIMITED,(BUTIBORI) | E10: 3.575 | F10: MH40Y2044 | G10: 179/17, 180/18 | H10: LOI-138 | I10: 45053
A11: VIL/DC/23-24/175 | B11: 45076 | C11: HT ANGLE 110X110X10 MM | D11: KEC INTERNATIONAL LIMITED,(BUTIBORI) | E11: =2.375+0.547 -> 2.922 | F11: MH40Y2044 | G11: 179/17, 180/18 | H11: LOI-138 | I11: 45053
A12: VIL/DC/23-24/175 | B12: 45076 | C12: HT ANGLE 110X110X8 MM | D12: KEC INTERNATIONAL LIMITED,(BUTIBORI) | E12: 3.98 | F12: MH40Y2044 | G12: 179/17, 180/18 | H12: LOI-138 | I12: 45053
A13: VIL/DC/23-24/175 | B13: 45076 | C13: HT ANGLE 100X100X7 MM | D13: KEC INTERNATIONAL LIMITED,(BUTIBORI) | E13: 1.216 | F13: MH40Y2044 | G13: 179/17, 180/18 | H13: LOI-138 | I13: 45053
E14: =SUM(E2:E13) -> 32.078
A15: VIL/DC/23-24/179 | B15: 45078 | C15: HT ANGLE 130X130X10 MM | D15: KEC INTERNATIONAL LIMITED,(DUBAI) | E15: 17.399 | F15: MH31FC2568 | G15: 182/20 | H15: LOI-124 | I15: 45043
A16: VIL/DC/23-24/180 | B16: 45078 | C16: HT ANGLE 130X130X10 MM | D16: KEC INTERNATIONAL LIMITED,(DUBAI) | E16: 7.231 | F16: MH31FC2568 | G16: 182/20 | H16: LOI-174 | I16: 45056
A17: VIL/DC/23-24/181 | B17: 45078 | C17: HT ANGLE 100X100X7 MM | D17: KEC INTERNATIONAL LIMITED,(DUBAI) | E17: 12.082 | F17: MH31FC2629 | G17: 183/21 | H17: LOI-123 | I17: 45043
A18: VIL/DC/23-24/181 | B18: 45078 | C18: HT ANGLE 75X75X6 MM | D18: KEC INTERNATIONAL LIMITED,(DUBAI) | E18: 9.614 | F18: MH31FC2629 | G18: 183/21 | H18: LOI-123 | I18: 45043
A19: VIL/DC/23-24/181 | B19: 45078 | C19: HT ANGLE 75X75X5 MM | D19: KEC INTERNATIONAL LIMITED,(DUBAI) | E19: 2.028 | F19: MH31FC2629 | G19: 183/21 | H19: LOI-123 | I19: 45043
A20: VIL/DC/23-24/181 | B20: 45078 | C20: HT ANGLE 75X75X6 MM | D20: KEC INTERNATIONAL LIMITED,(DUBAI) | E20: 0.863 | F20: MH31FC2629 | G20: 183/21 | H20: LOI-123 | I20: 45043
A21: VIL/DC/23-24/182 | B21: 45078 | C21: HT ANGLE 75X75X5 MM | D21: KEC INTERNATIONAL LIMITED,(BUTIBORI) | E21: 3.457 | F21: MH40Y2044 | G21: 184/18 | H21: LOI-215 | I21: 45071
A22: VIL/DC/23-24/183 | B22: 45078 | C22: HT ANGLE 75X75X5 MM | D22: KEC INTERNATIONAL LIMITED,(BUTIBORI) | E22: 3.6 | F22: MH40Y2044 | G22: 184/18 | H22: LOI-218 | I22: 45071
A23: VIL/DC/23-24/184 | B23: 45078 | C23: HT ANGLE 75X75X5 MM | D23: KEC INTERNATIONAL LIMITED,(BUTIBORI) | E23: =0.819+4.732+0.78+4.614+0.995 -> 11.94 | F23: MH40Y2044 | G23: 184/18, 185/19, 186/20, 187/21, 188/22 | H23: LOI-122 | I23: 45043
A24: VIL/DC/23-24/185 | B24: 45078 | C24: HT ANGLE 120X120X12 MM | D24: KEC INTERNATIONAL LIMITED,(BUTIBORI) | E24: 4.406 | F24: MH40Y2044 | G24: 188/22 | H24: LOI-216 | I24: 45071
A25: VIL/DC/23-24/186 | B25: 45078 | C25: HT ANGLE 75X75X5 MM | D25: KEC INTERNATIONAL LIMITED,(BUTIBORI) | E25: 2.615 | F25: MH40Y2044 | G25: 188/22 | H25: LOI-138 | I25: 45053
A26: VIL/DC/23-24/186 | B26: 45078 | C26: HT ANGLE 100X100X8 MM | D26: KEC INTERNATIONAL LIMITED,(BUTIBORI) | E26: 3.97 | F26: MH40Y2044 | G26: 188/22 | H26: LOI-138 | I26: 45053
A27: VIL/DC/23-24/186 | B27: 45078 | C27: HT ANGLE 100X100X7 MM | D27: KEC INTERNATIONAL LIMITED,(BUTIBORI) | E27: 1.738 | F27: MH40Y2044 | G27: 188/22 | H27: LOI-138 | I27: 45053
A28: VIL/DC/23-24/187 | B28: 45078 | C28: HT ANGLE 90X90X7 MM | D28: KEC INTERNATIONAL LIMITED,(BUTIBORI) | E28: 0.699 | F28: MH40Y2044 | G28: 188/22 | H28: LOI-214 | I28: 45071
A29: VIL/DC/23-24/188 | B29: 45078 | C29: HT ANGLE 120X120X12 MM | D29: KEC INTERNATIONAL LIMITED,(BUTIBORI) | E29: 7.258 | F29: MH40Y4944 | G29: 189/22 | H29: LOI-216 | I29: 45071
A30: VIL/DC/23-24/189 | B30: 45078 | C30: HT ANGLE 120X120X9 MM | D30: KEC INTERNATIONAL LIMITED,(BUTIBORI) | E30: =7.501+13.394 -> 20.895 | F30: MH40Y4944 | G30: 189/22, 190/23 | H30: LOI-138 | I30: 45053
A31: VIL/DC/23-24/190 | B31: 45078 | C31: HT ANGLE 100X100X12 MM | D31: KEC INTERNATIONAL LIMITED,(BUTIBORI) | E31: 3.944 | F31: MH40Y4944 | G31: 190/23 | H31: LOI-122 | I31: 45043
E32: =SUM(E15:E31) -> 113.739
A33: VIL/DC/23-24/191 | B33: 45079 | C33: HT ANGLE 130X130X10 MM | D33: KEC INTERNATIONAL LIMITED,(DUBAI) | E33: 2.709 | F33: MH31FC2567 | G33: 191/23 | H33: LOI-124 | I33: 45043
A34: VIL/DC/23-24/191 | B34: 45079 | C34: HT ANGLE 130X130X10 MM | D34: KEC INTERNATIONAL LIMITED,(DUBAI) | E34: 8.57 | F34: MH31FC2567 | G34: 191/23 | H34: LOI-124 | I34: 45043
A35: VIL/DC/23-24/192 | B35: 45079 | C35: HT ANGLE 130X130X10 MM | D35: KEC INTERNATIONAL LIMITED,(DUBAI) | E35: 0.164 | F35: MH31FC2567 | G35: 191/23 , 192/24 | H35: LOI-123 | I35: 45043
A36: VIL/DC/23-24/192 | B36: 45079 | C36: HT ANGLE 130X130X10 MM | D36: KEC INTERNATIONAL LIMITED,(DUBAI) | E36: =0.53+7.761 -> 8.291 | F36: MH31FC2567 | G36: 191/23 , 192/24 | H36: LOI-123 | I36: 45043
A37: VIL/DC/23-24/192 | B37: 45079 | C37: HT ANGLE 130X130X10 MM | D37: KEC INTERNATIONAL LIMITED,(DUBAI) | E37: 3.873 | F37: MH31FC2567 | G37: 191/23 , 192/24 | H37: LOI-123 | I37: 45043
A38: VIL/DC/23-24/193 | B38: 45079 | C38: HT ANGLE 130X130X10 MM | D38: KEC INTERNATIONAL LIMITED,(DUBAI) | E38: 1.671 | F38: MH31FC2567 | G38: 192/24 | H38: LOI-125 | I38: 45043
E39: =SUM(E33:E38) -> 25.278
A40: VIL/DC/23-24/194 | B40: 45080 | C40: HT ANGLE 120X120X9 MM | D40: KEC INTERNATIONAL LIMITED,(BUTIBORI) | E40: 4.838 | F40: MH40Y2044 | G40: 193/25 | H40: LOI-138 | I40: 45053
A41: VIL/DC/23-24/194 | B41: 45080 | C41: HT ANGLE 110X110X10 MM | D41: KEC INTERNATIONAL LIMITED,(BUTIBORI) | E41: 0.886 | F41: MH40Y2044 | G41: 193/25 | H41: LOI-138 | I41: 45053
A42: VIL/DC/23-24/194 | B42: 45080 | C42: HT ANGLE 110X110X7 MM | D42: KEC INTERNATIONAL LIMITED,(BUTIBORI) | E42: 2.845 | F42: MH40Y2044 | G42: 193/25 | H42: LOI-138 | I42: 45053
A43: VIL/DC/23-24/195 | B43: 45080 | C43: HT ANGLE 100X100X7 MM | D43: KEC INTERNATIONAL LIMITED,(BUTIBORI) | E43: 3.108 | F43: MH40Y2044 | G43: 193/25 | H43: LOI-122 | I43: 45043
A44: VIL/DC/23-24/195 | B44: 45080 | C44: HT ANGLE 100X100X8 MM | D44: KEC INTERNATIONAL LIMITED,(BUTIBORI) | E44: 1.877 | F44: MH40Y2044 | G44: 193/25 | H44: LOI-122 | I44: 45043
A45: VIL/DC/23-24/195 | B45: 45080 | C45: HT ANGLE 110X110X10 MM | D45: KEC INTERNATIONAL LIMITED,(BUTIBORI) | E45: 1.145 | F45: MH40Y2044 | G45: 193/25 | H45: LOI-122 | I45: 45043
A46: VIL/DC/23-24/195 | B46: 45080 | C46: HT ANGLE 110X110X8 MM | D46: KEC INTERNATIONAL LIMITED,(BUTIBORI) | E46: 2.284 | F46: MH40Y2044 | G46: 193/25 | H46: LOI-122 | I46: 45043
A47: VIL/DC/23-24/195 | B47: 45080 | C47: HT ANGLE 100X100X10 MM | D47: KEC INTERNATIONAL LIMITED,(BUTIBORI) | E47: 7.48 | F47: MH40Y2044 | G47: 193/25 | H47: LOI-122 | I47: 45043
A48: VIL/DC/23-24/195 | B48: 45080 | C48: HT ANGLE 100X100X12 MM | D48: KEC INTERNATIONAL LIMITED,(BUTIBORI) | E48: 0.429 | F48: MH40Y2044 | G48: 193/25 | H48: LOI-122 | I48: 45043
A49: VIL/DC/23-24/195 | B49: 45080 | C49: HT ANGLE 100X100X6 MM | D49: KEC INTERNATIONAL LIMITED,(BUTIBORI) | E49: 1.474 | F49: MH40Y2044 | G49: 193/25 | H49: LOI-122 | I49: 45043
A50: VIL/DC/23-24/195 | B50: 45080 | C50: HT ANGLE 120X120X12 MM | D50: KEC INTERNATIONAL LIMITED,(BUTIBORI) | E50: 2.722 | F50: MH40Y2044 | G50: 193/25 | H50: LOI-122 | I50: 45043
A51: VIL/DC/23-24/196 | B51: 45080 | C51: HT ANGLE 110X110X8 MM | D51: KEC INTERNATIONAL LIMITED,(BUTIBORI) | E51: 0.804 | F51: MH40Y2044 | G51: 193/25 | H51: LOI-215 | I51: 45071
... A57: VIL/DC/23-24/200 | B57: 45080 | C57: HT ANGLE 110X110X8 MM | D57: KEC INTERNATIONAL LIMITED,(DUBAI) | E57: 2.653 | F57: MH40CM4419 | G57: 197/27 | H57: LOI-173 | I57: 45056
E58: =SUM(E40:E57) -> 79.876
A59: VIL/DC/23-24/201 | B59: 45081 | C59: HT ANGLE 90X90X7 MM | D59: KEC INTERNATIONAL LIMITED,(DUBAI) | E59: 6.995 | F59: MH40CM3182 | G59: 198/26, 199/27 | H59: LOI-123 | I59: 45043
A60: VIL/DC/23-24/201 | B60: 45081 | C60: HT ANGLE 110X110X10 MM | D60: KEC INTERNATIONAL LIMITED,(DUBAI) | E60: 8.251 | F60: MH40CM3182 | G60: 198/26, 199/27 | H60: LOI-123 | I60: 45043
A61: VIL/DC/23-24/201 | B61: 45081 | C61: HT ANGLE 75X75X6 MM | D61: KEC INTERNATIONAL LIMITED,(DUBAI) | E61: =6.106+0.366 -> 6.472 | F61: MH40CM3182 | G61: 198/26, 199/27 | H61: LOI-123 | I61: 45043
A62: VIL/DC/23-24/201 | B62: 45081 | C62: HT ANGLE 110X110X10 MM | D62: KEC INTERNATIONAL LIMITED,(DUBAI) | E62: 0.523 | F62: MH40CM3182 | G62: 198/26, 199/27 | H62: LOI-123 | I62: 45043
A63: VIL/DC/23-24/202 | B63: 45081 | C63: HT ANGLE 90X90X7 MM | D63: KEC INTERNATIONAL LIMITED,(DUBAI) | E63: 0.846 | F63: MH40CM3182 | G63: 199/27 | H63: LOI-124 | I63: 45043
A64: VIL/DC/23-24/202 | B64: 45081 | C64: HT ANGLE 130X130X10 MM | D64: KEC INTERNATIONAL LIMITED,(DUBAI) | E64: 0.871 | F64: MH40CM3182 | G64: 199/27 | H64: LOI-124 | I64: 45043
A65: VIL/DC/23-24/203 | B65: 45081 | C65: HT ANGLE 110X110X10 MM | D65: KEC INTERNATIONAL LIMITED,(DUBAI) | E65: 1.278 | F65: MH40CM3182 | G65: 199/27 | H65: LOI-173 | I65: 45056
A66: VIL/DC/23-24/204 | B66: 45081 | C66: HT ANGLE 100X100X7 MM | D66: KEC INTERNATIONAL LIMITED,(DUBAI) | E66: 12.512 | F66: MH40CM3181 | G66: 200/27, 201/28, 202/29 | H66: LOI-123 | I66: 45043
A67: VIL/DC/23-24/204 | B67: 45081 | C67: HT ANGLE 100X100X6 MM | D67: KEC INTERNATIONAL LIMITED,(DUBAI) | E67: 12.305 | F67: MH40CM3181 | G67: 200/27, 201/28, 202/29 | H67: LOI-123 | I67: 45043
A68: VIL/DC/23-24/205 | B68: 45081 | C68: HT ANGLE 90X90X6 MM | D68: KEC INTERNATIONAL LIMITED,(DUBAI) | E68: =5.548+6.972 -> 12.52 | F68: MH31FC2564 | G68: 203/29, 204/30, | H68: LOI-123 | I68: 45043
A69: VIL/DC/23-24/205 | B69: 45081 | C69: HT ANGLE 110X110X8 MM | D69: KEC INTERNATIONAL LIMITED,(DUBAI) | E69: 3.35 | F69: MH31FC2564 | G69: 203/29, 204/30, | H69: LOI-123 | I69: 45043
A70: VIL/DC/23-24/205 | B70: 45081 | C70: HT ANGLE 100X100X10 MM | D70: KEC INTERNATIONAL LIMITED,(DUBAI) | E70: 2.121 | F70: MH31FC2564 | G70: 203/29, 204/30, | H70: LOI-123 | I70: 45043
A71: VIL/DC/23-24/205 | B71: 45081 | C71: HT ANGLE 110X110X10 MM | D71: KEC INTERNATIONAL LIMITED,(DUBAI) | E71: 5.337 | F71: MH31FC2564 | G71: 203/29, 204/30, | H71: LOI-123 | I71: 45043
A72: VIL/DC/23-24/205 | B72: 45081 | C72: HT ANGLE 100X100X10 MM | D72: KEC INTERNATIONAL LIMITED,(DUBAI) | E72: 0.714 | F72: MH31FC2564 | G72: 203/29, 204/30, | H72: LOI-123 | I72: 45043
A73: VIL/DC/23-24/205 | B73: 45081 | C73: HT ANGLE 100X100X6 MM | D73: KEC INTERNATIONAL LIMITED,(DUBAI) | E73: 0.758 | F73: MH31FC2564 | G73: 203/29, 204/30, | H73: LOI-123 | I73: 45043
A74: VIL/DC/23-24/206 | B74: 45081 | C74: HT ANGLE 120X120X9 MM | D74: KEC INTERNATIONAL LIMITED,(BUTIBORI) | E74: 1.655 | F74: MH46AF3590 | G74: 205/32 | H74: LOI-138 | I74: 45053
A75: VIL/DC/23-24/206 | B75: 45081 | C75: HT ANGLE 120X120X8 MM | D75: KEC INTERNATIONAL LIMITED,(BUTIBORI) | E75: 2.971 | F75: MH46AF3590 | G75: 205/32 | H75: LOI-138 | I75: 45053
A76: VIL/DC/23-24/206 | B76: 45081 | C76: HT ANGLE 130X130X12 MM | D76: KEC INTERNATIONAL LIMITED,(BUTIBORI) | E76: 1.797 | F76: MH46AF3590 | G76: 205/32 | H76: LOI-138 | I76: 45053
A77: VIL/DC/23-24/207 | B77: 45081 | C77: HT ANGLE 120X120X8 MM | D77: KEC INTERNATIONAL LIMITED,(BUTIBORI) | E77: 22.09 | F77: MH46AF3590 | G77: 205/32 | H77: LOI-122 | I77: 45043
A78: VIL/DC/23-24/208 | B78: 45081 | C78: HT ANGLE 120X120X8 MM | D78: KEC INTERNATIONAL LIMITED,(BUTIBORI) | E78: 2.287 | F78: MH46AF3590 | G78: 205/32 | H78: LOI-218 | I78: 45043
A79: VIL/DC/23-24/209 | B79: 45081 | C79: HT ANGLE 130X130X9 MM | D79: KEC INTERNATIONAL LIMITED,(BUTIBORI) | E79: 0.814 | F79: MH46AF3590 | G79: 205/32 | H79: LOI-12 | I79: 45023
E80: =SUM(E59:E79) -> 106.467
A81: VIL/DC/23-24/210 | B81: 45082 | C81: HT ANGLE 120X120X9 MM | D81: KEC INTERNATIONAL LIMITED,(DUBAI) | E81: 25.196 | F81: MH31FC2567 | G81: 206/30, 207/32, 208/31 | H81: LOI-174 | I81: 45056
E82: =SUM(E81) -> 25.196
A83: VIL/DC/23-24/211 | B83: 45083 | C83: HT ANGLE 120X120X9 MM | D83: KEC INTERNATIONAL LIMITED,(DUBAI) | E83: 25.123 | F83: MH31FC2216 | G83: 209/30, 207/32, 208/31 | H83: LOI-174 | I83: 45056
A84: VIL/DC/23-24/212 | B84: 45083 | C84: HT ANGLE 100X100X7 MM | D84: KEC INTERNATIONAL LIMITED,(BUTIBORI) | E84: 4.041 | F84: MH46AF3590 | G84: 211/33, | H84: LOI-138 | I84: 45053
A85: VIL/DC/23-24/212 | B85: 45083 | C85: HT ANGLE 90X90X7 MM | D85: KEC INTERNATIONAL LIMITED,(BUTIBORI) | E85: 0.846 | F85: MH46AF3590 | G85: 211/33, | H85: LOI-214 | I85: 45071
A86: VIL/DC/23-24/213 | B86: 45083 | C86: MS ANGLE 90X90X7 MM | D86: KEC INTERNATIONAL LIMITED,(BUTIBORI) | E86: 0.384 | F86: MH46AF3590 | G86: 211/33, | H86: LOI-214 | I86: 45071
A87: VIL/DC/23-24/214 | B87: 45083 | C87: HT ANGLE 120X120X10 MM | D87: KEC INTERNATIONAL LIMITED,(BUTIBORI) | E87: =10.734+16.227 -> 26.961 | F87: MH46AF3590 | G87: 211/33, 212/34 | H87: LOI-122 | I87: 45043
A88: VIL/DC/23-24/215 | B88: 45083 | C88: HT ANGLE 120X120X10 MM | D88: KEC INTERNATIONAL LIMITED,(BUTIBORI) | E88: 12.934 | F88: MH40Y9844 | G88: 213/35 | H88: LOI-122 | I88: 45043
A89: VIL/DC/23-24/216 | B89: 45083 | C89: HT ANGLE 120X120X9 MM | D89: KEC INTERNATIONAL LIMITED,(DUBAI) | E89: 24.666 | F89: MH31FC2629 | G89: 214/35 | H89: LOI-174 | I89: 45056
E90: =SUM(E83:E89) -> 94.955
A91: VIL/DC/23-24/217 | B91: 45085 | C91: HT ANGLE 120X120X9 MM | D91: KEC INTERNATIONAL LIMITED,(DUBAI) | E91: 9.108 | F91: MH40CM3182 | G91: 215/34 | H91: LOI-174 | I91: 45056
A92: VIL/DC/23-24/218 | B92: 45085 | C92: HT ANGLE 110X110X10 MM | D92: KEC INTERNATIONAL LIMITED,(DUBAI) | E92: 3.028 | F92: MH40CM3182 | G92: 215/34, 216/35, 217/36 | H92: LOI-123 | I92: 45043
A93: VIL/DC/23-24/218 | B93: 45085 | C93: HT ANGLE 120X120X10 MM | D93: KEC INTERNATIONAL LIMITED,(DUBAI) | E93: 4.668 | F93: MH40CM3182 | G93: 215/34, 216/35, 217/36 | H93: LOI-123 | I93: 45043
A94: VIL/DC/23-24/218 | B94: 45085 | C94: HT ANGLE 100X100X8 MM | D94: KEC INTERNATIONAL LIMITED,(DUBAI) | E94: 1.842 | F94: MH40CM3182 | G94: 215/34, 216/35, 217/36 | H94: LOI-123 | I94: 45043
A95: VIL/DC/23-24/218 | B95: 45085 | C95: HT ANGLE 100X100X7 MM | D95: KEC INTERNATIONAL LIMITED,(DUBAI) | E95: 6.808 | F95: MH40CM3182 | G95: 215/34, 216/35, 217/36 | H95: LOI-123 | I95: 45043
A96: VIL/DC/23-24/219 | B96: 45085 | C96: HT ANGLE 120X120X9 MM | D96: KEC INTERNATIONAL LIMITED,(DUBAI) | E96: 13.453 | F96: MH31FC2215 | G96: 218/37 | H96: LOI-174 | I96: 45056
A97: VIL/DC/23-24/220 | B97: 45085 | C97: HT ANGLE 110X110X8 MM | D97: KEC INTERNATIONAL LIMITED,(DUBAI) | E97: 2.064 | F97: MH31FC2215 | G97: 218/37 | H97: LOI-173 | I97: 45056
A98: VIL/DC/23-24/220 | B98: 45085 | C98: HT ANGLE 130X130X10 MM | D98: KEC INTERNATIONAL LIMITED,(DUBAI) | E98: 1.346 | F98: MH31FC2215 | G98: 218/37 | H98: LOI-173 | I98: 45056
A99: VIL/DC/23-24/221 | B99: 45085 | C99: HT ANGLE 100X100X10 MM | D99: KEC INTERNATIONAL LIMITED,(DUBAI) | E99: 2.07 | F99: MH31FC2215 | G99: 218/37 | H99: LOI-123 | I99: 45043
A100: VIL/DC/23-24/221 | B100: 45085 | C100: HT ANGLE 100X100X7 MM | D100: KEC INTERNATIONAL LIMITED,(DUBAI) | E100: 2.147 | F100: MH31FC2215 | G100: 218/37 | H100: LOI-123 | I100: 45043
A101: VIL/DC/23-24/221 | B101: 45085 | C101: HT ANGLE 130X130X10 MM | D101: KEC INTERNATIONAL LIMITED,(DUBAI) | E101: 2.301 | F101: MH31FC2215 | G101: 218/37 | H101: LOI-123 | I101: 45043
A102: VIL/DC/23-24/222 | B102: 45085 | C102: HT ANGLE 130X130X10 MM | D102: KEC INTERNATIONAL LIMITED,(DUBAI) | E102: 0.209 | F102: MH31FC2215 | G102: 218/37 | H102: LOI-124 | I102: 45043
... A104: VIL/DC/23-24/222 | B104: 45085 | C104: HT ANGLE 100X100X7 MM | D104: KEC INTERNATIONAL LIMITED,(DUBAI) | E104: 0.355 | F104: MH31FC2215 | G104: 218/37 | H104: LOI-124 | I104: 45043
E105: =SUM(E91:E104) -> 50.489
A106: VIL/DC/23-24/239 | B106: 45088 | C106: HT ANGLE 100X100X6 MM | D106: KEC INTERNATIONAL LIMITED,(DUBAI) | E106: 0.315 | F106: MH34M6622 | G106: 240/36 | H106: LOI-123 | I106: 45043
...

Sheet KEC JBP DISPATCHED JUN 
A1: Invoice No. | B1: Invoice Dt | C1: Section | D1: PNAME | E1: QTY ISSUED | F1: VEHICLE No. | G1: Jobwork Challan No. | H1: Po. No | I1: PO ORDER DATE
A2: VIL/DC/23-24/223 | B2: 45085 | C2: MS ANGLE 75X75X8 MM | D2: KEC INTERNATIONAL LIMITED,(JABALPUR) | E2: 32.387 | F2: MH40BG0308 | G2: 219/65, 220/66, 221/67 | H2: LOI-191 | I2: 45064
A3: VIL/DC/23-24/224 | B3: 45085 | C3: MS ANGLE 75X75X8 MM | D3: KEC INTERNATIONAL LIMITED,(JABALPUR) | E3: 32.768 | F3: MH49AT1953 | G3: 222/67, 223/68 | H3: LOI-191 | I3: 45064
A4: VIL/DC/23-24/225 | B4: 45085 | C4: MS ANGLE 75X75X8 MM | D4: KEC INTERNATIONAL LIMITED,(JABALPUR) | E4: 20.448 | F4: MH40N7379 | G4: 224/68, 225/69 | H4: LOI-191 | I4: 45064
E5: =SUM(E2:E4) -> 85.603
A6: VIL/DC/23-24/226 | B6: 45086 | C6: MS ANGLE 75X75X8 MM | D6: KEC INTERNATIONAL LIMITED,(JABALPUR) | E6: 32.801 | F6: MH49AT0506 | G6: 226/61, 227/69, 228/70 | H6: LOI-191 | I6: 45064
A7: VIL/DC/23-24/227 | B7: 45086 | C7: MS ANGLE 75X75X8 MM | D7: KEC INTERNATIONAL LIMITED,(JABALPUR) | E7: 32.765 | F7: MH49AT0503 | G7: 229/70, 230/71 | H7: LOI-191 | I7: 45064
A8: VIL/DC/23-24/228 | B8: 45086 | C8: MS ANGLE 75X75X8 MM | D8: KEC INTERNATIONAL LIMITED,(JABALPUR) | E8: =14.958+9.541 -> 24.499 | F8: MH49AT2926 | G8: 231/71, 232/72 | H8: LOI-191 | I8: 45064
A9: VIL/DC/23-24/229 | B9: 45086 | C9: MS ANGLE 75X75X8 MM | D9: KEC INTERNATIONAL LIMITED,(JABALPUR) | E9: 1.738 | F9: MH49AT2926 | G9: 232/72 | H9: LOI-219 | I9: 45071
A10: VIL/DC/23-24/230 | B10: 45086 | C10: MS ANGLE 90X90X6 MM | D10: KEC INTERNATIONAL LIMITED,(JABALPUR) | E10: 6.39 | F10: MH49AT2926 | G10: 232/72 | H10: LOI-213 | I10: 45071
A11: VIL/DC/23-24/231 | B11: 45086 | C11: MS ANGLE 75X75X8 MM | D11: KEC INTERNATIONAL LIMITED,(JABALPUR) | E11: =11.583+8.136 -> 19.719 | F11: MH40AK6005 | G11: 233/72, 234/73 | H11: LOI-191 | I11: 45064
A12: VIL/DC/23-24/232 | B12: 45086 | C12: MS ANGLE 75X75X8 MM | D12: KEC INTERNATIONAL LIMITED,(JABALPUR) | E12: 12.798 | F12: MH40AK6005 | G12: 234/73 | H12: LOI-219 | I12: 45071
E13: =SUM(E6:E12) -> 130.71
A14: VIL/DC/23-24/233 | B14: 45087 | C14: MS ANGLE 90X90X6 MM | D14: KEC INTERNATIONAL LIMITED,(JABALPUR) | E14: =6.302+11.721 -> 18.023 | F14: MH40AK2189 | G14: 235/73, 236/74 | H14: LOI-213 | I14: 45071
A15: VIL/DC/23-24/234 | B15: 45087 | C15: MS ANGLE 90X90X6 MM | D15: KEC INTERNATIONAL LIMITED,(JABALPUR) | E15: 0.733 | F15: MH40AK2189 | G15: 236/74 | H15: LOI-219 | I15: 45071
A16: VIL/DC/23-24/234 | B16: 45087 | C16: MS ANGLE 75X75X8 MM | D16: KEC INTERNATIONAL LIMITED,(JABALPUR) | E16: 5.297 | F16: MH40AK2189 | G16: 236/74 | H16: LOI-219 | I16: 45071
A17: VIL/DC/23-24/235 | B17: 45087 | C17: MS ANGLE 75X75X6 MM | D17: KEC INTERNATIONAL LIMITED,(JABALPUR) | E17: 5.282 | F17: MH40AK2189 | G17: 236/74 | H17: LOI-191 | I17: 45064
A18: VIL/DC/23-24/235 | B18: 45087 | C18: MS ANGLE 75X75X8 MM | D18: KEC INTERNATIONAL LIMITED,(JABALPUR) | E18: 3.195 | F18: MH40AK2189 | G18: 236/74 | H18: LOI-191 | I18: 45064
A19: VIL/DC/23-24/236 | B19: 45087 | C19: MS ANGLE 90X90X6 MM | D19: KEC INTERNATIONAL LIMITED,(JABALPUR) | E19: =2.66+3.792 -> 6.452 | F19: MH49AT2907 | G19: 237/74, 238/ 75 | H19: LOI-213 | I19: 45071
A20: VIL/DC/23-24/237 | B20: 45087 | C20: MS ANGLE 75X75X8 MM | D20: KEC INTERNATIONAL LIMITED,(JABALPUR) | E20: 2.967 | F20: MH49AT2907 | G20: 238/ 75 | H20: LOI-219 | I20: 45071
A21: VIL/DC/23-24/238 | B21: 45087 | C21: MS ANGLE 75X75X6 MM | D21: KEC INTERNATIONAL LIMITED,(JABALPUR) | E21: 5.073 | F21: MH49AT2907 | G21: 238/ 75 | H21: LOI-191 | I21: 45064
A22: VIL/DC/23-24/238 | B22: 45087 | C22: MS ANGLE 75X75X8 MM | D22: KEC INTERNATIONAL LIMITED,(JABALPUR) | E22: =17.056+1.427 -> 18.483 | F22: MH49AT2907 | G22: 238/ 75 | H22: LOI-191 | I22: 45064
E23: =SUM(E14:E22) -> 65.505
D40: JUN -23 Total Dispatched | E40: =SUM(E2:E39)/2 -> 281.818

Sheet KEC BB DISPATCHED JULY
A1: Invoice No. | B1: Invoice Dt | C1: Section | D1: PNAME | E1: QTY ISSUED | F1: VEHICLE No. | G1: Jobwork Challan No. | H1: Po. No | I1: PO ORDER DATE
A2: VIL/DC/23-24/374 | B2: 45106 | C2: HT ANGLE 100X100X6 MM | D2: KEC INTERNATIONAL LIMITED,(BUTIBORI) | E2: 18.656 | F2: MH40Y3944 | G2: 348/87 , 349/88 | H2: LOI-337 | I2: 45092
A3: VIL/DC/23-24/374 | B3: 45106 | C3: HT ANGLE 150X150X14 MM | D3: KEC INTERNATIONAL LIMITED,(BUTIBORI) | E3: 3.413 | F3: MH40Y3944 | G3: 348/87 , 349/88 | H3: LOI-337 | I3: 45092
A4: VIL/DC/23-24/374 | B4: 45106 | C4: HT ANGLE 150X150X15 MM | D4: KEC INTERNATIONAL LIMITED,(BUTIBORI) | E4: =1.818+4.793 -> 6.611 | F4: MH40Y3944 | G4: 348/87 , 349/88 | H4: LOI-337 | I4: 45092
A5: VIL/DC/23-24/375 | B5: 45106 | C5: HT ANGLE 100X100X6 MM | D5: KEC INTERNATIONAL LIMITED,(BUTIBORI) | E5: 3.768 | F5: MH40Y3944 | G5: 349/88 | H5: LOI-336 | I5: 45092
A6: VIL/DC/23-24/376 | B6: 45106 | C6: HT ANGLE 100X100X8 MM | D6: KEC INTERNATIONAL LIMITED,(BUTIBORI) | E6: 15.92 | F6: MH40AK5044 | G6: 350/88, 351/89 | H6: LOI-337 | I6: 45092
A7: VIL/DC/23-24/376 | B7: 45106 | C7: HT ANGLE 150X150X15 MM | D7: KEC INTERNATIONAL LIMITED,(BUTIBORI) | E7: 13.858 | F7: MH40AK5044 | G7: 350/88, 351/89 | H7: LOI-337 | I7: 45092
A8: VIL/DC/23-24/377 | B8: 45106 | C8: HT ANGLE 110X110X10 MM | D8: KEC INTERNATIONAL LIMITED,(BUTIBORI) | E8: 2.122 | F8: MH40AK5044 | G8: 351/89 | H8: LOI-336 | I8: 45092
E9: =SUM(E2:E8) -> 64.348
A10: VIL/DC/23-24/378 | B10: 45107 | C10: HT ANGLE 100X100X7 MM | D10: KEC INTERNATIONAL LIMITED,(BUTIBORI) | E10: 14.717 | F10: MH46AF3590 | G10: 352/89, 353/90 | H10: LOI-337 | I10: 45092
A11: VIL/DC/23-24/378 | B11: 45107 | C11: HT ANGLE 100X100X8 MM | D11: KEC INTERNATIONAL LIMITED,(BUTIBORI) | E11: 2.684 | F11: MH46AF3590 | G11: 352/89, 353/90 | H11: LOI-337 | I11: 45092
A12: VIL/DC/23-24/378 | B12: 45107 | C12: HT ANGLE 90X90X6 MM | D12: KEC INTERNATIONAL LIMITED,(BUTIBORI) | E12: =0.172+1.798 -> 1.97 | F12: MH46AF3590 | G12: 352/89, 353/90 | H12: LOI-337 | I12: 45092
A13: VIL/DC/23-24/378 | B13: 45107 | C13: HT ANGLE 110X110X9 MM | D13: KEC INTERNATIONAL LIMITED,(BUTIBORI) | E13: 2.954 | F13: MH46AF3590 | G13: 352/89, 353/90 | H13: LOI-337 | I13: 45092
A14: VIL/DC/23-24/378 | B14: 45107 | C14: HT ANGLE 110X110X10 MM | D14: KEC INTERNATIONAL LIMITED,(BUTIBORI) | E14: 3.753 | F14: MH46AF3590 | G14: 352/89, 353/90 | H14: LOI-337 | I14: 45092
A15: VIL/DC/23-24/379 | B15: 45107 | C15: HT ANGLE 100X100X7 MM | D15: KEC INTERNATIONAL LIMITED,(BUTIBORI) | E15: 2.311 | F15: MH46AF3590 | G15: 352/89, 353/90 | H15: LOI-336 | I15: 45092
A16: VIL/DC/23-24/379 | B16: 45107 | C16: HT ANGLE 110X110X10 MM | D16: KEC INTERNATIONAL LIMITED,(BUTIBORI) | E16: 0.783 | F16: MH46AF3590 | G16: 352/89, 353/90 | H16: LOI-336 | I16: 45092
A17: VIL/DC/23-24/379 | B17: 45107 | C17: HT ANGLE 100X100X8 MM | D17: KEC INTERNATIONAL LIMITED,(BUTIBORI) | E17: 2.923 | F17: MH46AF3590 | G17: 352/89, 353/90 | H17: LOI-336 | I17: 45092
A18: VIL/DC/23-24/380 | B18: 45107 | C18: HT ANGLE 110X110X8 MM | D18: KEC INTERNATIONAL LIMITED,(DUBAI) | E18: 4.268 | F18: MH40CM3183 | G18: 354/90, 355/91 | H18: LOI-347 | I18: 45092
A19: VIL/DC/23-24/380 | B19: 45107 | C19: HT ANGLE 150X150X14 MM | D19: KEC INTERNATIONAL LIMITED,(DUBAI) | E19: 2.13 | F19: MH40CM3183 | G19: 354/90, 355/91 | H19: LOI-347 | I19: 45092
A20: VIL/DC/23-24/380 | B20: 45107 | C20: HT ANGLE 150X150X16 MM | D20: KEC INTERNATIONAL LIMITED,(DUBAI) | E20: =8.502+0.397 -> 8.899 | F20: MH40CM3183 | G20: 354/90, 355/91 | H20: LOI-347 | I20: 45092
A21: VIL/DC/23-24/381 | B21: 45107 | C21: MS ANGLE 120X120X8 MM | D21: KEC INTERNATIONAL LIMITED,(DUBAI) | E21: 5.037 | F21: MH40CM3183 | G21: 355/91 | H21: LOI-272 | I21: 45082
A22: VIL/DC/23-24/381 | B22: 45107 | C22: HT ANGLE 130X130X9 MM | D22: KEC INTERNATIONAL LIMITED,(DUBAI) | E22: 4.3 | F22: MH40CM3183 | G22: 355/91 | H22: LOI-272 | I22: 45082
A23: VIL/DC/23-24/382 | B23: 45107 | C23: HT ANGLE 150X150X15 MM | D23: KEC INTERNATIONAL LIMITED,(BUTIBORI) | E23: 6.71 | F23: MH40Y3944 | G23: 356/ 91,357/92 | H23: LOI-337 | I23: 45092
A24: VIL/DC/23-24/382 | B24: 45107 | C24: HT ANGLE 90X90X6 MM | D24: KEC INTERNATIONAL LIMITED,(BUTIBORI) | E24: 6.989 | F24: MH40Y3944 | G24: 356/ 91,357/92 | H24: LOI-337 | I24: 45092
A25: VIL/DC/23-24/382 | B25: 45107 | C25: HT ANGLE 110X110X8 MM | D25: KEC INTERNATIONAL LIMITED,(BUTIBORI) | E25: 4.247 | F25: MH40Y3944 | G25: 356/ 91,357/92 | H25: LOI-337 | I25: 45092
A26: VIL/DC/23-24/382 | B26: 45107 | C26: HT ANGLE 100X100X8 MM | D26: KEC INTERNATIONAL LIMITED,(BUTIBORI) | E26: =1.631+3.737 -> 5.368 | F26: MH40Y3944 | G26: 356/ 91,357/92 | H26: LOI-337 | I26: 45092
A27: VIL/DC/23-24/382 | B27: 45107 | C27: MS ANGLE 90X90X7 MM | D27: KEC INTERNATIONAL LIMITED,(BUTIBORI) | E27: 0.638 | F27: MH40Y3944 | G27: 356/ 91,357/92 | H27: LOI-337 | I27: 45092
A28: VIL/DC/23-24/382 | B28: 45107 | C28: MS ANGLE 100X100X6 MM | D28: KEC INTERNATIONAL LIMITED,(BUTIBORI) | E28: 1.809 | F28: MH40Y3944 | G28: 356/ 91,357/92 | H28: LOI-337 | I28: 45092
A29: VIL/DC/23-24/383 | B29: 45107 | C29: HT ANGLE 110X110X8 MM | D29: KEC INTERNATIONAL LIMITED,(BUTIBORI) | E29: 1.829 | F29: MH40Y3944 | G29: 357/92 | H29: LOI-336 | I29: 45092
A30: VIL/DC/23-24/383 | B30: 45107 | C30: HT ANGLE 100X100X8 MM | D30: KEC INTERNATIONAL LIMITED,(BUTIBORI) | E30: 1.535 | F30: MH40Y3944 | G30: 357/92 | H30: LOI-336 | I30: 45092
A31: VIL/DC/23-24/383 | B31: 45107 | C31: MS ANGLE 100X100X6 MM | D31: KEC INTERNATIONAL LIMITED,(BUTIBORI) | E31: 1.991 | F31: MH40Y3944 | G31: 357/92 | H31: LOI-336 | I31: 45092
A32: VIL/DC/23-24/384 | B32: 45107 | C32: HT ANGLE 150X150X15 MM | D32: KEC INTERNATIONAL LIMITED,(DUBAI) | E32: =17.496+3.819 -> 21.315 | F32: MH31FC2215 | G32: 358/92, 359/93 | H32: LOI-193 | I32: 45064
A33: VIL/DC/23-24/385 | B33: 45107 | C33: HT ANGLE 150X150X15 MM | D33: KEC INTERNATIONAL LIMITED,(DUBAI) | E33: 3.65 | F33: MH31FC2215 | G33: 359/93 | H33: LOI-272 | I33: 45082
A34: VIL/DC/23-24/386 | B34: 45107 | C34: HT ANGLE 120X120X9 MM | D34: KEC INTERNATIONAL LIMITED,(BUTIBORI) | E34: 31.767 | F34: MH46AR8099 | G34: 360/93, 361/94 | H34: LOI-337 | I34: 45092
E35: =SUM(E10:E34) -> 144.577
A36: VIL/DC/23-24/387 | B36: 45108 | C36: HT ANGLE 150X150X15 MM | D36: KEC INTERNATIONAL LIMITED,(BUTIBORI) | E36: 6.615 | F36: MH40Y3944 | G36: 362/94, 363/95 | H36: LOI-337 | I36: 45092
A37: VIL/DC/23-24/387 | B37: 45108 | C37: HT ANGLE 100X100X8 MM | D37: KEC INTERNATIONAL LIMITED,(BUTIBORI) | E37: 11.406 | F37: MH40Y3944 | G37: 362/94, 363/95 | H37: LOI-337 | I37: 45092
A38: VIL/DC/23-24/387 | B38: 45108 | C38: HT ANGLE 100X100X6 MM | D38: KEC INTERNATIONAL LIMITED,(BUTIBORI) | E38: =0.777+4.754 -> 5.531 | F38: MH40Y3944 | G38: 362/94, 363/95 | H38: LOI-337 | I38: 45092
A39: VIL/DC/23-24/387 | B39: 45108 | C39: HT ANGLE 120X120X9 MM | D39: KEC INTERNATIONAL LIMITED,(BUTIBORI) | E39: 7.271 | F39: MH40Y3944 | G39: 362/94, 363/95 | H39: LOI-337 | I39: 45092
A40: VIL/DC/23-24/388 | B40: 45108 | C40: HT ANGLE 100X100X6 MM | D40: KEC INTERNATIONAL LIMITED,(BUTIBORI) | E40: 0.382 | F40: MH40Y3944 | G40: 363/95 | H40: LOI-336 | I40: 45092
A41: VIL/DC/23-24/388 | B41: 45108 | C41: HT ANGLE 100X100X8 MM | D41: KEC INTERNATIONAL LIMITED,(BUTIBORI) | E41: 0.711 | F41: MH40Y3944 | G41: 363/95 | H41: LOI-336 | I41: 45092
A42: VIL/DC/23-24/389 | B42: 45108 | C42: HT ANGLE 150X150X12 MM | D42: KEC INTERNATIONAL LIMITED,(DUBAI) | E42: 0.983 | F42: MH40CM3180 | G42: 364/95 | H42: LOI-193 | I42: 45064
A43: VIL/DC/23-24/389 | B43: 45108 | C43: HT ANGLE 150X150X15 MM | D43: KEC INTERNATIONAL LIMITED,(DUBAI) | E43: 3.015 | F43: MH40CM3180 | G43: 364/95 | H43: LOI-193 | I43: 45064
A44: VIL/DC/23-24/390 | B44: 45108 | C44: MS ANGLE 130X130X9 MM | D44: KEC INTERNATIONAL LIMITED,(DUBAI) | E44: 0.661 | F44: MH40CM3180 | G44: 364/95 | H44: LOI-272 | I44: 45082
A45: VIL/DC/23-24/390 | B45: 45108 | C45: HT ANGLE 120X120X8 MM | D45: KEC INTERNATIONAL LIMITED,(DUBAI) | E45: 0.537 | F45: MH40CM3180 | G45: 364/95 | H45: LOI-272 | I45: 45082
A46: VIL/DC/23-24/390 | B46: 45108 | C46: HT ANGLE 150X150X15 MM | D46: KEC INTERNATIONAL LIMITED,(DUBAI) | E46: 3.742 | F46: MH40CM3180 | G46: 364/95 | H46: LOI-272 | I46: 45082
A47: VIL/DC/23-24/390 | B47: 45108 | C47: HT ANGLE 120X120X9 MM | D47: KEC INTERNATIONAL LIMITED,(DUBAI) | E47: 5.316 | F47: MH40CM3180 | G47: 364/95 | H47: LOI-272 | I47: 45082
A48: VIL/DC/23-24/391 | B48: 45108 | C48: MS ANGLE 130X130X9 MM | D48: KEC INTERNATIONAL LIMITED,(DUBAI) | E48: 3.915 | F48: MH40CM3180 | G48: 364/95, 365/96 | H48: LOI-173 | I48: 45056
A49: VIL/DC/23-24/392 | B49: 45108 | C49: HT ANGLE 120X120X9 MM | D49: KEC INTERNATIONAL LIMITED,(DUBAI) | E49: 6.561 | F49: MH40CM3180 | G49: 365/ 96 | H49: LOI-174 | I49: 45056
A50: VIL/DC/23-24/393 | B50: 45108 | C50: HT ANGLE 120X120X9 MM | D50: KEC INTERNATIONAL LIMITED,(BUTIBORI) | E50: =20.922+7.431 -> 28.353 | F50: MH40Y4044 | G50: 366/96, 337/97 | H50: LOI-337 | I50: 45092
A51: VIL/DC/23-24/393 | B51: 45108 | C51: HT ANGLE 120X120X10 MM | D51: KEC INTERNATIONAL LIMITED,(BUTIBORI) | E51: 3.855 | F51: MH40Y4044 | G51: 366/96, 337/97 | H51: LOI-337 | I51: 45092
E52: =SUM(E36:E51) -> 88.854
A53: VIL/DC/23-24/395 | B53: 45109 | C53: HT ANGLE 150X150X16 MM | D53: KEC INTERNATIONAL LIMITED,(DUBAI) | E53: 8.059 | F53: MH40CM3182 | G53: 369/97, 370/98 | H53: LOI-347 | I53: 45092
A54: VIL/DC/23-24/395 | B54: 45109 | C54: HT ANGLE 150X150X14 MM | D54: KEC INTERNATIONAL LIMITED,(DUBAI) | E54: 4.598 | F54: MH40CM3182 | G54: 369/97, 370/98 | H54: LOI-347 | I54: 45092
A55: VIL/DC/23-24/395 | B55: 45109 | C55: HT ANGLE 150X150X12 MM | D55: KEC INTERNATIONAL LIMITED,(DUBAI) | E55: =5.111+1.341 -> 6.452 | F55: MH40CM3182 | G55: 369/97, 370/98 | H55: LOI-347 | I55: 45092
A56: VIL/DC/23-24/396 | B56: 45109 | C56: MS ANGLE 120X120X8 MM | D56: KEC INTERNATIONAL LIMITED,(DUBAI) | E56: 1.455 | F56: MH40CM3182 | G56: 370/98 | H56: LOI-272 | I56: 45082
A57: VIL/DC/23-24/396 | B57: 45109 | C57: HT ANGLE 150X150X10 MM | D57: KEC INTERNATIONAL LIMITED,(DUBAI) | E57: 0.672 | F57: MH40CM3182 | G57: 370/98 | H57: LOI-272 | I57: 45082
A58: VIL/DC/23-24/397 | B58: 45109 | C58: HT ANGLE 150X150X15 MM | D58: KEC INTERNATIONAL LIMITED,(DUBAI) | E58: 2.332 | F58: MH40CM3182 | G58: 370/98 | H58: LOI-193 | I58: 45064
A59: VIL/DC/23-24/397 | B59: 45109 | C59: HT ANGLE 150X150X12 MM | D59: KEC INTERNATIONAL LIMITED,(DUBAI) | E59: 1.682 | F59: MH40CM3182 | G59: 370/98 | H59: LOI-193 | I59: 45064
A60: VIL/DC/23-24/402 | B60: 45109 | C60: HT ANGLE 120X120X8 MM | D60: KEC INTERNATIONAL LIMITED,(BUTIBORI) | E60: 17.96 | F60: MH40Y4044 | G60: 373/98, 374/99 | H60: LOI-337 | I60: 45092
A61: VIL/DC/23-24/402 | B61: 45109 | C61: HT ANGLE 120X120X10 MM | D61: KEC INTERNATIONAL LIMITED,(BUTIBORI) | E61: =3.612+1.712 -> 5.324 | F61: MH40Y4044 | G61: 373/98, 374/99 | H61: LOI-337 | I61: 45092
A62: VIL/DC/23-24/402 | B62: 45109 | C62: HT ANGLE 120X120X9 MM | D62: KEC INTERNATIONAL LIMITED,(BUTIBORI) | E62: 3.289 | F62: MH40Y4044 | G62: 373/98, 374/99 | H62: LOI-337 | I62: 45092
A63: VIL/DC/23-24/403 | B63: 45109 | C63: HT ANGLE 120X120X8 MM | D63: KEC INTERNATIONAL LIMITED,(BUTIBORI) | E63: 5.096 | F63: MH40Y4044 | G63: 374/99 | H63: LOI-336 | I63: 45092
A64: VIL/DC/23-24/404 | B64: 45109 | C64: HT ANGLE 120X120X9 MM | D64: KEC INTERNATIONAL LIMITED,(BUTIBORI) | E64: 2.805 | F64: MH40Y3944 | G64: 375/99, 376/100 | H64: LOI-337 | I64: 45092
A65: VIL/DC/23-24/404 | B65: 45109 | C65: HT ANGLE 120X120X10 MM | D65: KEC INTERNATIONAL LIMITED,(BUTIBORI) | E65: 5.974 | F65: MH40Y3944 | G65: 375/99, 376/100 | H65: LOI-337 | I65: 45092
A66: VIL/DC/23-24/404 | B66: 45109 | C66: HT ANGLE 150X150X15 MM | D66: KEC INTERNATIONAL LIMITED,(BUTIBORI) | E66: 6.246 | F66: MH40Y3944 | G66: 375/99, 376/100 | H66: LOI-337 | I66: 45092
A67: VIL/DC/23-24/404 | B67: 45109 | C67: HT ANGLE 100X100X8 MM | D67: KEC INTERNATIONAL LIMITED,(BUTIBORI) | E67: 1.072 | F67: MH40Y3944 | G67: 375/99, 376/100 | H67: LOI-337 | I67: 45092
A68: VIL/DC/23-24/404 | B68: 45109 | C68: HT ANGLE 80X80X6 MM | D68: KEC INTERNATIONAL LIMITED,(BUTIBORI) | E68: =2.823+6.769 -> 9.592 | F68: MH40Y3944 | G68: 375/99, 376/100 | H68: LOI-337 | I68: 45092
A69: VIL/DC/23-24/405 | B69: 45109 | C69: HT ANGLE 120X120X10 MM | D69: KEC INTERNATIONAL LIMITED,(BUTIBORI) | E69: 2.292 | F69: MH40Y3944 | G69: 376/100 | H69: LOI-336 | I69: 45092
A70: VIL/DC/23-24/405 | B70: 45109 | C70: HT ANGLE 100X100X7 MM | D70: KEC INTERNATIONAL LIMITED,(BUTIBORI) | E70: 3.958 | F70: MH40Y3944 | G70: 376/100 | H70: LOI-336 | I70: 45092
E71: =SUM(E53:E70) -> 88.858
A72: VIL/DC/23-24/407 | B72: 45110 | C72: HT ANGLE 150X150X15 MM | D72: KEC INTERNATIONAL LIMITED,(DUBAI) | E72: 3.012 | F72: MH40CM3181 | G72: 379/ 100 | H72: LOI-347 | I72: 45092
A73: VIL/DC/23-24/407 | B73: 45110 | C73: HT ANGLE 120X120X8 MM | D73: KEC INTERNATIONAL LIMITED,(DUBAI) | E73: 5.502 | F73: MH40CM3181 | G73: 379/ 100 | H73: LOI-347 | I73: 45092
A74: VIL/DC/23-24/408 | B74: 45110 | C74: HT ANGLE 100X100X7MM | D74: KEC INTERNATIONAL LIMITED,(DUBAI) | E74: =7.493+8.33 -> 15.823 | F74: MH40CM3181 | G74: 379/ 100, 380/101 | H74: LOI-384 | I74: 45097
A75: VIL/DC/23-24/408 | B75: 45110 | C75: MS ANGLE 100X100X8 MM | D75: KEC INTERNATIONAL LIMITED,(DUBAI) | E75: 0.61 | F75: MH40CM3181 | G75: 379/ 100, 380/101 | H75: LOI-384 | I75: 45097
A76: VIL/DC/23-24/411 | B76: 45110 | C76: HT ANGLE 100X100X8MM | D76: KEC INTERNATIONAL LIMITED,(DUBAI) | E76: 17.994 | F76: MH31FC2623 | G76: 383/ 101, 384/102 | H76: LOI-337 | I76: 45092
A77: VIL/DC/23-24/411 | B77: 45110 | C77: HT ANGLE 100X100X6MM | D77: KEC INTERNATIONAL LIMITED,(DUBAI) | E77: =2.083+4.933 -> 7.016 | F77: MH31FC2623 | G77: 383/ 101, 384/102 | H77: LOI-337 | I77: 45092
A78: VIL/DC/23-24/412 | B78: 45110 | C78: HT ANGLE 70X70X5MM | D78: KEC INTERNATIONAL LIMITED,(BUTIBORI) | E78: 2.231 | F78: MH40Y3944 | G78: 385/ 102, 386/103 | H78: LOI-337 | I78: 45092
A79: VIL/DC/23-24/412 | B79: 45110 | C79: HT ANGLE 130X130X12MM | D79: KEC INTERNATIONAL LIMITED,(BUTIBORI) | E79: =21.862+3.651 -> 25.513 | F79: MH40Y3944 | G79: 385/ 102, 386/103 | H79: LOI-337 | I79: 45092
A80: VIL/DC/23-24/412 | B80: 45110 | C80: HT ANGLE 100X100X8MM | D80: KEC INTERNATIONAL LIMITED,(BUTIBORI) | E80: 2.677 | F80: MH40Y3944 | G80: 385/ 102, 386/103 | H80: LOI-337 | I80: 45092
A81: VIL/DC/23-24/412 | B81: 45110 | C81: HT ANGLE 80X80X6MM | D81: KEC INTERNATIONAL LIMITED,(BUTIBORI) | E81: 1.909 | F81: MH40Y3944 | G81: 385/ 102, 386/103 | H81: LOI-337 | I81: 45092
A82: VIL/DC/23-24/413 | B82: 45110 | C82: HT ANGLE 100X100X8MM | D82: KEC INTERNATIONAL LIMITED,(BUTIBORI) | E82: 5.896 | F82: MH46AF3590 | G82: 387/ 103, 388/104 | H82: LOI-337 | I82: 45092
A83: VIL/DC/23-24/413 | B83: 45110 | C83: HT ANGLE 80X80X6MM | D83: KEC INTERNATIONAL LIMITED,(BUTIBORI) | E83: =14.81+4.263 -> 19.073 | F83: MH46AF3590 | G83: 387/ 103, 388/104 | H83: LOI-337 | I83: 45092
A84: VIL/DC/23-24/413 | B84: 45110 | C84: HT ANGLE 120X120X9MM | D84: KEC INTERNATIONAL LIMITED,(BUTIBORI) | E84: 7.569 | F84: MH46AF3590 | G84: 387/ 103, 388/104 | H84: LOI-337 | I84: 45092
E85: =SUM(E72:E84) -> 114.825
A86: VIL/DC/23-24/414 | B86: 45111 | C86: HT ANGLE 80X80X6MM | D86: KEC INTERNATIONAL LIMITED,(DUBAI) | E86: =17.111+0.7 -> 17.811 | F86: MH46H6074 | G86: 389/104, 390/105 | H86: LOI-384 | I86: 45097
A87: VIL/DC/23-24/414 | B87: 45111 | C87: HT ANGLE 100X100X6MM | D87: KEC INTERNATIONAL LIMITED,(DUBAI) | E87: 2.194 | F87: MH46H6074 | G87: 389/104, 390/105 | H87: LOI-384 | I87: 45097
A88: VIL/DC/23-24/415 | B88: 45111 | C88: HT ANGLE 120X120X12MM | D88: KEC INTERNATIONAL LIMITED,(DUBAI) | E88: 5.346 | F88: MH46H6074 | G88: 390/105 | H88: LOI-347 | I88: 45092
A89: VIL/DC/23-24/416 | B89: 45111 | C89: MS ANGLE 75X75X6MM | D89: KEC INTERNATIONAL LIMITED,(DUBAI) | E89: 24.836 | F89: MH46H6281 | G89: 391/106 | H89: LOI-384 | I89: 45097
A90: VIL/DC/23-24/417 | B90: 45111 | C90: HT ANGLE 130X130X10MM | D90: KEC INTERNATIONAL LIMITED,(BUTIBORI) | E90: 14.021 | F90: MH46AF3590 | G90: 392/105 | H90: LOI-337 | I90: 45092
A91: VIL/DC/23-24/417 | B91: 45111 | C91: HT ANGLE 120X120X9MM | D91: KEC INTERNATIONAL LIMITED,(BUTIBORI) | E91: 2.015 | F91: MH46AF3590 | G91: 392/105 | H91: LOI-337 | I91: 45092
A92: VIL/DC/23-24/418 | B92: 45111 | C92: HT ANGLE 130X130X10MM | D92: KEC INTERNATIONAL LIMITED,(BUTIBORI) | E92: 1.834 | F92: MH46AF3590 | G92: 392/105 | H92: LOI-336 | I92: 45092
A93: VIL/DC/23-24/419 | B93: 45111 | C93: HT ANGLE 120X120X12 MM | D93: KEC INTERNATIONAL LIMITED,(BUTIBORI) | E93: =2.934+0.603 -> 3.537 | F93: MH46AF3590 | G93: 392/105, 393/106, 394/107 | H93: LOI-416 | I93: 45111
A94: VIL/DC/23-24/419 | B94: 45111 | C94: HT ANGLE 120X120X8 MM | D94: KEC INTERNATIONAL LIMITED,(BUTIBORI) | E94: 1.716 | F94: MH46AF3590 | G94: 392/105, 393/106, 394/107 | H94: LOI-416 | I94: 45111
A95: VIL/DC/23-24/419 | B95: 45111 | C95: HT ANGLE 150X150X12 MM | D95: KEC INTERNATIONAL LIMITED,(BUTIBORI) | E95: 1.054 | F95: MH46AF3590 | G95: 392/105, 393/106, 394/107 | H95: LOI-416 | I95: 45111
A96: VIL/DC/23-24/419 | B96: 45111 | C96: HT ANGLE 150X150X13 MM | D96: KEC INTERNATIONAL LIMITED,(BUTIBORI) | E96: =0.835+0.044 -> 0.879 | F96: MH46AF3590 | G96: 392/105, 393/106, 394/107 | H96: LOI-416 | I96: 45111
A97: VIL/DC/23-24/419 | B97: 45111 | C97: MS ANGLE 75X75X5 MM | D97: KEC INTERNATIONAL LIMITED,(BUTIBORI) | E97: 3.609 | F97: MH46AF3590 | G97: 392/105, 393/106, 394/107 | H97: LOI-416 | I97: 45111
A98: VIL/DC/23-24/419 | B98: 45111 | C98: MS ANGLE 100X100X8 MM | D98: KEC INTERNATIONAL LIMITED,(BUTIBORI) | E98: 2.729 | F98: MH46AF3590 | G98: 392/105, 393/106, 394/107 | H98: LOI-416 | I98: 45111
E99: =SUM(E86:E98) -> 81.581
A100: VIL/DC/23-24/423 | B100: 45113 | C100: HT ANGLE 75X75X6 MM | D100: KEC INTERNATIONAL LIMITED,(DUBAI) | E100: =22.607+2.485 -> 25.092 | F100: MH31FC2216 | G100: 396/ 107, 397/108 | H100: LOI-384 | I100: 45097
...

Sheet KEC JBP DISPATCHED JULY
A1: Invoice No. | B1: Invoice Dt | C1: Section | D1: PNAME | E1: QTY ISSUED | F1: VEHICLE No. | G1: Jobwork Challan No. | H1: Po. No | I1: PO ORDER DATE
A2: VIL/DC/23-24/306 | B2: 45099 | C2: MS ANGLE 75X75X8 MM | D2: KEC INTERNATIONAL LIMITED,(JABALPUR) | E2: 9.144 | F2: MH49AT4594 | G2: 288/76 | H2: LOI-191 | I2: 45064
A3: VIL/DC/23-24/307 | B3: 45099 | C3: MS ANGLE 90X90X8 MM | D3: KEC INTERNATIONAL LIMITED,(JABALPUR) | E3: 0.655 | F3: MH49AT4594 | G3: 288/76 | H3: LOI-339 | I3: 45092
A4: VIL/DC/23-24/308 | B4: 45099 | C4: MS ANGLE 70X70X5 MM | D4: KEC INTERNATIONAL LIMITED,(JABALPUR) | E4: 2.356 | F4: MH49AT4594 | G4: 288/76 | H4: LOI-341 | I4: 45092
A5: VIL/DC/23-24/308 | B5: 45099 | C5: MS ANGLE 75X75X5 MM | D5: KEC INTERNATIONAL LIMITED,(JABALPUR) | E5: 2.358 | F5: MH49AT4594 | G5: 288/76 | H5: LOI-341 | I5: 45092
A6: VIL/DC/23-24/308 | B6: 45099 | C6: MS ANGLE 75X75X6 MM | D6: KEC INTERNATIONAL LIMITED,(JABALPUR) | E6: 2.792 | F6: MH49AT4594 | G6: 288/76 | H6: LOI-341 | I6: 45092
E7: =SUM(E2:E6) -> 17.305
A8: VIL/DC/23-24/394 | B8: 45108 | C8: MS ANGLE 100X100X8 MM | D8: KEC INTERNATIONAL LIMITED,(JABALPUR) | E8: 0.895 | F8: MH04FD6732 | G8: 368/76 | H8: LOI-341 | I8: 45092
E9: =SUM(E8) -> 0.895
A10: VIL/DC/23-24/398 | B10: 45109 | C10: MS ANGLE 100X100X7 MM | D10: KEC INTERNATIONAL LIMITED,(JABALPUR) | E10: 1.03 | F10: MH40AK4183 | G10: 371/76 | H10: LOI-388 | I10: 45095
A11: VIL/DC/23-24/399 | B11: 45109 | C11: MS ANGLE 100X100X7 MM | D11: KEC INTERNATIONAL LIMITED,(JABALPUR) | E11: 0.773 | F11: MH40AK4183 | G11: 371/76 | H11: LOI-341 | I11: 45092
A12: VIL/DC/23-24/400 | B12: 45109 | C12: MS ANGLE 100X100X7 MM | D12: KEC INTERNATIONAL LIMITED,(JABALPUR) | E12: 1.156 | F12: MH40AK4183 | G12: 371/76 | H12: LOI-389 | I12: 45095
A13: VIL/DC/23-24/401 | B13: 45109 | C13: MS ANGLE 75X75X8 MM | D13: KEC INTERNATIONAL LIMITED,(JABALPUR) | E13: =3.762+18.882 -> 22.644 | F13: MH40AK4183 | G13: 371/76, 372/77 | H13: LOI-339 | I13: 45092
A14: VIL/DC/23-24/406 | B14: 45109 | C14: MS ANGLE 75X75X8 MM | D14: KEC INTERNATIONAL LIMITED,(JABALPUR) | E14: 29.556 | F14: MH40AK6075 | G14: 377/76, 372/77 | H14: LOI-339 | I14: 45092
E15: =SUM(E10:E14) -> 55.159
A16: VIL/DC/23-24/409 | B16: 45110 | C16: MS ANGLE 100X100X8 MM | D16: KEC INTERNATIONAL LIMITED,(JABALPUR) | E16: 1.72 | F16: MH49AT0403 | G16: 381/ 78 | H16: LOI-389 | I16: 45095
A17: VIL/DC/23-24/410 | B17: 45110 | C17: MS ANGLE 75X75X8 MM | D17: KEC INTERNATIONAL LIMITED,(JABALPUR) | E17: 1.728 | F17: MH49AT0403 | G17: 381/ 78, 382/79 | H17: LOI-339 | I17: 45092
A18: VIL/DC/23-24/410 | B18: 45110 | C18: MS ANGLE 80X80X8 MM | D18: KEC INTERNATIONAL LIMITED,(JABALPUR) | E18: =3.826+21.123 -> 24.949 | F18: MH49AT0403 | G18: 381/ 78, 382/79 | H18: LOI-339 | I18: 45092
E19: =SUM(E16:E18) -> 28.397
A20: VIL/DC/23-24/420 | B20: 45112 | C20: MS ANGLE 75X75X8 MM | D20: KEC INTERNATIONAL LIMITED,(JABALPUR) | E20: 0.824 | F20: MH40AK1958 | G20: 395/79 | H20: LOI-340 | I20: 45092
A21: VIL/DC/23-24/421 | B21: 45112 | C21: MS ANGLE 90X90X8 MM | D21: KEC INTERNATIONAL LIMITED,(JABALPUR) | E21: 2.408 | F21: MH40AK1958 | G21: 395/79 | H21: LOI-339 | I21: 45092
A22: VIL/DC/23-24/422 | B22: 45112 | C22: MS ANGLE 90X90X6 MM | D22: KEC INTERNATIONAL LIMITED,(JABALPUR) | E22: 2.957 | F22: MH40AK1958 | G22: 395/79 | H22: LOI-341 | I22: 45092
A23: VIL/DC/23-24/422 | B23: 45112 | C23: MS ANGLE 75X75X5 MM | D23: KEC INTERNATIONAL LIMITED,(JABALPUR) | E23: 0.554 | F23: MH40AK1958 | G23: 395/79 | H23: LOI-341 | I23: 45092
E24: =SUM(E20:E23) -> 6.743
A25: VIL/DC/23-24/454 | B25: 45117 | C25: MS ANGLE 75X75X8 MM | D25: KEC INTERNATIONAL LIMITED,(JABALPUR) | E25: 1.404 | F25: MH40N7379 | G25: 423/79 | H25: LOI-339 | I25: 45092
A26: VIL/DC/23-24/455 | B26: 45117 | C26: MS ANGLE 75X75X6 MM | D26: KEC INTERNATIONAL LIMITED,(JABALPUR) | E26: 0.165 | F26: MH40N7379 | G26: 423/79 | H26: LOI-340 | I26: 45092
E27: =SUM(E25:E26) -> 1.569
D39: JULY -23 Total Dispatched | E39: =SUM(E8:E38)/2 -> 92.763
D41: JUN -23 Dispatched Shift qty | E41: =+E7 -> 17.305
E43: =+E41+E39 -> 110.068

Sheet KEC JBP TRADING DISPATCHED JULY
A1: Invoice No. | B1: Invoice Dt | C1: Section | D1: PNAME | E1: QTYISSUED | F1: VEHICLE No. | G1: Po. No | H1: PORDERDATE | I1: RATE
A2: BB/23-24/0039 | B2: 45108 | C2: MS ANGLE 100X100X6 MM | D2: KEC INTERNATIONAL LTD.,JABALPUR | E2: 6.112 | F2: MH04FD6732 | G2: LOI-389 | H2: 45095 | I2: 72230
A3: BB/23-24/0040 | B3: 45108 | C3: HT ANGLE 90X90X7 MM | D3: KEC INTERNATIONAL LTD.,JABALPUR | E3: 6.458 | F3: MH04FD6732 | G3: LOI-388 | H3: 45095 | I3: 75670
A4: BB/23-24/0040 | B4: 45108 | C4: HT ANGLE 110X110X7 MM | D4: KEC INTERNATIONAL LTD.,JABALPUR | E4: 2.407 | F4: MH04FD6732 | G4: LOI-388 | H4: 45095 | I4: 51120
A5: BB/23-24/0040 | B5: 45108 | C5: HT ANGLE 100X100X6 MM | D5: KEC INTERNATIONAL LTD.,JABALPUR | E5: 3.556 | F5: MH04FD6732 | G5: LOI-388 | H5: 45095 | I5: 75670
A6: BB/23-24/0040 | B6: 45108 | C6: HT ANGLE 100X100X7 MM | D6: KEC INTERNATIONAL LTD.,JABALPUR | E6: 2.575 | F6: MH04FD6732 | G6: LOI-388 | H6: 45095 | I6: 75670
A7: BB/23-24/0040 | B7: 45108 | C7: HT ANGLE 90X90X6 MM | D7: KEC INTERNATIONAL LTD.,JABALPUR | E7: 5.791 | F7: MH04FD6732 | G7: LOI-388 | H7: 45095 | I7: 75670
A8: BB/23-24/0041 | B8: 45108 | C8: HT ANGLE 110X110X10 MM | D8: KEC INTERNATIONAL LTD.,JABALPUR | E8: 2.388 | F8: MH04FD6732 | G8: LOI-341 | H8: 45095 | I8: 51120
A9: BB/23-24/0041 | B9: 45108 | C9: HT ANGLE 90X90X6 MM | D9: KEC INTERNATIONAL LTD.,JABALPUR | E9: 0.765 | F9: MH04FD6732 | G9: LOI-341 | H9: 45095 | I9: 75670
A10: BB/23-24/0041 | B10: 45108 | C10: HT ANGLE 75X75X6 MM | D10: KEC INTERNATIONAL LTD.,JABALPUR | E10: 1.262 | F10: MH04FD6732 | G10: LOI-341 | H10: 45095 | I10: 75670
A11: BB/23-24/0041 | B11: 45108 | C11: HT ANGLE 100X100X8 MM | D11: KEC INTERNATIONAL LTD.,JABALPUR | E11: 0.579 | F11: MH04FD6732 | G11: LOI-341 | H11: 45095 | I11: 75670
E12: =SUM(E2:E11) -> 31.893
A13: BB/23-24/0042 | B13: 45109 | C13: HT ANGLE 100X100X7 MM | D13: KEC INTERNATIONAL LTD.,JABALPUR | E13: 1.03 | F13: MH40AK4183 | G13: LOI-388 | H13: 45095 | I13: 75670
A14: BB/23-24/0042 | B14: 45109 | C14: HT ANGLE 100X100X8 MM | D14: KEC INTERNATIONAL LTD.,JABALPUR | E14: 1.462 | F14: MH40AK4183 | G14: LOI-388 | H14: 45095 | I14: 75670
A15: BB/23-24/0042 | B15: 45109 | C15: HT ANGLE 110X110X7 MM | D15: KEC INTERNATIONAL LTD.,JABALPUR | E15: 1.989 | F15: MH40AK4183 | G15: LOI-388 | H15: 45095 | I15: 51120
A16: BB/23-24/0043 | B16: 45109 | C16: HT ANGLE 100X100X8 MM | D16: KEC INTERNATIONAL LTD.,JABALPUR | E16: 0.463 | F16: MH40AK4183 | G16: LOI-341 | H16: 45095 | I16: 75670
A17: BB/23-24/0043 | B17: 45109 | C17: HT ANGLE 75X75X6 MM | D17: KEC INTERNATIONAL LTD.,JABALPUR | E17: 0.412 | F17: MH40AK4183 | G17: LOI-341 | H17: 45095 | I17: 75670
A18: BB/23-24/0043 | B18: 45109 | C18: HT ANGLE 70X70X5 MM | D18: KEC INTERNATIONAL LTD.,JABALPUR | E18: 0.46 | F18: MH40AK4183 | G18: LOI-341 | H18: 45095 | I18: 57090
A19: BB/23-24/0043 | B19: 45109 | C19: HT ANGLE 70X70X6 MM | D19: KEC INTERNATIONAL LTD.,JABALPUR | E19: 0.227 | F19: MH40AK4183 | G19: LOI-341 | H19: 45095 | I19: 57090
A20: BB/23-24/0043 | B20: 45109 | C20: HT ANGLE 100X100X7 MM | D20: KEC INTERNATIONAL LTD.,JABALPUR | E20: 0.949 | F20: MH40AK4183 | G20: LOI-341 | H20: 45095 | I20: 75670
A21: BB/23-24/0045 | B21: 45109 | C21: MS ANGLE 90X90X6 MM | D21: KEC INTERNATIONAL LTD.,JABALPUR | E21: 2.988 | F21: MH40AK6075 | G21: LOI-389 | H21: 45095 | I21: 72230
E22: =SUM(E13:E21) -> 9.98
A23: BB/23-24/0046 | B23: 45110 | C23: MS ANGLE 90X90X5 MM | D23: KEC INTERNATIONAL LTD.,JABALPUR | E23: 1.673 | F23: MH49AT0403 | G23: LOI-388 | H23: 45095 | I23: 72230
A24: BB/23-24/0047 | B24: 45110 | C24: MS ANGLE 90X90X6 MM | D24: KEC INTERNATIONAL LTD.,JABALPUR | E24: 2.49 | F24: MH49AT0403 | G24: LOI-389 | H24: 45095 | I24: 72230
E25: =SUM(E23:E24) -> 4.163
A26: BB/23-24/0051 | B26: 45112 | C26: HT ANGLE 120X120X10 MM | D26: KEC INTERNATIONAL LTD.,JABALPUR | E26: 1.525 | F26: MH40AK1958 | G26: LOI-341 | H26: 45095 | I26: 51120
A27: BB/23-24/0051 | B27: 45112 | C27: HT ANGLE 120X120X8 MM | D27: KEC INTERNATIONAL LTD.,JABALPUR | E27: 0.513 | F27: MH40AK1958 | G27: LOI-341 | H27: 45095 | I27: 51120
A28: BB/23-24/0051 | B28: 45112 | C28: HT ANGLE 130X130X10 MM | D28: KEC INTERNATIONAL LTD.,JABALPUR | E28: 1.088 | F28: MH40AK1958 | G28: LOI-341 | H28: 45095 | I28: 51120
A29: BB/23-24/0051 | B29: 45112 | C29: HT ANGLE 80X80X6 MM | D29: KEC INTERNATIONAL LTD.,JABALPUR | E29: 1.409 | F29: MH40AK1958 | G29: LOI-341 | H29: 45095 | I29: 57340
A30: BB/23-24/0052 | B30: 45112 | C30: HT ANGLE 110X110X8 MM | D30: KEC INTERNATIONAL LTD.,JABALPUR | E30: 3.419 | F30: MH40AK1958 | G30: LOI-388 | H30: 45095 | I30: 51120
A31: BB/23-24/0052 | B31: 45112 | C31: HT ANGLE 120X120X8 MM | D31: KEC INTERNATIONAL LTD.,JABALPUR | E31: 1.407 | F31: MH40AK1958 | G31: LOI-388 | H31: 45095 | I31: 51120
A32: BB/23-24/0052 | B32: 45112 | C32: HT ANGLE 120X120X9 MM | D32: KEC INTERNATIONAL LTD.,JABALPUR | E32: 3.564 | F32: MH40AK1958 | G32: LOI-388 | H32: 45095 | I32: 51120
A33: BB/23-24/0052 | B33: 45112 | C33: HT ANGLE 80X80X5 MM | D33: KEC INTERNATIONAL LTD.,JABALPUR | E33: 3.258 | F33: MH40AK1958 | G33: LOI-388 | H33: 45095 | I33: 75670
A34: BB/23-24/0052 | B34: 45112 | C34: HT ANGLE 80X80X6 MM | D34: KEC INTERNATIONAL LTD.,JABALPUR | E34: 6.182 | F34: MH40AK1958 | G34: LOI-388 | H34: 45095 | I34: 75670
A35: BB/23-24/0052 | B35: 45112 | C35: HT ANGLE 90X90X5 MM | D35: KEC INTERNATIONAL LTD.,JABALPUR | E35: 2.994 | F35: MH40AK1958 | G35: LOI-388 | H35: 45095 | I35: 75670
E36: =SUM(E26:E35) -> 25.359
A37: BB/23-24/0053 | B37: 45113 | C37: MS ANGLE 80X80X6 MM | D37: KEC INTERNATIONAL LTD.,JABALPUR | E37: 3.699 | F37: MH49AT1947 | G37: LOI-434 | H37: 45106 | I37: 59920
A38: BB/23-24/0054 | B38: 45113 | C38: MS ANGLE 80X80X6 MM | D38: KEC INTERNATIONAL LTD.,JABALPUR | E38: 0.747 | F38: MH49AT1947 | G38: LOI-435 | H38: 45106 | I38: 59920
A39: BB/23-24/0054 | B39: 45113 | C39: HT ANGLE 80X80X5 MM | D39: KEC INTERNATIONAL LTD.,JABALPUR | E39: 4.241 | F39: MH49AT1947 | G39: LOI-435 | H39: 45106 | I39: 75670
A40: BB/23-24/0056 | B40: 45113 | C40: MS ANGLE 75X75X6 MM | D40: KEC INTERNATIONAL LTD.,JABALPUR | E40: 1.973 | F40: MH49AT1947 | G40: LOI-439 | H40: 45109 | I40: 59920
A41: BB/23-24/0057 | B41: 45113 | C41: HT ANGLE 130X130X10 MM | D41: KEC INTERNATIONAL LTD.,JABALPUR | E41: 2.366 | F41: MH49AT1947 | G41: LOI-388 | H41: 45095 | I41: 51120
A42: BB/23-24/0058 | B42: 45113 | C42: HT ANGLE 75X75X6 MM | D42: KEC INTERNATIONAL LTD.,JABALPUR | E42: 3.293 | F42: MH49AT1947 | G42: LOI-441 | H42: 45109 | I42: 75670
A43: BB/23-24/0058 | B43: 45113 | C43: HT ANGLE 75X75X5 MM | D43: KEC INTERNATIONAL LTD.,JABALPUR | E43: 2.889 | F43: MH49AT1947 | G43: LOI-441 | H43: 45109 | I43: 75670
A44: BB/23-24/0058 | B44: 45113 | C44: MS ANGLE 75X75X5 MM | D44: KEC INTERNATIONAL LTD.,JABALPUR | E44: 0.464 | F44: MH49AT1947 | G44: LOI-441 | H44: 45109 | I44: 59920
E45: =SUM(E37:E44) -> 19.672
A46: BB/23-24/0062 | B46: 45117 | C46: MS ANGLE 90X90X6 MM | D46: KEC INTERNATIONAL LTD.,JABALPUR | E46: 1.594 | F46: MH40N7379 | G46: LOI-434 | H46: 45106 | I46: 59920
A47: BB/23-24/0063 | B47: 45117 | C47: MS ANGLE 90X90X6 MM | D47: KEC INTERNATIONAL LTD.,JABALPUR | E47: 4.986 | F47: MH40N7379 | G47: LOI-435 | H47: 45106 | I47: 59920
A48: BB/23-24/0063 | B48: 45117 | C48: HT ANGLE 80X80X6 MM | D48: KEC INTERNATIONAL LTD.,JABALPUR | E48: 1.906 | F48: MH40N7379 | G48: LOI-435 | H48: 45106 | I48: 75670
A49: BB/23-24/0064 | B49: 45117 | C49: MS ANGLE 75X75X6 MM | D49: KEC INTERNATIONAL LTD.,JABALPUR | E49: 0.412 | F49: MH40N7379 | G49: LOI-339 | H49: 45092 | I49: 59920
A50: BB/23-24/0064 | B50: 45117 | C50: MS ANGLE 90X90X8 MM | D50: KEC INTERNATIONAL LTD.,JABALPUR | E50: 0.786 | F50: MH40N7379 | G50: LOI-339 | H50: 45092 | I50: 59920
E51: =SUM(E46:E50) -> 9.684
A52: BB/23-24/0067 | B52: 45118 | C52: HT ANGLE 80X80X5 MM | D52: KEC INTERNATIONAL LTD.,JABALPUR | E52: 3.572 | F52: MH40Y1047 | G52: LOI-435 | H52: 45106 | I52: 75670
A53: BB/23-24/0067 | B53: 45118 | C53: HT ANGLE 80X80X6 MM | D53: KEC INTERNATIONAL LTD.,JABALPUR | E53: 5.929 | F53: MH40Y1047 | G53: LOI-435 | H53: 45106 | I53: 75670
A54: BB/23-24/0067 | B54: 45118 | C54: MS ANGLE 80X80X6 MM | D54: KEC INTERNATIONAL LTD.,JABALPUR | E54: 0.107 | F54: MH40Y1047 | G54: LOI-435 | H54: 45106 | I54: 59920
A55: BB/23-24/0067 | B55: 45118 | C55: MS ANGLE 90X90X6 MM | D55: KEC INTERNATIONAL LTD.,JABALPUR | E55: 1.569 | F55: MH40Y1047 | G55: LOI-435 | H55: 45106 | I55: 59920
A56: BB/23-24/0068 | B56: 45118 | C56: MS ANGLE 75X75X5 MM | D56: KEC INTERNATIONAL LTD.,JABALPUR | E56: 2.765 | F56: MH40Y1047 | G56: LOI-439 | H56: 45106 | I56: 59920
A57: BB/23-24/0069 | B57: 45118 | C57: HT ANGLE 90X90X6 MM | D57: KEC INTERNATIONAL LTD.,JABALPUR | E57: 8.648 | F57: MH40Y1047 | G57: LOI-441 | H57: 45109 | I57: 56570
A58: BB/23-24/0069 | B58: 45118 | C58: MS ANGLE 75X75X6 MM | D58: KEC INTERNATIONAL LTD.,JABALPUR | E58: 2.206 | F58: MH40Y1047 | G58: LOI-441 | H58: 45109 | I58: 59920
A59: BB/23-24/0070 | B59: 45118 | C59: MS ANGLE 90X90X6 MM | D59: KEC INTERNATIONAL LTD.,JABALPUR | E59: 6.175 | F59: MH40Y1047 | G59: LOI-434 | H59: 45106 | I59: 59920
E60: =SUM(E52:E59) -> 30.971
A61: BB/23-24/0072 | B61: 45120 | C61: HT ANGLE 75X75X5 MM | D61: KEC INTERNATIONAL LTD.,JABALPUR | E61: 0.042 | F61: MH40AK2189 | G61: LOI-341 | H61: 45095 | I61: 75670
A62: BB/23-24/0072 | B62: 45120 | C62: HT ANGLE 90X90X7 MM | D62: KEC INTERNATIONAL LTD.,JABALPUR | E62: 0.573 | F62: MH40AK2189 | G62: LOI-341 | H62: 45095 | I62: 75670
A63: BB/23-24/0072 | B63: 45120 | C63: HT ANGLE 90X90X8 MM | D63: KEC INTERNATIONAL LTD.,JABALPUR | E63: 1.002 | F63: MH40AK2189 | G63: LOI-341 | H63: 45095 | I63: 75670
A64: BB/23-24/0073 | B64: 45120 | C64: HT ANGLE 120X120X9 MM | D64: KEC INTERNATIONAL LTD.,JABALPUR | E64: 0.574 | F64: MH40AK2189 | G64: LOI-388 | H64: 45095 | I64: 51120
A65: BB/23-24/0073 | B65: 45120 | C65: HT ANGLE 130X130X12 MM | D65: KEC INTERNATIONAL LTD.,JABALPUR | E65: 0.778 | F65: MH40AK2189 | G65: LOI-388 | H65: 45095 | I65: 51120
A66: BB/23-24/0073 | B66: 45120 | C66: HT ANGLE 90X90X5 MM | D66: KEC INTERNATIONAL LTD.,JABALPUR | E66: 0.251 | F66: MH40AK2189 | G66: LOI-388 | H66: 45095 | I66: 75670
A67: BB/23-24/0073 | B67: 45120 | C67: HT ANGLE 110X110X6 MM | D67: KEC INTERNATIONAL LTD.,JABALPUR | E67: 1.537 | F67: MH40AK2189 | G67: LOI-388 | H67: 45095 | I67: 51120
A68: BB/23-24/0074 | B68: 45120 | C68: HT ANGLE 80X80X5 MM | D68: KEC INTERNATIONAL LTD.,JABALPUR | E68: 0.971 | F68: MH40AK2189 | G68: LOI-435 | H68: 45106 | I68: 75670
A69: BB/23-24/0074 | B69: 45120 | C69: HT ANGLE 80X80X6 MM | D69: KEC INTERNATIONAL LTD.,JABALPUR | E69: 0.177 | F69: MH40AK2189 | G69: LOI-435 | H69: 45106 | I69: 75670
A70: BB/23-24/0074 | B70: 45120 | C70: MS ANGLE 90X90X5 MM | D70: KEC INTERNATIONAL LTD.,JABALPUR | E70: 3.961 | F70: MH40AK2189 | G70: LOI-435 | H70: 45106 | I70: 59920
A71: BB/23-24/0075 | B71: 45120 | C71: MS ANGLE 75X75X6 MM | D71: KEC INTERNATIONAL LTD.,JABALPUR | E71: 1.804 | F71: MH40AK2189 | G71: LOI-439 | H71: 45106 | I71: 59920
A72: BB/23-24/0076 | B72: 45120 | C72: HT ANGLE 75X75X5 MM | D72: KEC INTERNATIONAL LTD.,JABALPUR | E72: 2.747 | F72: MH40AK2189 | G72: LOI-441 | H72: 45109 | I72: 75670
... A76: BB/23-24/0076 | B76: 45120 | C76: HT ANGLE 90X90X7 MM | D76: KEC INTERNATIONAL LTD.,JABALPUR | E76: 4.462 | F76: MH40AK2189 | G76: LOI-441 | H76: 45109 | I76: 56570
E77: =SUM(E61:E76) -> 32.26
A78: BB/23-24/0077 | B78: 45122 | C78: HT ANGLE 150X150X12 MM | D78: KEC INTERNATIONAL LTD.,JABALPUR | E78: 0.729 | F78: MH40N7423 | G78: LOI-341 | H78: 45095 | I78: 51520
A79: BB/23-24/0077 | B79: 45122 | C79: MS ANGLE 100X100X6 MM | D79: KEC INTERNATIONAL LTD.,JABALPUR | E79: 0.85 | F79: MH40N7423 | G79: LOI-341 | H79: 45095 | I79: 59920
A80: BB/23-24/0078 | B80: 45122 | C80: HT ANGLE 130X130X9 MM | D80: KEC INTERNATIONAL LTD.,JABALPUR | E80: 1.366 | F80: MH40N7423 | G80: LOI-388 | H80: 45095 | I80: 51120
A81: BB/23-24/0079 | B81: 45122 | C81: HT ANGLE 130X130X12 MM | D81: KEC INTERNATIONAL LTD.,JABALPUR | E81: 3.204 | F81: MH40N7423 | G81: LOI-435 | H81: 45106 | I81: 51120
A82: BB/23-24/0079 | B82: 45122 | C82: MS ANGLE 80X80X5 MM | D82: KEC INTERNATIONAL LTD.,JABALPUR | E82: 0.213 | F82: MH40N7423 | G82: LOI-435 | H82: 45106 | I82: 59920
A83: BB/23-24/0079 | B83: 45122 | C83: MS ANGLE 90X90X5 MM | D83: KEC INTERNATIONAL LTD.,JABALPUR | E83: 0.128 | F83: MH40N7423 | G83: LOI-435 | H83: 45106 | I83: 59920
A84: BB/23-24/0080 | B84: 45122 | C84: HT ANGLE 90X90X7 MM | D84: KEC INTERNATIONAL LTD.,JABALPUR | E84: 1.027 | F84: MH40N7423 | G84: LOI-441 | H84: 45109 | I84: 56570
A85: BB/23-24/0081 | B85: 45122 | C85: HT ANGLE 100X100X10 MM | D85: KEC INTERNATIONAL LTD.,JABALPUR | E85: 0.722 | F85: MH40N7423 | G85: LOI-423 | H85: 45111 | I85: 56570
A86: BB/23-24/0082 | B86: 45122 | C86: HT ANGLE 100X100X8 MM | D86: KEC INTERNATIONAL LTD.,JABALPUR | E86: 5.597 | F86: MH40N7423 | G86: LOI-447 | H86: 45111 | I86: 56570
E87: =SUM(E78:E86) -> 13.836
A88: BB/23-24/0084 | B88: 45128 | C88: HT ANGLE 100X100X6 MM | D88: KEC INTERNATIONAL LTD.,JABALPUR | E88: 3.999 | F88: MH40BG0309 | G88: LOI-422 | H88: 45111 | I88: 56570
A89: BB/23-24/0084 | B89: 45128 | C89: HT ANGLE 100X100X7 MM | D89: KEC INTERNATIONAL LTD.,JABALPUR | E89: 1.519 | F89: MH40BG0309 | G89: LOI-422 | H89: 45111 | I89: 56570
A90: BB/23-24/0085 | B90: 45128 | C90: MS ANGLE 100X100X6 MM | D90: KEC INTERNATIONAL LTD.,JABALPUR | E90: 3.111 | F90: MH40BG0309 | G90: LOI-446 | H90: 45111 | I90: 36470
A91: BB/23-24/0085 | B91: 45128 | C91: MS ANGLE 100X100X8 MM | D91: KEC INTERNATIONAL LTD.,JABALPUR | E91: 5.856 | F91: MH40BG0309 | G91: LOI-446 | H91: 45111 | I91: 59920
A92: BB/23-24/0086 | B92: 45128 | C92: HT ANGLE 100X100X6 MM | D92: KEC INTERNATIONAL LTD.,JABALPUR | E92: 2.746 | F92: MH40BG0309 | G92: LOI-447 | H92: 45111 | I92: 56570
A93: BB/23-24/0086 | B93: 45128 | C93: HT ANGLE 100X100X7 MM | D93: KEC INTERNATIONAL LTD.,JABALPUR | E93: 7.404 | F93: MH40BG0309 | G93: LOI-447 | H93: 45111 | I93: 56570
A94: BB/23-24/0087 | B94: 45128 | C94: HT ANGLE 110X110X6 MM | D94: KEC INTERNATIONAL LTD.,JABALPUR | E94: 4.356 | F94: MH40BG0309 | G94: LOI-504 | H94: 45111 | I94: 51120
A95: BB/23-24/0087 | B95: 45128 | C95: HT ANGLE 150X150X12 MM | D95: KEC INTERNATIONAL LTD.,JABALPUR | E95: 2.351 | F95: MH40BG0309 | G95: LOI-504 | H95: 45111 | I95: 51520
E96: =SUM(E88:E95) -> 31.342
A97: BB/23-24/0088 | B97: 45129 | C97: HT ANGLE 100X100X7 MM | D97: KEC INTERNATIONAL LTD.,JABALPUR | E97: 6.459 | F97: MH49AT1947 | G97: LOI-447 | H97: 45111 | I97: 56570
A98: BB/23-24/0089 | B98: 45129 | C98: HT ANGLE 100X100X7 MM | D98: KEC INTERNATIONAL LTD.,JABALPUR | E98: 0.257 | F98: MH49AT1947 | G98: LOI-502 | H98: 45111 | I98: 56570
A99: BB/23-24/0090 | B99: 45129 | C99: HT ANGLE 110X110X7 MM | D99: KEC INTERNATIONAL LTD.,JABALPUR | E99: 2.177 | F99: MH49AT1947 | G99: LOI-504 | H99: 45111 | I99: 51120
A100: BB/23-24/0090 | B100: 45129 | C100: HT ANGLE 110X110X8 MM | D100: KEC INTERNATIONAL LTD.,JABALPUR | E100: 6.234 | F100: MH49AT1947 | G100: LOI-504 | H100: 45111 | I100: 51120
A101: BB/23-24/0091 | B101: 45129 | C101: HT ANGLE 110X110X7 MM | D101: KEC INTERNATIONAL LTD.,JABALPUR | E101: 4.805 | F101: MH49AT1947 | G101: LOI-422 | H101: 45111 | I101: 51120
A102: BB/23-24/0091 | B102: 45129 | C102: HT ANGLE 100X100X7 MM | D102: KEC INTERNATIONAL LTD.,JABALPUR | E102: 1.569 | F102: MH49AT1947 | G102: LOI-422 | H102: 45111 | I102: 56570
A103: BB/23-24/0092 | B103: 45129 | C103: MS ANGLE 100X100X7 MM | D103: KEC INTERNATIONAL LTD.,JABALPUR | E103: 4.622 | F103: MH49AT1947 | G103: LOI-446 | H103: 45111 | I103: 36470
...

Sheet KEC BB DISPATCHED AUG
A1: Invoice No. | B1: Invoice Dt | C1: Section | D1: PNAME | E1: QTY ISSUED | F1: VEHICLE No. | G1: Jobwork Challan No. | H1: Po. No | I1: PO ORDER DATE
A2: VIL/DC/23-24/589 | B2: 45136 | C2: HT ANGLE 130X130X10 MM | D2: KEC INTERNATIONAL LIMITED,(BUTIBORI) | E2: =7.63+7.147 -> 14.777 | F2: MH40Y3944 | G2: 516/171, 517/172 | H2: LOI-497 | I2: 45111
A3: VIL/DC/23-24/590 | B3: 45136 | C3: HT ANGLE 130X130X10 MM | D3: KEC INTERNATIONAL LIMITED,(BUTIBORI) | E3: =9.72+7.137 -> 16.857 | F3: MH40Y3944 | G3: 517/172, 518/173 | H3: LOI-498 | I3: 45111
A4: VIL/DC/23-24/591 | B4: 45136 | C4: HT ANGLE 130X130X8 MM | D4: KEC INTERNATIONAL LIMITED,(BUTIBORI) | E4: 12.41 | F4: MH40AK5144 | G4: 519/174 | H4: LOI-497 | I4: 45111
A5: VIL/DC/23-24/591 | B5: 45136 | C5: HT ANGLE 130X130X9 MM | D5: KEC INTERNATIONAL LIMITED,(BUTIBORI) | E5: 7.756 | F5: MH40AK5144 | G5: 519/174 | H5: LOI-497 | I5: 45111
A6: VIL/DC/23-24/592 | B6: 45136 | C6: HT ANGLE 130X130X8 MM | D6: KEC INTERNATIONAL LIMITED,(BUTIBORI) | E6: 3 | F6: MH40AK5144 | G6: 519/174 | H6: LOI-498 | I6: 45111
A7: VIL/DC/23-24/592 | B7: 45136 | C7: HT ANGLE 130X130X9 MM | D7: KEC INTERNATIONAL LIMITED,(BUTIBORI) | E7: 5.514 | F7: MH40AK5144 | G7: 519/174 | H7: LOI-498 | I7: 45111
A8: VIL/DC/23-24/593 | B8: 45136 | C8: HT ANGLE 120X120X8 MM | D8: KEC INTERNATIONAL LIMITED,(BUTIBORI) | E8: 2.559 | F8: MH40AK5144 | G8: 519/174 | H8: LOI-494 | I8: 45111
E9: =SUM(E2:E8) -> 62.873
A10: VIL/DC/23-24/594 | B10: 45137 | C10: HT ANGLE 130X130X10 MM | D10: KEC INTERNATIONAL LIMITED,(BUTIBORI) | E10: =5.504+1.384 -> 6.888 | F10: MH40AK5044 | G10: 520/173, 521/174 | H10: LOI-497 | I10: 45111
A11: VIL/DC/23-24/595 | B11: 45137 | C11: HT ANGLE 130X130X10 MM | D11: KEC INTERNATIONAL LIMITED,(BUTIBORI) | E11: =4.941+1.003 -> 5.944 | F11: MH40AK5044 | G11: 521/174, 522/175 | H11: LOI-498 | I11: 45111
A12: VIL/DC/23-24/596 | B12: 45137 | C12: HT ANGLE 150X150X18 MM | D12: KEC INTERNATIONAL LIMITED,(BUTIBORI) | E12: =1.104+10.534+6.399 -> 18.037 | F12: MH40AK5044 | G12: 522/175, 523/176, 524/177 | H12: LOI-494 | I12: 45111
A13: VIL/DC/23-24/597 | B13: 45137 | C13: HT ANGLE 150X150X18 MM | D13: KEC INTERNATIONAL LIMITED,(BUTIBORI) | E13: =6.242+23.48 -> 29.722 | F13: MH40Y3944 | G13: 525/177, 526/178 | H13: LOI-494 | I13: 45111
A14: VIL/DC/23-24/598 | B14: 45137 | C14: HT ANGLE 150X150X18 MM | D14: KEC INTERNATIONAL LIMITED,(BUTIBORI) | E14: =1.332+0.256 -> 1.588 | F14: MH40Y3944 | G14: 526/178, 527/179 | H14: LOI-495 | I14: 45111
A15: VIL/DC/23-24/599 | B15: 45137 | C15: HT ANGLE 150X150X18 MM | D15: KEC INTERNATIONAL LIMITED,(BUTIBORI) | E15: =12.059+12.641+0.236 -> 24.936 | F15: MH40Y4944 | G15: 528/179, 529/180, 530/181 | H15: LOI-494 | I15: 45111
A16: VIL/DC/23-24/600 | B16: 45137 | C16: HT ANGLE 150X150X18 MM | D16: KEC INTERNATIONAL LIMITED,(BUTIBORI) | E16: 3.176 | F16: MH40Y4944 | G16: 530/181 | H16: LOI-495 | I16: 45111
A17: VIL/DC/23-24/601 | B17: 45137 | C17: HT ANGLE 150X150X20 MM | D17: KEC INTERNATIONAL LIMITED,(BUTIBORI) | E17: 3.757 | F17: MH40Y4944 | G17: 530/181 | H17: LOI-498 | I17: 45111
E18: =SUM(E10:E17) -> 94.048
A19: VIL/DC/23-24/602 | B19: 45138 | C19: HT ANGLE 150X150X18 MM | D19: KEC INTERNATIONAL LIMITED,(BUTIBORI) | E19: =3.365+2.107+12.641+0.51 -> 18.623 | F19: MH40Y3944 | G19: 531/181, 532/182, 533/183, 534/184 | H19: LOI-494 | I19: 45111
A20: VIL/DC/23-24/603 | B20: 45138 | C20: HT ANGLE 150X150X18 MM | D20: KEC INTERNATIONAL LIMITED,(BUTIBORI) | E20: 5.125 | F20: MH40Y3944 | G20: 534/184 | H20: LOI-495 | I20: 45111
A21: VIL/DC/23-24/604 | B21: 45138 | C21: HT ANGLE 150X150X18 MM | D21: KEC INTERNATIONAL LIMITED,(BUTIBORI) | E21: 2.647 | F21: MH40Y3944 | G21: 534/184 | H21: LOI-497 | I21: 45111
A22: VIL/DC/23-24/605 | B22: 45138 | C22: HT ANGLE 150X150X18 MM | D22: KEC INTERNATIONAL LIMITED,(BUTIBORI) | E22: 1.973 | F22: MH40Y3944 | G22: 534/184 | H22: LOI-500 | I22: 45111
A23: VIL/DC/23-24/606 | B23: 45138 | C23: HT ANGLE 150X150X18 MM | D23: KEC INTERNATIONAL LIMITED,(BUTIBORI) | E23: 3.617 | F23: MH40Y3944 | G23: 534/184 | H23: LOI-498 | I23: 45111
A24: VIL/DC/23-24/607 | B24: 45138 | C24: HT ANGLE 150X150X15 MM | D24: KEC INTERNATIONAL LIMITED,(BUTIBORI) | E24: 31.93 | F24: MH40Y2044 | G24: 535/184, 536/185, 537/186 | H24: LOI-498 | I24: 45111
E25: =SUM(E19:E24) -> 63.915
A26: VIL/DC/23-24/608 | B26: 45139 | C26: HT ANGLE 150X150X15 MM | D26: KEC INTERNATIONAL LIMITED,(BUTIBORI) | E26: 3.596 | F26: MH40Y3944 | G26: 538/186 | H26: LOI-497 | I26: 45111
A27: VIL/DC/23-24/609 | B27: 45139 | C27: HT ANGLE 150X150X15 MM | D27: KEC INTERNATIONAL LIMITED,(BUTIBORI) | E27: =0.42+6.824 -> 7.244 | F27: MH40Y3944 | G27: 538/186, 539/187 | H27: LOI-495 | I27: 45111
A28: VIL/DC/23-24/610 | B28: 45139 | C28: HT ANGLE 150X150X15 MM | D28: KEC INTERNATIONAL LIMITED,(BUTIBORI) | E28: =5.817+12.654+3.332 -> 21.803 | F28: MH40Y3944 | G28: 539/187, 540/188, 541/189 | H28: LOI-498 | I28: 45111
A29: VIL/DC/23-24/611 | B29: 45139 | C29: HT ANGLE 150X150X15 MM | D29: KEC INTERNATIONAL LIMITED,(DUBAI) | E29: =8.906+12.628+3.344 -> 24.878 | F29: MH31FC2623 | G29: 542/189, 543/190, 544/191 | H29: LOI-193 | I29: 45064
A30: VIL/DC/23-24/612 | B30: 45139 | C30: HT ANGLE 150X150X14 MM | D30: KEC INTERNATIONAL LIMITED,(BUTIBORI) | E30: =6.211+2.561 -> 8.772 | F30: MH40Y4944 | G30: 545/ 200, 546/205 | H30: LOI-498 | I30: 45111
A31: VIL/DC/23-24/612 | B31: 45139 | C31: HT ANGLE 150X150X15 MM | D31: KEC INTERNATIONAL LIMITED,(BUTIBORI) | E31: 7.261 | F31: MH40Y4944 | G31: 545/ 200, 546/205 | H31: LOI-498 | I31: 45111
A32: VIL/DC/23-24/612 | B32: 45139 | C32: HT ANGLE 130X130X11 MM | D32: KEC INTERNATIONAL LIMITED,(BUTIBORI) | E32: 2.083 | F32: MH40Y4944 | G32: 545/ 200, 546/205 | H32: LOI-498 | I32: 45111
A33: VIL/DC/23-24/613 | B33: 45139 | C33: HT ANGLE 150X150X14 MM | D33: KEC INTERNATIONAL LIMITED,(BUTIBORI) | E33: 4.595 | F33: MH40Y4944 | G33: 546/205 | H33: LOI-497 | I33: 45111
A34: VIL/DC/23-24/613 | B34: 45139 | C34: HT ANGLE 130X130X11 MM | D34: KEC INTERNATIONAL LIMITED,(BUTIBORI) | E34: 3.431 | F34: MH40Y4944 | G34: 546/205 | H34: LOI-497 | I34: 45111
A35: VIL/DC/23-24/614 | B35: 45139 | C35: HT ANGLE 150X150X15 MM | D35: KEC INTERNATIONAL LIMITED,(BUTIBORI) | E35: 5.577 | F35: MH40Y4944 | G35: 546/205 | H35: LOI-495 | I35: 45111
A36: VIL/DC/23-24/615 | B36: 45139 | C36: HT ANGLE 150X150X15 MM | D36: KEC INTERNATIONAL LIMITED,(DUBAI) | E36: 19.436 | F36: MH31FC2622 | G36: 547/206 | H36: LOI-193 | I36: 45064
A37: VIL/DC/23-24/616 | B37: 45139 | C37: HT ANGLE 150X150X15 MM | D37: KEC INTERNATIONAL LIMITED,(DUBAI) | E37: 5.779 | F37: MH31FC2622 | G37: 547/206 | H37: LOI-553 | I37: 45125
A38: VIL/DC/23-24/617 | B38: 45139 | C38: HT ANGLE 150X150X14 MM | D38: KEC INTERNATIONAL LIMITED,(BUTIBORI) | E38: 24.581 | F38: MH40Y3944 | G38: 548/191 | H38: LOI-497 | I38: 45111
A39: VIL/DC/23-24/618 | B39: 45139 | C39: HT ANGLE 150X150X14 MM | D39: KEC INTERNATIONAL LIMITED,(BUTIBORI) | E39: 6.831 | F39: MH40Y3944 | G39: 548/191 | H39: LOI-498 | I39: 45111
E40: =SUM(E26:E39) -> 145.867
A41: VIL/DC/23-24/619 | B41: 45141 | C41: HT ANGLE 150X150X15 MM | D41: KEC INTERNATIONAL LIMITED,(DUBAI) | E41: =4.218+6.102+1.73 -> 12.05 | F41: MH40CM3180 | G41: 549/193, 550/194, 551/199 | H41: LOI-193 | I41: 45064
A42: VIL/DC/23-24/620 | B42: 45141 | C42: HT ANGLE 150X150X15 MM | D42: KEC INTERNATIONAL LIMITED,(DUBAI) | E42: =4.512+7.917 -> 12.429 | F42: MH40CM3180 | G42: 551/199, 552/204 | H42: LOI-553 | I42: 45125
A43: VIL/DC/23-24/621 | B43: 45141 | C43: HT ANGLE 150X150X10 MM | D43: KEC INTERNATIONAL LIMITED,(DUBAI) | E43: 0.336 | F43: MH40CM3180 | G43: 552/204 | H43: LOI-272 | I43: 45082
A44: VIL/DC/23-24/622 | B44: 45141 | C44: HT ANGLE 130X130X8 MM | D44: KEC INTERNATIONAL LIMITED,(BUTIBORI) | E44: 0.202 | F44: MH40Y3144 | G44: 553/207 | H44: LOI-433 | I44: 45111
A45: VIL/DC/23-24/623 | B45: 45141 | C45: MS ANGLE 100X100X7 MM | D45: KEC INTERNATIONAL LIMITED,(BUTIBORI) | E45: 0.08 | F45: MH40Y3144 | G45: 553/207 | H45: LOI-443 | I45: 45111
A46: VIL/DC/23-24/624 | B46: 45141 | C46: HT ANGLE 130X130X11 MM | D46: KEC INTERNATIONAL LIMITED,(BUTIBORI) | E46: 0.723 | F46: MH40Y3144 | G46: 553/207 | H46: LOI-497 | I46: 45111
A47: VIL/DC/23-24/624 | B47: 45141 | C47: HT ANGLE 150X150X14 MM | D47: KEC INTERNATIONAL LIMITED,(BUTIBORI) | E47: 17.696 | F47: MH40Y3144 | G47: 553/207 | H47: LOI-497 | I47: 45111
A48: VIL/DC/23-24/624 | B48: 45141 | C48: HT ANGLE 110X110X10 MM | D48: KEC INTERNATIONAL LIMITED,(BUTIBORI) | E48: 1.484 | F48: MH40Y3144 | G48: 553/207 | H48: LOI-497 | I48: 45111
A49: VIL/DC/23-24/625 | B49: 45141 | C49: MS ANGLE 100X100X6 MM | D49: KEC INTERNATIONAL LIMITED,(BUTIBORI) | E49: 1.986 | F49: MH40Y3144 | G49: 553/207 | H49: LOI-495 | I49: 45111
A50: VIL/DC/23-24/625 | B50: 45141 | C50: MS ANGLE 120X120X8 MM | D50: KEC INTERNATIONAL LIMITED,(BUTIBORI) | E50: 1.399 | F50: MH40Y3144 | G50: 553/207 | H50: LOI-495 | I50: 45111
A51: VIL/DC/23-24/626 | B51: 45141 | C51: MS ANGLE 100X100X7 MM | D51: KEC INTERNATIONAL LIMITED,(BUTIBORI) | E51: 1.606 | F51: MH40Y3144 | G51: 553/207 | H51: LOI-501 | I51: 45111
A52: VIL/DC/23-24/627 | B52: 45141 | C52: HT ANGLE 130X130X9 MM | D52: KEC INTERNATIONAL LIMITED,(BUTIBORI) | E52: =0.4+1.768 -> 2.168 | F52: MH40Y3144 | G52: 553/207, 554/208 | H52: LOI-498 | I52: 45111
A53: VIL/DC/23-24/627 | B53: 45141 | C53: HT ANGLE 150X150X14 MM | D53: KEC INTERNATIONAL LIMITED,(BUTIBORI) | E53: 5.536 | F53: MH40Y3144 | G53: 553/207, 554/208 | H53: LOI-498 | I53: 45111
A54: VIL/DC/23-24/628 | B54: 45141 | C54: HT ANGLE 150X150X14 MM | D54: KEC INTERNATIONAL LIMITED,(BUTIBORI) | E54: 16.774 | F54: MH40Y3944 | G54: 555/208 | H54: LOI-497 | I54: 45111
A55: VIL/DC/23-24/629 | B55: 45141 | C55: HT ANGLE 150X150X14 MM | D55: KEC INTERNATIONAL LIMITED,(BUTIBORI) | E55: =5.362+0.989 -> 6.351 | F55: MH40Y3944 | G55: 555/208, 556/209 | H55: LOI-498 | I55: 45111
A56: VIL/DC/23-24/629 | B56: 45141 | C56: HT ANGLE 150X150X15 MM | D56: KEC INTERNATIONAL LIMITED,(BUTIBORI) | E56: 9.09 | F56: MH40Y3944 | G56: 555/208, 556/209 | H56: LOI-498 | I56: 45111
A57: VIL/DC/23-24/630 | B57: 45141 | C57: HT ANGLE 150X150X16 MM | D57: KEC INTERNATIONAL LIMITED,(BUTIBORI) | E57: =2.593+1.955+2.107+2.12+11.139 -> 19.914 | F57: MH40BG0544 | G57: 557/191, 558/292, 559/195, 560/196, 561/210 | H57: LOI-497 | I57: 45111
A58: VIL/DC/23-24/631 | B58: 45141 | C58: HT ANGLE 150X150X16 MM | D58: KEC INTERNATIONAL LIMITED,(BUTIBORI) | E58: 11.352 | F58: MH40BG0544 | G58: 561/210 | H58: LOI-498 | I58: 45111
E59: =SUM(E41:E58) -> 121.176
A60: VIL/DC/23-24/632 | B60: 45142 | C60: HT ANGLE 150X150X15 MM | D60: KEC INTERNATIONAL LIMITED,(DUBAI) | E60: =2.144+4.214+0.743 -> 7.101 | F60: MH40CM3182 | G60: 562/197,563/198, 564/201,565/202,566/203,567/206,568/211 | H60: LOI-553 | I60: 45125
A61: VIL/DC/23-24/632 | B61: 45142 | C61: MS ANGLE 130X130X9 MM | D61: KEC INTERNATIONAL LIMITED,(DUBAI) | E61: =3.471+2.107+0.093 -> 5.671 | F61: MH40CM3182 | G61: 562/197,563/198, 564/201,565/202,566/203,567/206,568/211 | H61: LOI-553 | I61: 45125
A62: VIL/DC/23-24/632 | B62: 45142 | C62: HT ANGLE 150X150X15 MM | D62: KEC INTERNATIONAL LIMITED,(DUBAI) | E62: =2.019+0.306+7.73 -> 10.055 | F62: MH40CM3182 | G62: 562/197,563/198, 564/201,565/202,566/203,567/206,568/211 | H62: LOI-553 | I62: 45125
A63: VIL/DC/23-24/633 | B63: 45142 | C63: HT ANGLE 150X150X15 MM | D63: KEC INTERNATIONAL LIMITED,(DUBAI) | E63: 0.608 | F63: MH40CM3182 | G63: 568/211 | H63: LOI-517 | I63: 45113
A64: VIL/DC/23-24/634 | B64: 45142 | C64: MS ANGLE 75X75X6 MM | D64: KEC INTERNATIONAL LIMITED,(DUBAI) | E64: 1.718 | F64: MH40CM3182 | G64: 568/211 | H64: LOI-384 | I64: 45098
A65: VIL/DC/23-24/635 | B65: 45142 | C65: HT ANGLE 110X110X7 MM | D65: KEC INTERNATIONAL LIMITED,(BUTIBORI) | E65: =9.495+4.119 -> 13.614 | F65: MH40Y9744 | G65: 569/209, 570/210, 571/ 211 | H65: LOI-421 | I65: 45111
A66: VIL/DC/23-24/635 | B66: 45142 | C66: HT ANGLE 110X110X8 MM | D66: KEC INTERNATIONAL LIMITED,(BUTIBORI) | E66: =2.701+1.288 -> 3.989 | F66: MH40Y9744 | G66: 569/209, 570/210, 571/ 211 | H66: LOI-421 | I66: 45111
A67: VIL/DC/23-24/636 | B67: 45142 | C67: HT ANGLE 110X110X7 MM | D67: KEC INTERNATIONAL LIMITED,(BUTIBORI) | E67: 0.708 | F67: MH40Y9744 | G67: 571/ 211 | H67: LOI-428 | I67: 45111
A68: VIL/DC/23-24/636 | B68: 45142 | C68: HT ANGLE 110X110X8 MM | D68: KEC INTERNATIONAL LIMITED,(BUTIBORI) | E68: 0.804 | F68: MH40Y9744 | G68: 571/ 211 | H68: LOI-428 | I68: 45111
A69: VIL/DC/23-24/636 | B69: 45142 | C69: MS ANGLE 110X110X6 MM | D69: KEC INTERNATIONAL LIMITED,(BUTIBORI) | E69: 0.612 | F69: MH40Y9744 | G69: 571/ 211 | H69: LOI-428 | I69: 45111
A70: VIL/DC/23-24/637 | B70: 45142 | C70: HT ANGLE 110X110X8 MM | D70: KEC INTERNATIONAL LIMITED,(BUTIBORI) | E70: =0.249+0.394 -> 0.643 | F70: MH40Y9744 | G70: 571/ 211, 572/212 | H70: LOI-445 | I70: 45111
A71: VIL/DC/23-24/637 | B71: 45142 | C71: MS ANGLE 110X110X6 MM | D71: KEC INTERNATIONAL LIMITED,(BUTIBORI) | E71: 0.245 | F71: MH40Y9744 | G71: 571/ 211, 572/212 | H71: LOI-445 | I71: 45111
A72: VIL/DC/23-24/638 | B72: 45142 | C72: HT ANGLE 150X150X15 MM | D72: KEC INTERNATIONAL LIMITED,(BUTIBORI) | E72: 4.627 | F72: MH40Y9744 | G72: 572/212 | H72: LOI-498 | I72: 45111
A73: VIL/DC/23-24/638 | B73: 45142 | C73: HT ANGLE 130X130X12 MM | D73: KEC INTERNATIONAL LIMITED,(BUTIBORI) | E73: 2.951 | F73: MH40Y9744 | G73: 572/212 | H73: LOI-498 | I73: 45111
A74: VIL/DC/23-24/639 | B74: 45142 | C74: HT ANGLE 150X150X15 MM | D74: KEC INTERNATIONAL LIMITED,(BUTIBORI) | E74: 4.238 | F74: MH40Y9744 | G74: 572/212 | H74: LOI-495 | I74: 45111
A75: VIL/DC/23-24/640 | B75: 45142 | C75: HT ANGLE 120X120X10 MM | D75: KEC INTERNATIONAL LIMITED,(DUBAI) | E75: 3.658 | F75: MH31FC2629 | G75: 573/212, 574/ 214 | H75: LOI-625 | I75: 45140
A76: VIL/DC/23-24/640 | B76: 45142 | C76: HT ANGLE 120X120X8 MM | D76: KEC INTERNATIONAL LIMITED,(DUBAI) | E76: =7.889+13.206+0.001 -> 21.096 | F76: MH31FC2629 | G76: 573/212, 574/ 214 | H76: LOI-625 | I76: 45140
A77: VIL/DC/23-24/641 | B77: 45142 | C77: HT ANGLE 120X120X10 MM | D77: KEC INTERNATIONAL LIMITED,(BUTIBORI) | E77: 9.96 | F77: MH40Y2044 | G77: 575/213 | H77: LOI-501 | I77: 45111
A78: VIL/DC/23-24/642 | B78: 45142 | C78: HT ANGLE 120X120X10 MM | D78: KEC INTERNATIONAL LIMITED,(BUTIBORI) | E78: =1.772+13.47 -> 15.242 | F78: MH40Y2044 | G78: 575/213, 576/215 | H78: LOI-495 | I78: 45111
A79: VIL/DC/23-24/642 | B79: 45142 | C79: HT ANGLE 120X120X8 MM | D79: KEC INTERNATIONAL LIMITED,(BUTIBORI) | E79: 6.423 | F79: MH40Y2044 | G79: 575/213, 576/215 | H79: LOI-495 | I79: 45111
E80: =SUM(E60:E79) -> 113.963
A81: VIL/DC/23-24/643 | B81: 45143 | C81: HT ANGLE 150X150X15 MM | D81: KEC INTERNATIONAL LIMITED,(BUTIBORI) | E81: 8.808 | F81: MH40Y4044 | G81: 577/214, 578/215 | H81: LOI-498 | I81: 45111
A82: VIL/DC/23-24/643 | B82: 45143 | C82: HT ANGLE 150X150X12 MM | D82: KEC INTERNATIONAL LIMITED,(BUTIBORI) | E82: =7.187+1.058 -> 8.245 | F82: MH40Y4044 | G82: 577/214, 578/215 | H82: LOI-498 | I82: 45111
A83: VIL/DC/23-24/644 | B83: 45143 | C83: HT ANGLE 150X150X12 MM | D83: KEC INTERNATIONAL LIMITED,(BUTIBORI) | E83: 2.321 | F83: MH40Y4044 | G83: 578/215 | H83: LOI-500 | I83: 45111
A84: VIL/DC/23-24/645 | B84: 45143 | C84: HT ANGLE 150X150X15 MM | D84: KEC INTERNATIONAL LIMITED,(BUTIBORI) | E84: =5.892+0.449 -> 6.341 | F84: MH40Y4044 | G84: 578/215, 579/ 216 | H84: LOI-501 | I84: 45111
A85: VIL/DC/23-24/646 | B85: 45143 | C85: HT ANGLE 150X150X11 MM | D85: KEC INTERNATIONAL LIMITED,(BUTIBORI) | E85: 6.192 | F85: MH40Y4044 | G85: 579/ 216 | H85: LOI-497 | I85: 45111
A86: VIL/DC/23-24/647 | B86: 45143 | C86: MS ANGLE 120X120X8 MM | D86: KEC INTERNATIONAL LIMITED,(DUBAI) | E86: =20.484+2.525 -> 23.009 | F86: MH31FC2338 | G86: 580/216, 581/217 | H86: LOI-553 | I86: 45125
A87: VIL/DC/23-24/647 | B87: 45143 | C87: HT ANGLE 120X120X10 MM | D87: KEC INTERNATIONAL LIMITED,(DUBAI) | E87: 1.693 | F87: MH31FC2338 | G87: 580/216, 581/217 | H87: LOI-553 | I87: 45125
A88: VIL/DC/23-24/648 | B88: 45143 | C88: HT ANGLE 120X120X8 MM | D88: KEC INTERNATIONAL LIMITED,(DUBAI) | E88: 14.223 | F88: MH40CM3180 | G88: 582/218 | H88: LOI-553 | I88: 45125
A89: VIL/DC/23-24/648 | B89: 45143 | C89: HT ANGLE 120X120X10 MM | D89: KEC INTERNATIONAL LIMITED,(DUBAI) | E89: 4.641 | F89: MH40CM3180 | G89: 582/218 | H89: LOI-553 | I89: 45125
A90: VIL/DC/23-24/649 | B90: 45143 | C90: HT ANGLE 120X120X10 MM | D90: KEC INTERNATIONAL LIMITED,(DUBAI) | E90: 6.433 | F90: MH40CM3180 | G90: 582/218 | H90: LOI-517 | I90: 45113
A91: VIL/DC/23-24/655 | B91: 45143 | C91: HT ANGLE 120X120X10 MM | D91: KEC INTERNATIONAL LIMITED,(BUTIBORI) | E91: 14.5 | F91: MH40AK9944 | G91: 594/229 | H91: LOI-501 | I91: 45111
A92: VIL/DC/23-24/655 | B92: 45143 | C92: HT ANGLE 120X120X8 MM | D92: KEC INTERNATIONAL LIMITED,(BUTIBORI) | E92: 2.699 | F92: MH40AK9944 | G92: 594/229 | H92: LOI-501 | I92: 45111
A93: VIL/DC/23-24/656 | B93: 45143 | C93: HT ANGLE 120X120X10 MM | D93: KEC INTERNATIONAL LIMITED,(BUTIBORI) | E93: 14.285 | F93: MH40AK9944 | G93: 594/229 | H93: LOI-495 | I93: 45111
A94: VIL/DC/23-24/657 | B94: 45143 | C94: HT ANGLE 110X110X7 MM | D94: KEC INTERNATIONAL LIMITED,(BUTIBORI) | E94: 9.044 | F94: MH40AK3944 | G94: 595/231 | H94: LOI-421(PG) | I94: 45111
A95: VIL/DC/23-24/657 | B95: 45143 | C95: HT ANGLE 110X110X8 MM | D95: KEC INTERNATIONAL LIMITED,(BUTIBORI) | E95: 5.422 | F95: MH40AK3944 | G95: 595/231 | H95: LOI-421(PG) | I95: 45111
A96: VIL/DC/23-24/657 | B96: 45143 | C96: HT ANGLE 110X110X10 MM | D96: KEC INTERNATIONAL LIMITED,(BUTIBORI) | E96: 1.141 | F96: MH40AK3944 | G96: 595/231 | H96: LOI-421(PG) | I96: 45111
A97: VIL/DC/23-24/657 | B97: 45143 | C97: HT ANGLE 110X110X6 MM | D97: KEC INTERNATIONAL LIMITED,(BUTIBORI) | E97: 2.275 | F97: MH40AK3944 | G97: 595/231 | H97: LOI-421(PG) | I97: 45111
A98: VIL/DC/23-24/658 | B98: 45143 | C98: HT ANGLE 110X110X10 MM | D98: KEC INTERNATIONAL LIMITED,(BUTIBORI) | E98: 0.995 | F98: MH40AK3944 | G98: 595/231 | H98: LOI-428(PG) | I98: 45111
... A104: VIL/DC/23-24/661 | B104: 45143 | C104: HT ANGLE 120X120X8 MM | D104: KEC INTERNATIONAL LIMITED,(BUTIBORI) | E104: 7.835 | F104: MH40AK3944 | G104: 595/231 | H104: LOI-495(PG) | I104: 45111
E105: =SUM(E81:E104) -> 145.667
...

Sheet KEC JBP DISPATCHED AUG
A1: Invoice No. | B1: Invoice Dt | C1: Section | D1: PNAME | E1: QTY ISSUED | F1: VEHICLE No. | G1: Jobwork Challan No. | H1: Po. No | I1: PO ORDER DATE
A2: VIL/DC/23-24/769 | B2: 45155 | C2: HT ANGLE 120X120X7 MM | D2: KEC INTERNATIONAL LIMITED,(JABALPUR) | E2: 2.167 | F2: MH40BG0308 | G2: 679/ 69 | H2: LOI-570 | I2: 45135
A3: VIL/DC/23-24/769 | B3: 45155 | C3: HT ANGLE 130X130X9 MM | D3: KEC INTERNATIONAL LIMITED,(JABALPUR) | E3: 0.629 | F3: MH40BG0308 | G3: 679/ 69 | H3: LOI-570 | I3: 45135
A4: VIL/DC/23-24/769 | B4: 45155 | C4: HT ANGLE 75X75X6 MM | D4: KEC INTERNATIONAL LIMITED,(JABALPUR) | E4: 0.494 | F4: MH40BG0308 | G4: 679/ 69 | H4: LOI-570 | I4: 45135
A5: VIL/DC/23-24/769 | B5: 45155 | C5: HT ANGLE 80X80X5 MM | D5: KEC INTERNATIONAL LIMITED,(JABALPUR) | E5: 4.146 | F5: MH40BG0308 | G5: 679/ 69 | H5: LOI-570 | I5: 45135
A6: VIL/DC/23-24/769 | B6: 45155 | C6: HT ANGLE 80X80X6 MM | D6: KEC INTERNATIONAL LIMITED,(JABALPUR) | E6: 3.003 | F6: MH40BG0308 | G6: 679/ 69 | H6: LOI-570 | I6: 45135
A7: VIL/DC/23-24/769 | B7: 45155 | C7: HT ANGLE 90X90X6 MM | D7: KEC INTERNATIONAL LIMITED,(JABALPUR) | E7: 5.391 | F7: MH40BG0308 | G7: 679/ 69 | H7: LOI-570 | I7: 45135
A8: VIL/DC/23-24/769 | B8: 45155 | C8: HT ANGLE 90X90X7 MM | D8: KEC INTERNATIONAL LIMITED,(JABALPUR) | E8: 1.845 | F8: MH40BG0308 | G8: 679/ 69 | H8: LOI-570 | I8: 45135
A9: VIL/DC/23-24/769 | B9: 45155 | C9: MS ANGLE 120X120X7 MM | D9: KEC INTERNATIONAL LIMITED,(JABALPUR) | E9: 0.774 | F9: MH40BG0308 | G9: 679/ 69 | H9: LOI-570 | I9: 45135
A10: VIL/DC/23-24/769 | B10: 45155 | C10: MS ANGLE 75X75X5 MM | D10: KEC INTERNATIONAL LIMITED,(JABALPUR) | E10: 1.108 | F10: MH40BG0308 | G10: 679/ 69 | H10: LOI-570 | I10: 45135
A11: VIL/DC/23-24/769 | B11: 45155 | C11: MS ANGLE 75X75X6 MM | D11: KEC INTERNATIONAL LIMITED,(JABALPUR) | E11: 2.305 | F11: MH40BG0308 | G11: 679/ 69 | H11: LOI-570 | I11: 45135
A12: VIL/DC/23-24/769 | B12: 45155 | C12: MS ANGLE 80X80X5 MM | D12: KEC INTERNATIONAL LIMITED,(JABALPUR) | E12: 3.116 | F12: MH40BG0308 | G12: 679/ 69 | H12: LOI-570 | I12: 45135
A13: VIL/DC/23-24/769 | B13: 45155 | C13: MS ANGLE 80X80X6 MM | D13: KEC INTERNATIONAL LIMITED,(JABALPUR) | E13: 1.766 | F13: MH40BG0308 | G13: 679/ 69 | H13: LOI-570 | I13: 45135
E14: =SUM(E2:E13) -> 26.744
A15: VIL/DC/23-24/0812 | B15: 45158 | C15: HT ANGLE 90X90X5 MM | D15: KEC INTERNATIONAL LIMITED,(JABALPUR) | E15: 13.564 | F15: MH49AT4596 | G15: 705/ 68 | H15: LOI-570 | I15: 45135
A16: VIL/DC/23-24/0812 | B16: 45158 | C16: MS ANGLE 90X90X5 MM | D16: KEC INTERNATIONAL LIMITED,(JABALPUR) | E16: 2.287 | F16: MH49AT4596 | G16: 705/ 68 | H16: LOI-570 | I16: 45135
A17: VIL/DC/23-24/0812 | B17: 45158 | C17: MS ANGLE 90X90X6 MM | D17: KEC INTERNATIONAL LIMITED,(JABALPUR) | E17: 3.794 | F17: MH49AT4596 | G17: 705/ 68 | H17: LOI-570 | I17: 45135
A18: VIL/DC/23-24/0813 | B18: 45158 | C18: MS ANGLE 90X90X6 MM | D18: KEC INTERNATIONAL LIMITED,(JABALPUR) | E18: =9.593+8.469 -> 18.062 | F18: MH49AT4596 | G18: 705/ 68, 706/70 | H18: LOI-721 | I18: 45150
A19: VIL/DC/23-24/0813 | B19: 45158 | C19: MS ANGLE 90X90X7 MM | D19: KEC INTERNATIONAL LIMITED,(JABALPUR) | E19: 1.283 | F19: MH49AT4596 | G19: 705/ 68, 706/70 | H19: LOI-721 | I19: 45150
E20: =SUM(E15:E19) -> 38.99
A21: VIL/DC/23-24/0838 | B21: 45160 | C21: HT ANGLE 130X130X11 MM | D21: KEC INTERNATIONAL LIMITED,(JABALPUR) | E21: =9.048+15.106+7.978 -> 32.132 | F21: MH49AT1950 | G21: 720/69, 721/70, 722/71 | H21: LOI-571 | I21: 45135
A22: VIL/DC/23-24/0839 | B22: 45160 | C22: HT ANGLE 130X130X11 MM | D22: KEC INTERNATIONAL LIMITED,(JABALPUR) | E22: 0.241 | F22: MH49AT1950 | G22: 722/71 | H22: LOI-569 | I22: 45135
A23: VIL/DC/23-24/0840 | B23: 45160 | C23: HT ANGLE 120X120X7 MM | D23: KEC INTERNATIONAL LIMITED,(JABALPUR) | E23: 25.845 | F23: MH40N7378 | G23: 723/71, 724/ 72 | H23: LOI-574 | I23: 45135
A24: VIL/DC/23-24/0840 | B24: 45160 | C24: HT ANGLE 120X120X8 MM | D24: KEC INTERNATIONAL LIMITED,(JABALPUR) | E24: =3.987+0.477 -> 4.464 | F24: MH40N7378 | G24: 723/71, 724/ 72 | H24: LOI-574 | I24: 45135
A25: VIL/DC/23-24/0841 | B25: 45160 | C25: HT ANGLE 120X120X7 MM | D25: KEC INTERNATIONAL LIMITED,(JABALPUR) | E25: 2.349 | F25: MH40N7378 | G25: 724/ 72 | H25: LOI-569 | I25: 45135
A26: VIL/DC/23-24/0842 | B26: 45160 | C26: HT ANGLE 130X130X9 MM | D26: KEC INTERNATIONAL LIMITED,(JABALPUR) | E26: 27.75 | F26: MH40AK6002 | G26: 725/ 72 | H26: LOI-574 | I26: 45135
A27: VIL/DC/23-24/0843 | B27: 45160 | C27: HT ANGLE 130X130X9 MM | D27: KEC INTERNATIONAL LIMITED,(JABALPUR) | E27: 1.604 | F27: MH40AK6002 | G27: 725/ 72 | H27: LOI-569 | I27: 45135
E28: =SUM(E21:E27) -> 94.385
A29: VIL/DC/23-24/0845 | B29: 45161 | C29: HT ANGLE 130X130X8 MM | D29: KEC INTERNATIONAL LIMITED,(JABALPUR) | E29: =5.87+22.651+0.115 -> 28.636 | F29: MH49AT0506 | G29: 728/ 72, 729/ 74 | H29: LOI-574 | I29: 45135
A30: VIL/DC/23-24/0846 | B30: 45161 | C30: HT ANGLE 130X130X8 MM | D30: KEC INTERNATIONAL LIMITED,(JABALPUR) | E30: 4.513 | F30: MH49AT0506 | G30: 729/ 74 | H30: LOI-569 | I30: 45135
A31: VIL/DC/23-24/0847 | B31: 45161 | C31: HT ANGLE 120X120X7 MM | D31: KEC INTERNATIONAL LIMITED,(JABALPUR) | E31: 16.718 | F31: MH40AK6074 | G31: 731/ 73, 732/74, | H31: LOI-574 | I31: 45135
A32: VIL/DC/23-24/0849 | B32: 45161 | C32: HT ANGLE 120X120X7 MM | D32: KEC INTERNATIONAL LIMITED,(JABALPUR) | E32: =8.122+1.338 -> 9.46 | F32: MH40AK6074 | G32: 732/74, 733/ 75 | H32: LOI-569 | I32: 45135
A33: VIL/DC/23-24/0849 | B33: 45161 | C33: HT ANGLE 120X120X8 MM | D33: KEC INTERNATIONAL LIMITED,(JABALPUR) | E33: =0.791+5.634 -> 6.425 | F33: MH40AK6074 | G33: 732/74, 733/ 75 | H33: LOI-569 | I33: 45135
A34: VIL/DC/23-24/0851 | B34: 45161 | C34: HT ANGLE 130X130X9 MM | D34: KEC INTERNATIONAL LIMITED,(JABALPUR) | E34: 8.732 | F34: MH49AT0509 | G34: 736/75 | H34: LOI-569 | I34: 45135
A35: VIL/DC/23-24/0852 | B35: 45161 | C35: HT ANGLE 130X130X9 MM | D35: KEC INTERNATIONAL LIMITED,(JABALPUR) | E35: 9.997 | F35: MH49AT0509 | G35: 736/75 | H35: LOI-574 | I35: 45135
A36: VIL/DC/23-24/0852 | B36: 45161 | C36: HT ANGLE 120X120X10 MM | D36: KEC INTERNATIONAL LIMITED,(JABALPUR) | E36: 5.082 | F36: MH49AT0509 | G36: 736/75 | H36: LOI-574 | I36: 45135
A37: VIL/DC/23-24/0853 | B37: 45161 | C37: HT ANGLE 130X130X10 MM | D37: KEC INTERNATIONAL LIMITED,(JABALPUR) | E37: 4.764 | F37: MH49AT0509 | G37: 736/75 | H37: LOI-568A | I37: 45135
A38: VIL/DC/23-24/0854 | B38: 45161 | C38: HT ANGLE 130X130X10 MM | D38: KEC INTERNATIONAL LIMITED,(JABALPUR) | E38: =3.861+0.83 -> 4.691 | F38: MH49AT0509 | G38: 736/75, 737/76 | H38: LOI-571 | I38: 45135
A39: VIL/DC/23-24/0855 | B39: 45161 | C39: HT ANGLE 120X120X9 MM | D39: KEC INTERNATIONAL LIMITED,(JABALPUR) | E39: 11.249 | F39: MH40BG0307 | G39: 738/76 | H39: LOI-574 | I39: 45135
A40: VIL/DC/23-24/0855 | B40: 45161 | C40: HT ANGLE 130X130X8 MM | D40: KEC INTERNATIONAL LIMITED,(JABALPUR) | E40: 13.015 | F40: MH40BG0307 | G40: 738/76 | H40: LOI-574 | I40: 45135
A41: VIL/DC/23-24/0856 | B41: 45161 | C41: HT ANGLE 120X120X9 MM | D41: KEC INTERNATIONAL LIMITED,(JABALPUR) | E41: 0.858 | F41: MH40BG0307 | G41: 738/76 | H41: LOI-569 | I41: 45135
A42: VIL/DC/23-24/0856 | B42: 45161 | C42: HT ANGLE 130X130X8 MM | D42: KEC INTERNATIONAL LIMITED,(JABALPUR) | E42: 2.452 | F42: MH40BG0307 | G42: 738/76 | H42: LOI-569 | I42: 45135
E43: =SUM(E29:E42) -> 126.592
A44: VIL/DC/23-24/0869 | B44: 45162 | C44: HT ANGLE 130X130X8 MM | D44: KEC INTERNATIONAL LIMITED,(JABALPUR) | E44: 0.56 | F44: MH49AT4595 | G44: 752/77, 753/109 | H44: LOI-574 | I44: 45135
A45: VIL/DC/23-24/0869 | B45: 45162 | C45: HT ANGLE 120X120X8 MM | D45: KEC INTERNATIONAL LIMITED,(JABALPUR) | E45: 3.859 | F45: MH49AT4595 | G45: 752/77, 753/109 | H45: LOI-574 | I45: 45135
A46: VIL/DC/23-24/0869 | B46: 45162 | C46: HT ANGLE 130X130X12 MM | D46: KEC INTERNATIONAL LIMITED,(JABALPUR) | E46: =1.641+2.064 -> 3.705 | F46: MH49AT4595 | G46: 752/77, 753/109 | H46: LOI-574 | I46: 45135
A47: VIL/DC/23-24/0869 | B47: 45162 | C47: HT ANGLE 130X130X9 MM | D47: KEC INTERNATIONAL LIMITED,(JABALPUR) | E47: 4.726 | F47: MH49AT4595 | G47: 752/77, 753/109 | H47: LOI-574 | I47: 45135
A48: VIL/DC/23-24/0870 | B48: 45162 | C48: HT ANGLE 130X130X8 MM | D48: KEC INTERNATIONAL LIMITED,(JABALPUR) | E48: 0.382 | F48: MH49AT4595 | G48: 753/109 | H48: LOI-569 | I48: 45135
A49: VIL/DC/23-24/0870 | B49: 45162 | C49: HT ANGLE 120X120X8 MM | D49: KEC INTERNATIONAL LIMITED,(JABALPUR) | E49: 4.833 | F49: MH49AT4595 | G49: 753/109 | H49: LOI-569 | I49: 45135
A50: VIL/DC/23-24/0870 | B50: 45162 | C50: HT ANGLE 120X120X7 MM | D50: KEC INTERNATIONAL LIMITED,(JABALPUR) | E50: 0.929 | F50: MH49AT4595 | G50: 753/109 | H50: LOI-569 | I50: 45135
E51: =SUM(E44:E50) -> 18.994
D54: Aug -23 Total Dispatched | E54: =SUM(E2:E53)/2 -> 305.705
E58: =+E56+E54 -> 305.705

Sheet KEC JBP TRADING DISPATCHED AUG
A1: Invoice No. | B1: Invoice Dt | C1: Section | D1: PNAME | E1: QTYISSUED | F1: VEHICLE No. | G1: Po. No | H1: PORDERDATE | I1: RATE
A2: BB/23-24/0112 | B2: 45143 | C2: HT ANGLE 150X150X13 MM | D2: KEC INTERNATIONAL LTD.,JABALPUR | E2: 14.256 | F2: MH40BG0307 | G2: LOI-504 | H2: 45111 | I2: 51520
A3: BB/23-24/0112 | B3: 45143 | C3: HT ANGLE 150X150X12 MM | D3: KEC INTERNATIONAL LTD.,JABALPUR | E3: 4.084 | F3: MH40BG0307 | G3: LOI-504 | H3: 45111 | I3: 51520
A4: BB/23-24/0113 | B4: 45143 | C4: HT ANGLE 150X150X16 MM | D4: KEC INTERNATIONAL LTD.,JABALPUR | E4: 3.77 | F4: MH40BG0307 | G4: LOI-502 | H4: 45111 | I4: 51520
E5: =SUM(E2:E4) -> 22.11
A6: BB/23-24/0114 | B6: 45144 | C6: HT ANGLE 150X150X13 MM | D6: KEC INTERNATIONAL LTD.,JABALPUR | E6: 16.033 | F6: MH40AK1958 | G6: LOI-504 | H6: 45111 | I6: 51520
A7: BB/23-24/0114 | B7: 45144 | C7: HT ANGLE 150X150X12 MM | D7: KEC INTERNATIONAL LTD.,JABALPUR | E7: 7.09 | F7: MH40AK1958 | G7: LOI-504 | H7: 45111 | I7: 51520
A8: BB/23-24/0114 | B8: 45144 | C8: HT ANGLE 150X150X16 MM | D8: KEC INTERNATIONAL LTD.,JABALPUR | E8: 2.043 | F8: MH40AK1958 | G8: LOI-504 | H8: 45111 | I8: 51520
A9: BB/23-24/0115 | B9: 45144 | C9: HT ANGLE 150X150X10 MM | D9: KEC INTERNATIONAL LTD.,JABALPUR | E9: 2.76 | F9: MH40AK1958 | G9: LOI-503 | H9: 45111 | I9: 51520
A10: BB/23-24/0115 | B10: 45144 | C10: HT ANGLE 150X150X14 MM | D10: KEC INTERNATIONAL LTD.,JABALPUR | E10: 3.814 | F10: MH40AK1958 | G10: LOI-503 | H10: 45111 | I10: 51520
A11: BB/23-24/0116 | B11: 45144 | C11: MS ANGLE 110X110X6 MM | D11: KEC INTERNATIONAL LTD.,JABALPUR | E11: 0.612 | F11: MH40AK1958 | G11: LOI-424 | H11: 45111 | I11: 36670
A12: BB/23-24/0117 | B12: 45144 | C12: MS ANGLE 110X110X6 MM | D12: KEC INTERNATIONAL LTD.,JABALPUR | E12: 0.612 | F12: MH40AK1958 | G12: LOI-425 | H12: 45111 | I12: 36670
E13: =SUM(E6:E12) -> 32.964
A14: BB/23-24/0119 | B14: 45145 | C14: HT ANGLE 90X90X7 MM | D14: KEC INTERNATIONAL LTD.,JABALPUR | E14: 1.125 | F14: MH40AK6003 | G14: LOI-502 | H14: 45111 | I14: 50920
A15: BB/23-24/0120 | B15: 45145 | C15: HT ANGLE 100X100X6 MM | D15: KEC INTERNATIONAL LTD.,JABALPUR | E15: 4.223 | F15: MH40AK6003 | G15: LOI-425 | H15: 45111 | I15: 50920
A16: BB/23-24/0120 | B16: 45145 | C16: HT ANGLE 100X100X7 MM | D16: KEC INTERNATIONAL LTD.,JABALPUR | E16: 2.833 | F16: MH40AK6003 | G16: LOI-425 | H16: 45111 | I16: 50920
A17: BB/23-24/0120 | B17: 45145 | C17: HT ANGLE 100X100X8 MM | D17: KEC INTERNATIONAL LTD.,JABALPUR | E17: 0.292 | F17: MH40AK6003 | G17: LOI-425 | H17: 45111 | I17: 50920
A18: BB/23-24/0120 | B18: 45145 | C18: HT ANGLE 110X110X6 MM | D18: KEC INTERNATIONAL LTD.,JABALPUR | E18: 0.734 | F18: MH40AK6003 | G18: LOI-425 | H18: 45111 | I18: 51120
A19: BB/23-24/0120 | B19: 45145 | C19: HT ANGLE 110X110X7 MM | D19: KEC INTERNATIONAL LTD.,JABALPUR | E19: 1.133 | F19: MH40AK6003 | G19: LOI-425 | H19: 45111 | I19: 51120
A20: BB/23-24/0120 | B20: 45145 | C20: HT ANGLE 110X110X8 MM | D20: KEC INTERNATIONAL LTD.,JABALPUR | E20: 1.286 | F20: MH40AK6003 | G20: LOI-425 | H20: 45111 | I20: 51120
E21: =SUM(E14:E20) -> 11.626
A22: BB/23-24/0123 | B22: 45147 | C22: HT ANGLE 75X75X6 MM | D22: KEC INTERNATIONAL LTD.,JABALPUR | E22: 0.158 | F22: MH49AT0506 | G22: LOI-502 | H22: 45111 | I22: 50920
A23: BB/23-24/0124 | B23: 45147 | C23: MS ANGLE 65X65X5 MM | D23: KEC INTERNATIONAL LTD.,JABALPUR | E23: 1.73 | F23: MH49AT0506 | G23: LOI-662 | H23: 45147 | I23: 36220
A24: BB/23-24/0125 | B24: 45147 | C24: HT ANGLE 120X120X8 MM | D24: KEC INTERNATIONAL LTD.,JABALPUR | E24: 6.333 | F24: MH49AT0506 | G24: LOI-570 | H24: 45135 | I24: 51120
A25: BB/23-24/0125 | B25: 45147 | C25: HT ANGLE 120X120X9 MM | D25: KEC INTERNATIONAL LTD.,JABALPUR | E25: 4.752 | F25: MH49AT0506 | G25: LOI-570 | H25: 45135 | I25: 51120
E26: =SUM(E22:E25) -> 12.973
A27: BB/23-24/0126 | B27: 45148 | C27: MS ANGLE 80X80X8 MM | D27: KEC INTERNATIONAL LTD.,JABALPUR | E27: 27.056 | F27: MH40AK1958 | G27: LOI-505 | H27: 45111 | I27: 36470
A28: BB/23-24/0127 | B28: 45148 | C28: HT ANGLE 120X120X8 MM | D28: KEC INTERNATIONAL LTD.,JABALPUR | E28: 4.222 | F28: MH40AK1958 | G28: LOI-570 | H28: 45135 | I28: 51120
A29: BB/23-24/0127 | B29: 45148 | C29: HT ANGLE 120X120X10 MM | D29: KEC INTERNATIONAL LTD.,JABALPUR | E29: 1.742 | F29: MH40AK1958 | G29: LOI-570 | H29: 45135 | I29: 51120
A30: BB/23-24/0128 | B30: 45148 | C30: MS ANGLE 100X100X10 MM | D30: KEC INTERNATIONAL LTD.,JABALPUR | E30: 5.595 | F30: MH40N7379 | G30: LOI-426 | H30: 45111 | I30: 36470
A31: BB/23-24/0128 | B31: 45148 | C31: MS ANGLE 100X100X8 MM | D31: KEC INTERNATIONAL LTD.,JABALPUR | E31: 0.856 | F31: MH40N7379 | G31: LOI-426 | H31: 45111 | I31: 36470
A32: BB/23-24/0128 | B32: 45148 | C32: MS ANGLE 110X110X10 MM | D32: KEC INTERNATIONAL LTD.,JABALPUR | E32: 0.597 | F32: MH40N7379 | G32: LOI-426 | H32: 45111 | I32: 36670
A33: BB/23-24/0129 | B33: 45148 | C33: MS ANGLE 75X75X8 MM | D33: KEC INTERNATIONAL LTD.,JABALPUR | E33: 6.818 | F33: MH40N7379 | G33: LOI-440 | H33: 45111 | I33: 36470
A34: BB/23-24/0130 | B34: 45148 | C34: HT ANGLE 130X130X10 MM | D34: KEC INTERNATIONAL LTD.,JABALPUR | E34: 4.752 | F34: MH40N7379 | G34: LOI-570 | H34: 45135 | I34: 51120
A35: BB/23-24/0130 | B35: 45148 | C35: HT ANGLE 130X130X11 MM | D35: KEC INTERNATIONAL LTD.,JABALPUR | E35: 3.646 | F35: MH40N7379 | G35: LOI-570 | H35: 45135 | I35: 51120
A36: BB/23-24/0130 | B36: 45148 | C36: HT ANGLE 130X130X12 MM | D36: KEC INTERNATIONAL LTD.,JABALPUR | E36: 3.377 | F36: MH40N7379 | G36: LOI-570 | H36: 45135 | I36: 51120
A37: BB/23-24/0130 | B37: 45148 | C37: HT ANGLE 130X130X9 MM | D37: KEC INTERNATIONAL LTD.,JABALPUR | E37: 2.566 | F37: MH40N7379 | G37: LOI-570 | H37: 45135 | I37: 51120
A38: BB/23-24/0130 | B38: 45148 | C38: HT ANGLE 75X75X5 MM | D38: KEC INTERNATIONAL LTD.,JABALPUR | E38: 4.57 | F38: MH40N7379 | G38: LOI-570 | H38: 45135 | I38: 50920
E39: =SUM(E27:E38) -> 65.797
D47: TOTAL | E47: =SUM(E2:E46)/2 -> 145.47

Sheet BILLETS RETURN DETAILS MDU AUG
A2: BILLETS RETURN DETAILS MDU
A3: SR NO. | B3: Invoice | C3: DATE | D3: Size | E3: PARTY NAME | F3: PCS | G3: QTY | H3: VEHICLE | I3: TAXABLE VALUE | J3: TRANSPORT NAME | K3: LR NO | L3: VIL Jobwork Challan No.
A4: 1 | B4: VIL/DC/23-24/650 | C4: 45143 | D4: BILLETS HT-130X130 | E4: KEC INTERNATIONAL LIMITED,(BUTIBORI) | F4: 20 | G4: =31.66+0.13 -> 31.79 | H4: MH40Y1355 | I4: =1631756+6700 -> 1638456 | J4: J.K Transport Corporation | K4: 892 | L4: 583/219, 584/220
A5: 2 | B5: VIL/DC/23-24/651 | C5: 45143 | D5: BILLETS HT-130X130 | E5: KEC INTERNATIONAL LIMITED,(BUTIBORI) | F5: 20 | G5: =6.254+25.686 -> 31.94 | H5: MH40Y1155 | I5: =322331+1323856 -> 1646187 | J5: J.K Transport Corporation | K5: 893 | L5: 585/220, 586/221
A6: 3 | B6: VIL/DC/23-24/652 | C6: 45143 | D6: BILLETS HT-130X130 | E6: KEC INTERNATIONAL LIMITED,(BUTIBORI) | F6: 25 | G6: =5.934+33.836 -> 39.77 | H6: MH40CD8259 | I6: =305838+1743907 -> 2049745 | J6: J.K Transport Corporation | K6: 894 | L6: 587/221, 588/222
A7: 4 | B7: VIL/DC/23-24/653 | C7: 45143 | D7: BILLETS HT-130X130 | E7: KEC INTERNATIONAL LIMITED,(BUTIBORI) | F7: 20 | G7: =8.806+16.7+6.324 -> 31.83 | H7: MH40AK9355 | I7: =453861+860718+325939 -> 1640518 | J7: J.K Transport Corporation | K7: 895 | L7: 589/222, 590/223, 591,224
A8: 5 | B8: VIL/DC/23-24/654 | C8: 45143 | D8: BILLETS HT-130X130 | E8: KEC INTERNATIONAL LIMITED,(BUTIBORI) | F8: 20 | G8: =17.396+14.434 -> 31.83 | H8: MH40Y1255 | I8: =896590+743928 -> 1640518 | J8: J.K Transport Corporation | K8: 896 | L8: 592/224, 593/225,
A9: 6 | B9: VIL/DC/23-24/662 | C9: 45143 | D9: BILLETS HT-130X130 | E9: KEC INTERNATIONAL LIMITED,(BUTIBORI) | F9: 20 | G9: =21.716+10.084 -> 31.8 | H9: MH40AK9455 | I9: =1119243+519729 -> 1638972 | J9: J.K Transport Corporation | K9: 899 | L9: 596/225, 597/ 226
A10: 7 | B10: VIL/DC/23-24/663 | C10: 45143 | D10: BILLETS HT-130X130 | E10: KEC INTERNATIONAL LIMITED,(BUTIBORI) | F10: 20 | G10: =21.256+10.524 -> 31.78 | H10: NL02Q8700 | I10: =1095534+542407 -> 1637941 | J10: J.K Transport Corporation | K10: 900 | L10: 598/226, 599/ 227
F11: =SUM(F4:F10) -> 145 | G11: =SUM(G4:G10) -> 230.74
A12: 1 | B12: VIL/DC/23-24/665 | C12: 45144 | D12: BILLETS HT-130X130 | E12: KEC INTERNATIONAL LIMITED,(BUTIBORI) | F12: 25 | G12: 39.72 | H12: MH40CD8259 | I12: 2047168 | J12: J.K Transport Corporation | K12: 1170 | L12: 605/227, 606/228, 607/236
A13: 2 | B13: VIL/DC/23-24/672 | C13: 45144 | D13: BILLETS HT-130X130 | E13: KEC INTERNATIONAL LIMITED,(BUTIBORI) | F13: 20 | G13: 31.8 | H13: MH40Y3144 | I13: 1638972 | J13: J.K Transport Corporation | K13: 1172 | L13: 611/236, 612/237
F14: =SUM(F12:F13) -> 45 | G14: =SUM(G12:G13) -> 71.52
A15: 1 | B15: VIL/DC/23-24/794 | C15: 45156 | D15: BILLETS HT-130X130 | E15: KEC INTERNATIONAL LIMITED,(BUTIBORI) | F15: 20 | G15: 31.76 | H15: MH40Y5844 | I15: 1636910.4 | J15: J.K Transport Corporation | K15: 1204 | L15: 690/272
F16: =SUM(F15) -> 20 | G16: =SUM(G15) -> 31.76
A17: 1 | B17: VIL/DC/23-24/847 | C17: 45161 | D17: BILLETS HT-130X130 | E17: KEC INTERNATIONAL LIMITED,(BUTIBORI) | F17: 20 | G17: 31.81 | H17: MH40Y5644 | I17: 1639487.4 | J17: J.K Transport Corporation | K17: 1218 | L17: 730/288
F18: =SUM(F17) -> 20 | G18: =SUM(G17) -> 31.81
A19: 1 | B19: VIL/DC/23-24/878 | C19: 45163 | D19: BILLETS HT-130X130 | E19: KEC INTERNATIONAL LIMITED,(BUTIBORI) | F19: 20 | G19: 31.79 | H19: MH40BG2947 | I19: 1533867.5 | J19: J.K Transport Corporation | K19: 1226 | L19: 758/307
A20: 2 | B20: VIL/DC/23-24/879 | C20: 45163 | D20: BILLETS HT-130X130 | E20: KEC INTERNATIONAL LIMITED,(BUTIBORI) | F20: 20 | G20: 31.69 | H20: MH40BG0544 | I20: =541896+941114 -> 1483010 | J20: J.K Transport Corporation | K20: 1227 | L20: 759/307, 760/308
A21: 3 | B21: VIL/DC/23-24/880 | C21: 45163 | D21: BILLETS HT-130X130 | E21: KEC INTERNATIONAL LIMITED,(BUTIBORI) | F21: 20 | G21: 31.76 | H21: MH40AK3044 | I21: =1056482+404478 -> 1460960 | J21: J.K Transport Corporation | K21: 1228 | L21: 761/308, 762/309
F22: =SUM(F19:F21) -> 60 | G22: =SUM(G19:G21) -> 95.24
E24: Total | F24: =SUM(F4:F22)/2 -> 290 | G24: =SUM(G4:G22)/2 -> 461.07

Sheet KEC JAIPUR TRADING  AUG
A1: Invoice No. | B1: Invoice Dt | C1: Section | D1: PNAME | E1: QTYISSUED | F1: VEHICLE No. | G1: Po. No | H1: PORDERDATE | I1: RATE
A2: BB/23-24/0138 | B2: 45162 | C2: HT ANGLE 100X100X6 MM | D2: KEC INTERNATIONAL LTD.,JAIPUR | E2: 0.463 | F2: MH49AT3076 | G2: LOI-427 | H2: 45111 | I2: 50920
A3: BB/23-24/0138 | B3: 45162 | C3: HT ANGLE 100X100X7 MM | D3: KEC INTERNATIONAL LTD.,JAIPUR | E3: 0.318 | F3: MH49AT3076 | G3: LOI-427 | H3: 45111 | I3: 50920
A4: BB/23-24/0138 | B4: 45162 | C4: HT ANGLE 100X100X8 MM | D4: KEC INTERNATIONAL LTD.,JAIPUR | E4: 1.009 | F4: MH49AT3076 | G4: LOI-427 | H4: 45111 | I4: 50920
A5: BB/23-24/0138 | B5: 45162 | C5: HT ANGLE 110X110X10 MM | D5: KEC INTERNATIONAL LTD.,JAIPUR | E5: 0.199 | F5: MH49AT3076 | G5: LOI-427 | H5: 45111 | I5: 51120
A6: BB/23-24/0138 | B6: 45162 | C6: HT ANGLE 110X110X8 MM | D6: KEC INTERNATIONAL LTD.,JAIPUR | E6: 0.804 | F6: MH49AT3076 | G6: LOI-427 | H6: 45111 | I6: 51120
A7: BB/23-24/0138 | B7: 45162 | C7: MS ANGLE 100X100X6 MM | D7: KEC INTERNATIONAL LTD.,JAIPUR | E7: 0.829 | F7: MH49AT3076 | G7: LOI-427 | H7: 45111 | I7: 59920
E8: =SUM(E2:E7) -> 3.622
D16: TOTAL | E16: =SUM(E2:E15)/2 -> 3.622

Sheet KEC BB DISPATCHED SEP
A1: Invoice No. | B1: Invoice Dt | C1: Section | D1: PNAME | E1: QTY ISSUED | F1: VEHICLE No. | G1: Jobwork Challan No. | H1: Po. No | I1: PO ORDER DATE
A2: VIL/DC/23-24/0861 | B2: 45162 | C2: HT ANGLE 150X150X12 MM | D2: KEC INTERNATIONAL LIMITED,(BUTIBORI) | E2: 32.727 | F2: MH46AF3590 | G2: 741/288, 742/290, 743/301 | H2: LOI-619 | I2: 45135
A3: VIL/DC/23-24/0873 | B3: 45162 | C3: HT ANGLE 150X150X12 MM | D3: KEC INTERNATIONAL LIMITED,(BUTIBORI) | E3: 32.887 | F3: MH40AK9944 | G3: 754/305 | H3: LOI-619 | I3: 45135
E4: =SUM(E2:E3) -> 65.614
A5: VIL/DC/23-24/0877 | B5: 45163 | C5: HT ANGLE 150X150X12 MM | D5: KEC INTERNATIONAL LIMITED,(BUTIBORI) | E5: =30.228+1.84 -> 32.068 | F5: NL02Q8700 | G5: 763/306, 764/309 | H5: LOI-619 | I5: 45135
A6: VIL/DC/23-24/0881 | B6: 45163 | C6: HT ANGLE 150X150X12 MM | D6: KEC INTERNATIONAL LIMITED,(BUTIBORI) | E6: 32.727 | F6: MH40Y2044 | G6: 765/309, 766/310 | H6: LOI-619 | I6: 45135
A7: VIL/DC/23-24/0882 | B7: 45163 | C7: HT ANGLE 150X150X12 MM | D7: KEC INTERNATIONAL LIMITED,(BUTIBORI) | E7: 25.352 | F7: MH40Y4044 | G7: 767/310 | H7: LOI-619 | I7: 45135
A8: VIL/DC/23-24/0883 | B8: 45163 | C8: HT ANGLE 120X120X10 MM | D8: KEC INTERNATIONAL LIMITED,(BUTIBORI) | E8: 0.255 | F8: MH40Y4044 | G8: 767/310 | H8: LOI-565 | I8: 45135
A9: VIL/DC/23-24/0883 | B9: 45163 | C9: HT ANGLE 120X120X9 MM | D9: KEC INTERNATIONAL LIMITED,(BUTIBORI) | E9: 1.32 | F9: MH40Y4044 | G9: 767/310 | H9: LOI-565 | I9: 45135
A10: VIL/DC/23-24/0884 | B10: 45163 | C10: HT ANGLE 150X150X15 MM | D10: KEC INTERNATIONAL LIMITED,(BUTIBORI) | E10: 5.716 | F10: MH40Y4044 | G10: 767/310 | H10: LOI-710 | I10: 45150
E11: =SUM(E5:E10) -> 97.438
A12: VIL/DC/23-24/0889 | B12: 45164 | C12: HT ANGLE 150X150X15 MM | D12: KEC INTERNATIONAL LIMITED,(BUTIBORI) | E12: =4.771+1.034 -> 5.805 | F12: MH40Y4944 | G12: 769/310, 770/311 | H12: LOI-710 | I12: 45150
A13: VIL/DC/23-24/0890 | B13: 45164 | C13: HT ANGLE 150X150X12 MM | D13: KEC INTERNATIONAL LIMITED,(BUTIBORI) | E13: =8.12+2.478 -> 10.598 | F13: MH40Y4944 | G13: 770/311, 771/312 | H13: LOI-619 | I13: 45135
A14: VIL/DC/23-24/0890 | B14: 45164 | C14: HT ANGLE 100X100X8 MM | D14: KEC INTERNATIONAL LIMITED,(BUTIBORI) | E14: 14.259 | F14: MH40Y4944 | G14: 770/311, 771/312 | H14: LOI-619 | I14: 45135
E15: =SUM(E12:E14) -> 30.662
A16: VIL/DC/23-24/0902 | B16: 45165 | C16: HT ANGLE 150X150X15 MM | D16: KEC INTERNATIONAL LIMITED,(BUTIBORI) | E16: 32.436 | F16: MH40Y3144 | G16: 781/316, 782/317 | H16: LOI-710 | I16: 45150
E17: =SUM(E16:E16) -> 32.436
A18: VIL/DC/23-24/0903 | B18: 45166 | C18: HT ANGLE 110X110X10 MM | D18: KEC INTERNATIONAL LIMITED,(BUTIBORI) | E18: 5.777 | F18: MH40Y3144 | G18: 783/ 317 | H18: LOI-498 | I18: 45111
A19: VIL/DC/23-24/0904 | B19: 45166 | C19: HT ANGLE 110X110X10 MM | D19: KEC INTERNATIONAL LIMITED,(BUTIBORI) | E19: 9.243 | F19: MH40Y3144 | G19: 783/ 317 | H19: LOI-619 | I19: 45135
A20: VIL/DC/23-24/0905 | B20: 45166 | C20: HT ANGLE 110X110X10 MM | D20: KEC INTERNATIONAL LIMITED,(BUTIBORI) | E20: =0.661+9 -> 9.661 | F20: MH40Y3144 | G20: 783/317, 784/318 | H20: LOI-495 | I20: 45111
A21: VIL/DC/23-24/0906 | B21: 45166 | C21: HT ANGLE 100X100X6 MM | D21: KEC INTERNATIONAL LIMITED,(BUTIBORI) | E21: 3.904 | F21: MH40Y3144 | G21: 784/318 | H21: LOI-642 | I21: 45135
A22: VIL/DC/23-24/0907 | B22: 45166 | C22: HT ANGLE 100X100X6 MM | D22: KEC INTERNATIONAL LIMITED,(BUTIBORI) | E22: 1.55 | F22: MH40Y3144 | G22: 784/318 | H22: LOI-643 | I22: 45135
A23: VIL/DC/23-24/0908 | B23: 45166 | C23: HT ANGLE 110X110X8 MM | D23: KEC INTERNATIONAL LIMITED,(BUTIBORI) | E23: 0.147 | F23: MH40Y3144 | G23: 784/318 | H23: LOI-565 | I23: 45135
A24: VIL/DC/23-24/0908 | B24: 45166 | C24: HT ANGLE 110X110X9 MM | D24: KEC INTERNATIONAL LIMITED,(BUTIBORI) | E24: 0.165 | F24: MH40Y3144 | G24: 784/318 | H24: LOI-565 | I24: 45135
A25: VIL/DC/23-24/0908 | B25: 45166 | C25: HT ANGLE 110X110X7 MM | D25: KEC INTERNATIONAL LIMITED,(BUTIBORI) | E25: 0.588 | F25: MH40Y3144 | G25: 784/318 | H25: LOI-565 | I25: 45135
A26: VIL/DC/23-24/0908 | B26: 45166 | C26: MS ANGLE 110X110X8 MM | D26: KEC INTERNATIONAL LIMITED,(BUTIBORI) | E26: 0.339 | F26: MH40Y3144 | G26: 784/318 | H26: LOI-565 | I26: 45135
E27: =SUM(E18:E26) -> 31.374
A28: VIL/DC/23-24/0924 | B28: 45167 | C28: HT ANGLE 100X100X10 MM | D28: KEC INTERNATIONAL LIMITED,(BUTIBORI) | E28: 3.735 | F28: MH40Y3944 | G28: 796/323 | H28: LOI-619 | I28: 45135
A29: VIL/DC/23-24/0924 | B29: 45167 | C29: HT ANGLE 100X100X8 MM | D29: KEC INTERNATIONAL LIMITED,(BUTIBORI) | E29: 6.194 | F29: MH40Y3944 | G29: 796/323 | H29: LOI-619 | I29: 45135
A30: VIL/DC/23-24/0925 | B30: 45167 | C30: HT ANGLE 110X110X8 MM | D30: KEC INTERNATIONAL LIMITED,(BUTIBORI) | E30: 4.736 | F30: MH40Y3944 | G30: 796/323 | H30: LOI-495 | I30: 45111
A31: VIL/DC/23-24/0926 | B31: 45167 | C31: MS ANGLE 75X75X6 MM | D31: KEC INTERNATIONAL LIMITED,(BUTIBORI) | E31: =1.487+10.693 -> 12.18 | F31: MH40Y3944 | G31: 796/323, 797/324 | H31: LOI-712 | I31: 45150
A32: VIL/DC/23-24/0927 | B32: 45167 | C32: HT ANGLE 110X110X8 MM | D32: KEC INTERNATIONAL LIMITED,(BUTIBORI) | E32: 6.33 | F32: MH40Y3944 | G32: 796/323, 797/324 | H32: LOI-498 | I32: 45111
A33: VIL/DC/23-24/0928 | B33: 45167 | C33: HT ANGLE 110X110X8 MM | D33: KEC INTERNATIONAL LIMITED,(BUTIBORI) | E33: 11.118 | F33: MH40Y9844 | G33: 798/324 | H33: LOI-501 | I33: 45111
A34: VIL/DC/23-24/0929 | B34: 45167 | C34: HT ANGLE 110X110X8 MM | D34: KEC INTERNATIONAL LIMITED,(BUTIBORI) | E34: =1.816+12.125 -> 13.941 | F34: MH40Y9844 | G34: 798/324, 799/325 | H34: LOI-498 | I34: 45111
A35: VIL/DC/23-24/0930 | B35: 45167 | C35: HT ANGLE 110X110X8 MM | D35: KEC INTERNATIONAL LIMITED,(BUTIBORI) | E35: 7.879 | F35: MH40Y9844 | G35: 799/325 | H35: LOI-619 | I35: 45135
E36: =SUM(E28:E35) -> 66.113
A37: VIL/DC/23-24/0931 | B37: 45168 | C37: HT ANGLE 75X75X4 MM | D37: KEC INTERNATIONAL LIMITED,(BUTIBORI) | E37: 10.592 | F37: MH40BG1844 | G37: 800/325, 801/326 | H37: LOI-642 | I37: 45135
A38: VIL/DC/23-24/0932 | B38: 45168 | C38: HT ANGLE 100X100X10 MM | D38: KEC INTERNATIONAL LIMITED,(BUTIBORI) | E38: 3.65 | F38: MH40BG1844 | G38: 801/326 | H38: LOI-619 | I38: 45135
A39: VIL/DC/23-24/0933 | B39: 45168 | C39: MS ANGLE 75X75X6 MM | D39: KEC INTERNATIONAL LIMITED,(BUTIBORI) | E39: 11.22 | F39: MH40BG1844 | G39: 801/326 | H39: LOI-712 | I39: 45150
A40: VIL/DC/23-24/0933 | B40: 45168 | C40: MS ANGLE 75X75X5 MM | D40: KEC INTERNATIONAL LIMITED,(BUTIBORI) | E40: 6.054 | F40: MH40BG1844 | G40: 801/326 | H40: LOI-712 | I40: 45150
E41: =SUM(E37:E40) -> 31.516
A42: VIL/DC/23-24/0943 | B42: 45169 | C42: HT ANGLE 80X80X5 MM | D42: KEC INTERNATIONAL LIMITED,(BUTIBORI) | E42: 2.332 | F42: MH40BG1844 | G42: 806/323, 807/327 | H42: LOI-642 | I42: 45135
A43: VIL/DC/23-24/0943 | B43: 45169 | C43: HT ANGLE 90X90X6 MM | D43: KEC INTERNATIONAL LIMITED,(BUTIBORI) | E43: 0.656 | F43: MH40BG1844 | G43: 806/323, 807/327 | H43: LOI-642 | I43: 45135
A44: VIL/DC/23-24/0944 | B44: 45169 | C44: HT ANGLE 110X110X6 MM | D44: KEC INTERNATIONAL LIMITED,(BUTIBORI) | E44: 1.154 | F44: MH40BG1844 | G44: 807/327, 808/328 | H44: LOI-712 | I44: 45150
A45: VIL/DC/23-24/0944 | B45: 45169 | C45: HT ANGLE 110X110X8 MM | D45: KEC INTERNATIONAL LIMITED,(BUTIBORI) | E45: 2.629 | F45: MH40BG1844 | G45: 807/327, 808/328 | H45: LOI-712 | I45: 45150
A46: VIL/DC/23-24/0945 | B46: 45169 | C46: HT ANGLE 110X110X8 MM | D46: KEC INTERNATIONAL LIMITED,(BUTIBORI) | E46: 2.219 | F46: MH40BG1844 | G46: 808/328 | H46: LOI-619 | I46: 45135
A47: VIL/DC/23-24/0945 | B47: 45169 | C47: HT ANGLE 100X100X10 MM | D47: KEC INTERNATIONAL LIMITED,(BUTIBORI) | E47: 1.229 | F47: MH40BG1844 | G47: 808/328 | H47: LOI-619 | I47: 45135
A48: VIL/DC/23-24/0945 | B48: 45169 | C48: HT ANGLE 90X90X8 MM | D48: KEC INTERNATIONAL LIMITED,(BUTIBORI) | E48: 1.939 | F48: MH40BG1844 | G48: 808/328 | H48: LOI-619 | I48: 45135
A49: VIL/DC/23-24/0945 | B49: 45169 | C49: HT ANGLE 100X100X8 MM | D49: KEC INTERNATIONAL LIMITED,(BUTIBORI) | E49: 5.547 | F49: MH40BG1844 | G49: 808/328 | H49: LOI-619 | I49: 45135
A50: VIL/DC/23-24/0946 | B50: 45169 | C50: HT ANGLE 80X80X6 MM | D50: KEC INTERNATIONAL LIMITED,(BUTIBORI) | E50: 0.288 | F50: MH40BG1844 | G50: 808/328 | H50: LOI-713 | I50: 45150
A51: VIL/DC/23-24/0946 | B51: 45169 | C51: HT ANGLE 75X75X5 MM | D51: KEC INTERNATIONAL LIMITED,(BUTIBORI) | E51: 0.173 | F51: MH40BG1844 | G51: 808/328 | H51: LOI-713 | I51: 45150
A52: VIL/DC/23-24/0947 | B52: 45169 | C52: MS ANGLE 75X75X6 MM | D52: KEC INTERNATIONAL LIMITED,(BUTIBORI) | E52: 11.163 | F52: MH40BG1844 | G52: 808/328 | H52: LOI-714 | I52: 45150
A53: VIL/DC/23-24/0948 | B53: 45169 | C53: MS ANGLE 75X75X6 MM | D53: KEC INTERNATIONAL LIMITED,(BUTIBORI) | E53: 15.056 | F53: MH46AF3590 | G53: 809/328, 810/329 | H53: LOI-714 | I53: 45150
... A55: VIL/DC/23-24/0949 | B55: 45169 | C55: MS ANGLE 110X110X8 MM | D55: KEC INTERNATIONAL LIMITED,(BUTIBORI) | E55: 8.166 | F55: MH46AF3590 | G55: 810/329 | H55: LOI-712 | I55: 45150
E56: =SUM(E42:E55) -> 61.752
A57: VIL/DC/23-24/0950 | B57: 45170 | C57: HT ANGLE 120X120X9 MM | D57: KEC INTERNATIONAL LIMITED,(DUBAI) | E57: 26.387 | F57: MH40CM5395 | G57: 811/329, 812/330 | H57: LOI-554 | I57: 45111
A58: VIL/DC/23-24/0951 | B58: 45170 | C58: HT ANGLE 120X120X10 MM | D58: KEC INTERNATIONAL LIMITED,(BUTIBORI) | E58: 3.456 | F58: MH40Y3944 | G58: 813/330 | H58: LOI-501 | I58: 45111
A59: VIL/DC/23-24/0952 | B59: 45170 | C59: MS ANGLE 75X75X6 MM | D59: KEC INTERNATIONAL LIMITED,(BUTIBORI) | E59: 2.817 | F59: MH40Y3944 | G59: 813/330 | H59: LOI-714 | I59: 45150
A60: VIL/DC/23-24/0953 | B60: 45170 | C60: MS ANGLE 110X110X8 MM | D60: KEC INTERNATIONAL LIMITED,(BUTIBORI) | E60: 12.386 | F60: MH40Y3944 | G60: 813/330, 814/331 | H60: LOI-712 | I60: 45150
A61: VIL/DC/23-24/0954 | B61: 45170 | C61: HT ANGLE 70X70X5 MM | D61: KEC INTERNATIONAL LIMITED,(BUTIBORI) | E61: 14.44 | F61: MH40Y3944 | G61: 814/331 | H61: LOI-642 | I61: 45141
E62: =SUM(E57:E61) -> 59.486
A63: VIL/DC/23-24/0955 | B63: 45171 | C63: MS ANGLE 120X120X8 MM | D63: KEC INTERNATIONAL LIMITED,(DUBAI) | E63: 24.934 | F63: DD01P9222 | G63: 815/331, 816/332, 817/333 | H63: LOI-554 | I63: 45111
A64: VIL/DC/23-24/0956 | B64: 45171 | C64: MS ANGLE 120X120X8 MM | D64: KEC INTERNATIONAL LIMITED,(DUBAI) | E64: 8.012 | F64: MH43Y8877 | G64: 818/333, 819/334 | H64: LOI-554 | I64: 45111
A65: VIL/DC/23-24/0956 | B65: 45171 | C65: HT ANGLE 120X120X9 MM | D65: KEC INTERNATIONAL LIMITED,(DUBAI) | E65: 16.683 | F65: MH43Y8877 | G65: 818/333, 819/334 | H65: LOI-554 | I65: 45111
A66: VIL/DC/23-24/0957 | B66: 45171 | C66: HT ANGLE 150X150X15 MM | D66: KEC INTERNATIONAL LIMITED,(DUBAI) | E66: 24.489 | F66: RJ06GC1521 | G66: 820/335 | H66: LOI-554 | I66: 45111
E67: =SUM(E63:E66) -> 74.118
A68: VIL/DC/23-24/0958 | B68: 45172 | C68: HT ANGLE 120X120X10 MM | D68: KEC INTERNATIONAL LIMITED,(BUTIBORI) | E68: 1.882 | F68: MH46AF3590 | G68: 821/ 334 | H68: LOI-713 | I68: 45150
A69: VIL/DC/23-24/0959 | B69: 45172 | C69: HT ANGLE 150X150X15 MM | D69: KEC INTERNATIONAL LIMITED,(BUTIBORI) | E69: 1.69 | F69: MH46AF3590 | G69: 821/ 334 | H69: LOI-711 | I69: 45150
A70: VIL/DC/23-24/0960 | B70: 45172 | C70: MS ANGLE 75X75X5 MM | D70: KEC INTERNATIONAL LIMITED,(BUTIBORI) | E70: 0.873 | F70: MH46AF3590 | G70: 821/ 334 | H70: LOI-714 | I70: 45150
A71: VIL/DC/23-24/0960 | B71: 45172 | C71: HT ANGLE 120X120X12 MM | D71: KEC INTERNATIONAL LIMITED,(BUTIBORI) | E71: 12.096 | F71: MH46AF3590 | G71: 821/ 334 | H71: LOI-714 | I71: 45150
A72: VIL/DC/23-24/0961 | B72: 45172 | C72: MS ANGLE 110X110X8 MM | D72: KEC INTERNATIONAL LIMITED,(BUTIBORI) | E72: 6.531 | F72: MH46AF3590 | G72: 821/ 334, 822/335 | H72: LOI-712 | I72: 45150
A73: VIL/DC/23-24/0962 | B73: 45172 | C73: HT ANGLE 70X70X5 MM | D73: KEC INTERNATIONAL LIMITED,(BUTIBORI) | E73: 6.382 | F73: MH46AF3590 | G73: 822/335 | H73: LOI-642 | I73: 45141
A74: VIL/DC/23-24/0963 | B74: 45172 | C74: HT ANGLE 100X100X9 MM | D74: KEC INTERNATIONAL LIMITED,(BUTIBORI) | E74: 1.928 | F74: MH46AF3590 | G74: 822/335 | H74: LOI-619 | I74: 45135
A75: VIL/DC/23-24/0963 | B75: 45172 | C75: HT ANGLE 120X120X10 MM | D75: KEC INTERNATIONAL LIMITED,(BUTIBORI) | E75: 0.488 | F75: MH46AF3590 | G75: 822/335 | H75: LOI-619 | I75: 45135
A76: VIL/DC/23-24/0964 | B76: 45172 | C76: HT ANGLE 150X150X15 MM | D76: KEC INTERNATIONAL LIMITED,(DUBAI) | E76: 24.715 | F76: MH40CM5195 | G76: 823/335, 824/336 | H76: LOI-554 | I76: 45111
A77: VIL/DC/23-24/0965 | B77: 45172 | C77: HT ANGLE 120X120X8 MM | D77: KEC INTERNATIONAL LIMITED,(DUBAI) | E77: 24.505 | F77: NL02Q2829 | G77: 825/336, 826/337 | H77: LOI-554 | I77: 45111
A78: VIL/DC/23-24/0966 | B78: 45172 | C78: HT ANGLE 150X150X15 MM | D78: KEC INTERNATIONAL LIMITED,(DUBAI) | E78: 18.876 | F78: NL01AE1488 | G78: 827/337, | H78: LOI-554 | I78: 45111
A79: VIL/DC/23-24/0966 | B79: 45172 | C79: MS ANGLE 120X120X8 MM | D79: KEC INTERNATIONAL LIMITED,(DUBAI) | E79: 6.181 | F79: NL01AE1488 | G79: 827/337, | H79: LOI-554 | I79: 45111
E80: =SUM(E68:E79) -> 106.147
A81: VIL/DC/23-24/0967 | B81: 45173 | C81: HT ANGLE 120X120X12 MM | D81: KEC INTERNATIONAL LIMITED,(BUTIBORI) | E81: 20.622 | F81: MH40Y9844 | G81: 828/337, 829/338 | H81: LOI-714 | I81: 45150
A82: VIL/DC/23-24/0968 | B82: 45173 | C82: HT ANGLE 75X75X5 MM | D82: KEC INTERNATIONAL LIMITED,(BUTIBORI) | E82: 1.037 | F82: MH40Y9844 | G82: 829/338 | H82: LOI-749 | I82: 45166
A83: VIL/DC/23-24/0969 | B83: 45173 | C83: HT ANGLE 75X75X5 MM | D83: KEC INTERNATIONAL LIMITED,(BUTIBORI) | E83: 10.362 | F83: MH40Y9844 | G83: 829/338 | H83: LOI-642 | I83: 45141
A84: VIL/DC/23-24/0970 | B84: 45173 | C84: HT ANGLE 120X120X9 MM | D84: KEC INTERNATIONAL LIMITED,(DUBAI) | E84: 7.256 | F84: MH46BF4104 | G84: 830/338, 831/339 | H84: LOI-554 | I84: 45111
A85: VIL/DC/23-24/0970 | B85: 45173 | C85: MS ANGLE 120X120X8 MM | D85: KEC INTERNATIONAL LIMITED,(DUBAI) | E85: 10.047 | F85: MH46BF4104 | G85: 830/338, 831/339 | H85: LOI-554 | I85: 45111
A86: VIL/DC/23-24/0971 | B86: 45173 | C86: HT ANGLE 70X70X5 MM | D86: KEC INTERNATIONAL LIMITED,(DUBAI) | E86: 7.048 | F86: MH46BF4104 | G86: 831/339 | H86: LOI-641 | I86: 45141
A87: VIL/DC/23-24/0974 | B87: 45173 | C87: HT ANGLE 150X150X12 MM | D87: KEC INTERNATIONAL LIMITED,(DUBAI) | E87: 15.829 | F87: MH49AT6261 | G87: 833/339 | H87: LOI-554 | I87: 45111
A88: VIL/DC/23-24/0974 | B88: 45173 | C88: HT ANGLE 150X150X15 MM | D88: KEC INTERNATIONAL LIMITED,(DUBAI) | E88: 2.721 | F88: MH49AT6261 | G88: 833/339 | H88: LOI-554 | I88: 45111
A89: VIL/DC/23-24/0975 | B89: 45173 | C89: HT ANGLE 75X75X4 MM | D89: KEC INTERNATIONAL LIMITED,(DUBAI) | E89: 6.241 | F89: MH49AT6261 | G89: 834/340 | H89: LOI-641 | I89: 45141
E90: =SUM(E81:E89) -> 81.163
A91: VIL/DC/23-24/0976 | B91: 45174 | C91: MS ANGLE 120X120X8 MM | D91: KEC INTERNATIONAL LIMITED,(DUBAI) | E91: 4.427 | F91: MH46BU7742 | G91: 835/340 | H91: LOI-554 | I91: 45111
A92: VIL/DC/23-24/0976 | B92: 45174 | C92: HT ANGLE 120X120X8 MM | D92: KEC INTERNATIONAL LIMITED,(DUBAI) | E92: 5.326 | F92: MH46BU7742 | G92: 835/340 | H92: LOI-554 | I92: 45111
A93: VIL/DC/23-24/0976 | B93: 45174 | C93: HT ANGLE 120X120X10 MM | D93: KEC INTERNATIONAL LIMITED,(DUBAI) | E93: 1.718 | F93: MH46BU7742 | G93: 835/340 | H93: LOI-554 | I93: 45111
A94: VIL/DC/23-24/0976 | B94: 45174 | C94: MS ANGLE 120X120X9 MM | D94: KEC INTERNATIONAL LIMITED,(DUBAI) | E94: 11.081 | F94: MH46BU7742 | G94: 835/340 | H94: LOI-554 | I94: 45111
A95: VIL/DC/23-24/0977 | B95: 45174 | C95: MS ANGLE 120X120X9 MM | D95: KEC INTERNATIONAL LIMITED,(DUBAI) | E95: 0.983 | F95: MH46BU7742 | G95: 835/340 | H95: LOI-553 | I95: 45111
A96: VIL/DC/23-24/0978 | B96: 45174 | C96: HT ANGLE 80X80X6 MM | D96: KEC INTERNATIONAL LIMITED,(DUBAI) | E96: 0.78 | F96: MH46BU7742 | G96: 835/340 | H96: LOI-641 | I96: 45141
A97: VIL/DC/23-24/0979 | B97: 45174 | C97: HT ANGLE 120X120X12 MM | D97: KEC INTERNATIONAL LIMITED,(BUTIBORI) | E97: =2.991+21.168 -> 24.159 | F97: MH46AF3590 | G97: 836/340, 837/341 | H97: LOI-714 | I97: 45150
A98: VIL/DC/23-24/0980 | B98: 45174 | C98: HT ANGLE 75X75X4 MM | D98: KEC INTERNATIONAL LIMITED,(BUTIBORI) | E98: 2.141 | F98: MH46AF3590 | G98: 837/341 | H98: LOI-642 | I98: 45141
A99: VIL/DC/23-24/0981 | B99: 45174 | C99: HT ANGLE 70X70X5 MM | D99: KEC INTERNATIONAL LIMITED,(BUTIBORI) | E99: 4.742 | F99: MH46AF3590 | G99: 837/341 | H99: LOI-643 | I99: 45141
A100: VIL/DC/23-24/0982 | B100: 45174 | C100: HT ANGLE 70X70X5 MM | D100: KEC INTERNATIONAL LIMITED,(BUTIBORI) | E100: =1.929+13.676 -> 15.605 | F100: MH40Y3144 | G100: 838/341, 839/342 | H100: LOI-643 | I100: 45141
A101: VIL/DC/23-24/0983 | B101: 45174 | C101: HT ANGLE 70X70X6 MM | D101: KEC INTERNATIONAL LIMITED,(BUTIBORI) | E101: 6.214 | F101: MH40Y3144 | G101: 839/342 | H101: LOI-642 | I101: 45141
...

Sheet KEC JBP DISPATCHED SEP
A1: Invoice No. | B1: Invoice Dt | C1: Section | D1: PNAME | E1: QTY ISSUED | F1: VEHICLE No. | G1: Jobwork Challan No. | H1: Po. No | I1: PO ORDER DATE
A2: VIL/DC/23-24/780 | B2: 45155 | C2: HT ANGLE 80X80X6 MM | D2: KEC INTERNATIONAL LIMITED,(JABALPUR) | E2: 0.824 | F2: MH40BG0308 | G2: 679/ 69 | H2: LOI-537 | I2: 45119
E3: =SUM(E2:E2) -> 0.824
A4: VIL/DC/23-24/0857 | B4: 45161 | C4: HT ANGLE 130X130X8 MM | D4: KEC INTERNATIONAL LIMITED,(JABALPUR) | E4: 5.249 | F4: MH40BG0307 | G4: 738/76 | H4: LOI-613A | I4: 45135
E5: =SUM(E4:E4) -> 5.249
A6: VIL/DC/23-24/0863 | B6: 45162 | C6: HT ANGLE 120X120X8 MM | D6: KEC INTERNATIONAL LIMITED,(JABALPUR) | E6: =3+8.406 -> 11.406 | F6: MH49AT0503 | G6: 746/76, 747/77 | H6: LOI-574 | I6: 45135
A7: VIL/DC/23-24/0864 | B7: 45162 | C7: HT ANGLE 130X130X10 MM | D7: KEC INTERNATIONAL LIMITED,(JABALPUR) | E7: 7.805 | F7: MH49AT0503 | G7: 747/77 | H7: LOI-568 | I7: 45135
A8: VIL/DC/23-24/0865 | B8: 45162 | C8: HT ANGLE 130X130X10 MM | D8: KEC INTERNATIONAL LIMITED,(JABALPUR) | E8: 5.853 | F8: MH49AT0503 | G8: 747/77 | H8: LOI-571 | I8: 45135
A9: VIL/DC/23-24/0865 | B9: 45162 | C9: MS ANGLE 120X120X7 MM | D9: KEC INTERNATIONAL LIMITED,(JABALPUR) | E9: 1.187 | F9: MH49AT0503 | G9: 747/77 | H9: LOI-571 | I9: 45135
A10: VIL/DC/23-24/0871 | B10: 45162 | C10: HT ANGLE 130X130X8 MM | D10: KEC INTERNATIONAL LIMITED,(JABALPUR) | E10: 5.757 | F10: MH49AT4595 | G10: 753/109 | H10: LOI-613A | I10: 45135
A11: VIL/DC/23-24/0871 | B11: 45162 | C11: HT ANGLE 130X130X12 MM | D11: KEC INTERNATIONAL LIMITED,(JABALPUR) | E11: 12.133 | F11: MH49AT4595 | G11: 753/109 | H11: LOI-613A | I11: 45135
A12: VIL/DC/23-24/0872 | B12: 45162 | C12: MS ANGLE 120X120X8 MM | D12: KEC INTERNATIONAL LIMITED,(JABALPUR) | E12: 2.639 | F12: MH49AT4595 | G12: 753/109 | H12: LOI-571 | I12: 45135
E13: =SUM(E6:E12) -> 46.78
A14: VIL/DC/23-24/0896 | B14: 45164 | C14: HT ANGLE 120X120X7 MM | D14: KEC INTERNATIONAL LIMITED,(JABALPUR) | E14: 0.684 | F14: MH49AT3082 | G14: 776/ 111 | H14: LOI-569 | I14: 45135
A15: VIL/DC/23-24/0897 | B15: 45164 | C15: HT ANGLE 100X100X6 MM | D15: KEC INTERNATIONAL LIMITED,(JABALPUR) | E15: 18.168 | F15: MH49AT3082 | G15: 776/ 111 | H15: LOI-570 | I15: 45135
A16: VIL/DC/23-24/0897 | B16: 45164 | C16: HT ANGLE 100X100X7 MM | D16: KEC INTERNATIONAL LIMITED,(JABALPUR) | E16: 6.772 | F16: MH49AT3082 | G16: 776/ 111 | H16: LOI-570 | I16: 45135
A17: VIL/DC/23-24/0897 | B17: 45164 | C17: HT ANGLE 100X100X8 MM | D17: KEC INTERNATIONAL LIMITED,(JABALPUR) | E17: 4.531 | F17: MH49AT3082 | G17: 776/ 111 | H17: LOI-570 | I17: 45135
A18: VIL/DC/23-24/0898 | B18: 45164 | C18: HT ANGLE 130X130X12 MM | D18: KEC INTERNATIONAL LIMITED,(JABALPUR) | E18: 0.743 | F18: MH49AT3082 | G18: 776/ 111 | H18: LOI-613A | I18: 45135
A19: VIL/DC/23-24/0899 | B19: 45164 | C19: HT ANGLE 120X120X7 MM | D19: KEC INTERNATIONAL LIMITED,(JABALPUR) | E19: 1.484 | F19: MH49AT3082 | G19: 776/ 111 | H19: LOI-574 | I19: 45135
E20: =SUM(E14:E19) -> 32.382
A21: VIL/DC/23-24/0911 | B21: 45166 | C21: HT ANGLE 130X130X11 MM | D21: KEC INTERNATIONAL LIMITED,(JABALPUR) | E21: 1.69 | F21: MH49AT4594 | G21: 787/ 109, 788/111 | H21: LOI-571 | I21: 45135
A22: VIL/DC/23-24/0911 | B22: 45166 | C22: MS ANGLE 120X120X10 MM | D22: KEC INTERNATIONAL LIMITED,(JABALPUR) | E22: =1.518+0.647 -> 2.165 | F22: MH49AT4594 | G22: 787/ 109, 788/111 | H22: LOI-571 | I22: 45135
A23: VIL/DC/23-24/0912 | B23: 45166 | C23: MS ANGLE 75X75X5 MM | D23: KEC INTERNATIONAL LIMITED,(JABALPUR) | E23: =5.059+2.959 -> 8.018 | F23: MH49AT4594 | G23: 788/ 111, 789/110 | H23: LOI-719 | I23: 45150
A24: VIL/DC/23-24/0913 | B24: 45166 | C24: HT ANGLE 75X75X4 MM | D24: KEC INTERNATIONAL LIMITED,(JABALPUR) | E24: 2.957 | F24: MH49AT4594 | G24: 789/ 110, | H24: LOI-570 | I24: 45135
A25: VIL/DC/23-24/0913 | B25: 45166 | C25: MS ANGLE 75X75X4 MM | D25: KEC INTERNATIONAL LIMITED,(JABALPUR) | E25: 2.395 | F25: MH49AT4594 | G25: 789/ 110, | H25: LOI-570 | I25: 45135
A26: VIL/DC/23-24/0913 | B26: 45166 | C26: HT ANGLE 110X110X6 MM | D26: KEC INTERNATIONAL LIMITED,(JABALPUR) | E26: 10.103 | F26: MH49AT4594 | G26: 789/ 110, | H26: LOI-570 | I26: 45135
A27: VIL/DC/23-24/0913 | B27: 45166 | C27: HT ANGLE 110X110X8 MM | D27: KEC INTERNATIONAL LIMITED,(JABALPUR) | E27: 8.04 | F27: MH49AT4594 | G27: 789/ 110, | H27: LOI-570 | I27: 45135
A28: VIL/DC/23-24/0913 | B28: 45166 | C28: HT ANGLE 110X110X10 MM | D28: KEC INTERNATIONAL LIMITED,(JABALPUR) | E28: 3.984 | F28: MH49AT4594 | G28: 789/ 110, | H28: LOI-570 | I28: 45135
A29: VIL/DC/23-24/0914 | B29: 45166 | C29: HT ANGLE 130X130X9 MM | D29: KEC INTERNATIONAL LIMITED,(JABALPUR) | E29: 0.396 | F29: MH49AT4594 | G29: 789/ 110, | H29: LOI-574 | I29: 45135
E30: =SUM(E21:E29) -> 39.748
A31: VIL/DC/23-24/0939 | B31: 45169 | C31: HT ANGLE 110X110X8 MM | D31: KEC INTERNATIONAL LIMITED,(JABALPUR) | E31: 5.15 | F31: MH40AK4183 | G31: 804/110, 805/128 | H31: LOI-570 | I31: 45135
A32: VIL/DC/23-24/0939 | B32: 45169 | C32: HT ANGLE 100X100X6 MM | D32: KEC INTERNATIONAL LIMITED,(JABALPUR) | E32: 0.306 | F32: MH40AK4183 | G32: 804/110, 805/128 | H32: LOI-570 | I32: 45135
A33: VIL/DC/23-24/0939 | B33: 45169 | C33: HT ANGLE 100X100X8 MM | D33: KEC INTERNATIONAL LIMITED,(JABALPUR) | E33: 1.444 | F33: MH40AK4183 | G33: 804/110, 805/128 | H33: LOI-570 | I33: 45135
A34: VIL/DC/23-24/0939 | B34: 45169 | C34: HT ANGLE 90X90X5 MM | D34: KEC INTERNATIONAL LIMITED,(JABALPUR) | E34: 0.335 | F34: MH40AK4183 | G34: 804/110, 805/128 | H34: LOI-570 | I34: 45135
A35: VIL/DC/23-24/0940 | B35: 45169 | C35: MS ANGLE 75X75X5 MM | D35: KEC INTERNATIONAL LIMITED,(JABALPUR) | E35: 5.536 | F35: MH40AK4183 | G35: 805/128, | H35: LOI-719 | I35: 45150
A36: VIL/DC/23-24/0940 | B36: 45169 | C36: MS ANGLE 75X75X6 MM | D36: KEC INTERNATIONAL LIMITED,(JABALPUR) | E36: 9.724 | F36: MH40AK4183 | G36: 805/128, | H36: LOI-719 | I36: 45150
A37: VIL/DC/23-24/0941 | B37: 45169 | C37: MS ANGLE 75X75X6 MM | D37: KEC INTERNATIONAL LIMITED,(JABALPUR) | E37: 0.659 | F37: MH40AK4183 | G37: 805/128, | H37: LOI-750 | I37: 45166
A38: VIL/DC/23-24/0942 | B38: 45169 | C38: MS ANGLE 90X90X6 MM | D38: KEC INTERNATIONAL LIMITED,(JABALPUR) | E38: 1.19 | F38: MH40AK4183 | G38: 805/128, | H38: LOI-219 | I38: 45071
A39: VIL/DC/23-24/0942 | B39: 45169 | C39: MS ANGLE 75X75X8 MM | D39: KEC INTERNATIONAL LIMITED,(JABALPUR) | E39: 1.08 | F39: MH40AK4183 | G39: 805/128, | H39: LOI-219 | I39: 45071
E40: =SUM(E31:E39) -> 25.424
A41: VIL/DC/23-24/0972 | B41: 45173 | C41: MS ANGLE 110X110X8 MM | D41: KEC INTERNATIONAL LIMITED,(JABALPUR) | E41: 6.419 | F41: MH49AT1947 | G41: 832/128, | H41: LOI-719 | I41: 45150
A42: VIL/DC/23-24/0973 | B42: 45173 | C42: HT ANGLE 75X75X4 MM | D42: KEC INTERNATIONAL LIMITED,(JABALPUR) | E42: 2.957 | F42: MH49AT1947 | G42: 832/128, | H42: LOI-570 | I42: 45135
A43: VIL/DC/23-24/0973 | B43: 45173 | C43: MS ANGLE 110X110X6 MM | D43: KEC INTERNATIONAL LIMITED,(JABALPUR) | E43: 0.819 | F43: MH49AT1947 | G43: 832/128, | H43: LOI-570 | I43: 45135
A44: VIL/DC/23-24/0973 | B44: 45173 | C44: MS ANGLE 110X110X7 MM | D44: KEC INTERNATIONAL LIMITED,(JABALPUR) | E44: 0.566 | F44: MH49AT1947 | G44: 832/128, | H44: LOI-570 | I44: 45135
A45: VIL/DC/23-24/0973 | B45: 45173 | C45: MS ANGLE 100X100X6 MM | D45: KEC INTERNATIONAL LIMITED,(JABALPUR) | E45: 5.151 | F45: MH49AT1947 | G45: 832/128, | H45: LOI-570 | I45: 45135
E46: =SUM(E41:E45) -> 15.912
A47: VIL/DC/23-24/0988 | B47: 45175 | C47: HT ANGLE 90X90X6 MM | D47: KEC INTERNATIONAL LIMITED,(JABALPUR) | E47: =2.608+20.439 -> 23.047 | F47: MH40AK6002 | G47: 843/ 128, 844/129 | H47: LOI-613A | I47: 45135
A48: VIL/DC/23-24/0989 | B48: 45175 | C48: MS ANGLE 90X90X6 MM | D48: KEC INTERNATIONAL LIMITED,(JABALPUR) | E48: 6.15 | F48: MH40AK6002 | G48: 844/129 | H48: LOI-569 | I48: 45135
A49: VIL/DC/23-24/0990 | B49: 45175 | C49: MS ANGLE 90X90X5 MM | D49: KEC INTERNATIONAL LIMITED,(JABALPUR) | E49: 3.527 | F49: MH40AK6002 | G49: 844/129 | H49: LOI-615 | I49: 45139
A50: VIL/DC/23-24/0991 | B50: 45175 | C50: HT ANGLE 90X90X6 MM | D50: KEC INTERNATIONAL LIMITED,(JABALPUR) | E50: 7.322 | F50: MH49AT0397 | G50: 845/130 | H50: LOI-569 | I50: 45135
A51: VIL/DC/23-24/0991 | B51: 45175 | C51: HT ANGLE 90X90X5 MM | D51: KEC INTERNATIONAL LIMITED,(JABALPUR) | E51: 4.468 | F51: MH49AT0397 | G51: 845/130 | H51: LOI-569 | I51: 45135
A52: VIL/DC/23-24/0991 | B52: 45175 | C52: MS ANGLE 90X90X5 MM | D52: KEC INTERNATIONAL LIMITED,(JABALPUR) | E52: 9.94 | F52: MH49AT0397 | G52: 845/130 | H52: LOI-569 | I52: 45135
A53: VIL/DC/23-24/0992 | B53: 45175 | C53: MS ANGLE 90X90X5 MM | D53: KEC INTERNATIONAL LIMITED,(JABALPUR) | E53: 10.629 | F53: MH49AT0397 | G53: 845/130 | H53: LOI-615 | I53: 45139
E54: =SUM(E47:E53) -> 65.083
A55: VIL/DC/23-24/0997 | B55: 45176 | C55: MS ANGLE 90X90X5 MM | D55: KEC INTERNATIONAL LIMITED,(JABALPUR) | E55: 3.415 | F55: MH40BG0396 | G55: 850/129 | H55: LOI-615 | I55: 45139
A56: VIL/DC/23-24/0998 | B56: 45176 | C56: HT ANGLE 110X110X7 MM | D56: KEC INTERNATIONAL LIMITED,(JABALPUR) | E56: =4.465+0.066 -> 4.531 | F56: MH40BG0396 | G56: 850/129, 851/130 | H56: LOI-570 | I56: 45135
A57: VIL/DC/23-24/0998 | B57: 45176 | C57: HT ANGLE 110X110X6 MM | D57: KEC INTERNATIONAL LIMITED,(JABALPUR) | E57: 4.162 | F57: MH40BG0396 | G57: 850/129, 851/130 | H57: LOI-570 | I57: 45135
A58: VIL/DC/23-24/0999 | B58: 45176 | C58: MS ANGLE 110X110X10 MM | D58: KEC INTERNATIONAL LIMITED,(JABALPUR) | E58: =1.446+2.135 -> 3.581 | F58: MH40BG0396 | G58: 851/130, 852/131 | H58: LOI-719 | I58: 45150
A59: VIL/DC/23-24/1000 | B59: 45176 | C59: MS ANGLE 90X90X5 MM | D59: KEC INTERNATIONAL LIMITED,(JABALPUR) | E59: 0.906 | F59: MH40BG0396 | G59: 852/131 | H59: LOI-569 | I59: 45135
A60: VIL/DC/23-24/1000 | B60: 45176 | C60: HT ANGLE 80X80X5 MM | D60: KEC INTERNATIONAL LIMITED,(JABALPUR) | E60: 4.462 | F60: MH40BG0396 | G60: 852/131 | H60: LOI-569 | I60: 45135
A61: VIL/DC/23-24/1000 | B61: 45176 | C61: HT ANGLE 80X80X6 MM | D61: KEC INTERNATIONAL LIMITED,(JABALPUR) | E61: 7.227 | F61: MH40BG0396 | G61: 852/131 | H61: LOI-569 | I61: 45135
A62: VIL/DC/23-24/1001 | B62: 45176 | C62: MS ANGLE 90X90X5 MM | D62: KEC INTERNATIONAL LIMITED,(JABALPUR) | E62: 3.827 | F62: MH40BG0396 | G62: 852/131 | H62: LOI-613A | I62: 45135
E63: =SUM(E55:E62) -> 32.111
A64: VIL/DC/23-24/1002 | B64: 45177 | C64: MS ANGLE 75X75X5 MM | D64: KEC INTERNATIONAL LIMITED,(JABALPUR) | E64: 17.521 | F64: MH40AK6074 | G64: 853/131 | H64: LOI-615 | I64: 45139
A65: VIL/DC/23-24/1003 | B65: 45177 | C65: MS ANGLE 75X75X5 MM | D65: KEC INTERNATIONAL LIMITED,(JABALPUR) | E65: =0.501+4.011 -> 4.512 | F65: MH40AK6074 | G65: 853/131, 854/132 | H65: LOI-569 | I65: 45135
A66: VIL/DC/23-24/1003 | B66: 45177 | C66: HT ANGLE 90X90X6 MM | D66: KEC INTERNATIONAL LIMITED,(JABALPUR) | E66: 0.166 | F66: MH40AK6074 | G66: 853/131, 854/132 | H66: LOI-569 | I66: 45135
A67: VIL/DC/23-24/1004 | B67: 45177 | C67: HT ANGLE 90X90X6 MM | D67: KEC INTERNATIONAL LIMITED,(JABALPUR) | E67: 10.785 | F67: MH40AK6074 | G67: 854/132 | H67: LOI-613A | I67: 45135
E68: =SUM(E64:E67) -> 32.984
A69: VIL/DC/23-24/1016 | B69: 45178 | C69: MS ANGLE 75X75X5 MM | D69: KEC INTERNATIONAL LIMITED,(JABALPUR) | E69: 7.81 | F69: MH49AT2913 | G69: 863/132 | H69: LOI-615 | I69: 45139
A70: VIL/DC/23-24/1017 | B70: 45178 | C70: HT ANGLE 90X90X6 MM | D70: KEC INTERNATIONAL LIMITED,(JABALPUR) | E70: 0.534 | F70: MH49AT2913 | G70: 863/132 | H70: LOI-613A | I70: 45135
A71: VIL/DC/23-24/1017 | B71: 45178 | C71: MS ANGLE 90X90X5 MM | D71: KEC INTERNATIONAL LIMITED,(JABALPUR) | E71: 1.168 | F71: MH49AT2913 | G71: 863/132 | H71: LOI-613A | I71: 45135
A72: VIL/DC/23-24/1018 | B72: 45178 | C72: MS ANGLE 90X90X6 MM | D72: KEC INTERNATIONAL LIMITED,(JABALPUR) | E72: 4.4 | F72: MH49AT2913 | G72: 863/132 | H72: LOI-569 | I72: 45135
A73: VIL/DC/23-24/1018 | B73: 45178 | C73: MS ANGLE 90X90X5 MM | D73: KEC INTERNATIONAL LIMITED,(JABALPUR) | E73: 0.387 | F73: MH49AT2913 | G73: 863/132 | H73: LOI-569 | I73: 45135
A74: VIL/DC/23-24/1018 | B74: 45178 | C74: MS ANGLE 80X80X6 MM | D74: KEC INTERNATIONAL LIMITED,(JABALPUR) | E74: 0.147 | F74: MH49AT2913 | G74: 863/132 | H74: LOI-569 | I74: 45135
A75: VIL/DC/23-24/1018 | B75: 45178 | C75: MS ANGLE 80X80X5 MM | D75: KEC INTERNATIONAL LIMITED,(JABALPUR) | E75: 3.202 | F75: MH49AT2913 | G75: 863/132 | H75: LOI-569 | I75: 45135
A76: VIL/DC/23-24/1019 | B76: 45178 | C76: HT ANGLE 150X150X14 MM | D76: KEC INTERNATIONAL LIMITED,(JABALPUR) | E76: 1.72 | F76: MH49AT2913 | G76: 863/132 | H76: LOI-767 | I76: 45167
A77: VIL/DC/23-24/1020 | B77: 45178 | C77: HT ANGLE 110X110X7 MM | D77: KEC INTERNATIONAL LIMITED,(JABALPUR) | E77: 1.918 | F77: MH49AT2913 | G77: 863/132 | H77: LOI-570 | I77: 45135
E78: =SUM(E69:E77) -> 21.286
A79: VIL/DC/23-24/1038 | B79: 45182 | C79: MS ANGLE 75X75X8 MM | D79: KEC INTERNATIONAL LIMITED,(JABALPUR) | E79: =0.425+13.6 -> 14.025 | F79: MH40N7423 | G79: 884/132, 885/133 | H79: LOI-751 | I79: 45164
A80: VIL/DC/23-24/1038 | B80: 45182 | C80: MS ANGLE 75X75X6 MM | D80: KEC INTERNATIONAL LIMITED,(JABALPUR) | E80: 3.341 | F80: MH40N7423 | G80: 884/132, 885/133 | H80: LOI-751 | I80: 45164
A81: VIL/DC/23-24/1039 | B81: 45182 | C81: MS ANGLE 75X75X8 MM | D81: KEC INTERNATIONAL LIMITED,(JABALPUR) | E81: 13.59 | F81: MH40N7423 | G81: 885/133 | H81: LOI-752 | I81: 45166
A82: VIL/DC/23-24/1039 | B82: 45182 | C82: MS ANGLE 75X75X6 MM | D82: KEC INTERNATIONAL LIMITED,(JABALPUR) | E82: 1.499 | F82: MH40N7423 | G82: 885/133 | H82: LOI-752 | I82: 45166
E83: =SUM(E79:E82) -> 32.455
A84: VIL/DC/23-24/1045 | B84: 45184 | C84: HT ANGLE 150X150X14 MM | D84: KEC INTERNATIONAL LIMITED,(JABALPUR) | E84: =4.529+19.254 -> 23.783 | F84: MH49AT0406 | G84: 893/133, 894/134 | H84: LOI-613A | I84: 45135
A85: VIL/DC/23-24/1045 | B85: 45184 | C85: HT ANGLE 150X150X11 MM | D85: KEC INTERNATIONAL LIMITED,(JABALPUR) | E85: 7.152 | F85: MH49AT0406 | G85: 893/133, 894/134 | H85: LOI-613A | I85: 45135
A86: VIL/DC/23-24/1046 | B86: 45184 | C86: HT ANGLE 150X150X14 MM | D86: KEC INTERNATIONAL LIMITED,(JABALPUR) | E86: 1.782 | F86: MH49AT0406 | G86: 894/134 | H86: LOI-571 | I86: 45135
A87: VIL/DC/23-24/1047 | B87: 45184 | C87: HT ANGLE 100X100X6 MM | D87: KEC INTERNATIONAL LIMITED,(JABALPUR) | E87: 7.593 | F87: MH49AT0410 | G87: 895/134, 896/135 | H87: LOI-569 | I87: 45135
A88: VIL/DC/23-24/1047 | B88: 45184 | C88: HT ANGLE 100X100X7 MM | D88: KEC INTERNATIONAL LIMITED,(JABALPUR) | E88: =2.307+7.491 -> 9.798 | F88: MH49AT0410 | G88: 895/134, 896/135 | H88: LOI-569 | I88: 45135
A89: VIL/DC/23-24/1047 | B89: 45184 | C89: HT ANGLE 100X100X8 MM | D89: KEC INTERNATIONAL LIMITED,(JABALPUR) | E89: 2.923 | F89: MH49AT0410 | G89: 895/134, 896/135 | H89: LOI-569 | I89: 45135
A90: VIL/DC/23-24/1047 | B90: 45184 | C90: HT ANGLE 110X110X6 MM | D90: KEC INTERNATIONAL LIMITED,(JABALPUR) | E90: 7.181 | F90: MH49AT0410 | G90: 895/134, 896/135 | H90: LOI-569 | I90: 45135
A91: VIL/DC/23-24/1047 | B91: 45184 | C91: HT ANGLE 110X110X7 MM | D91: KEC INTERNATIONAL LIMITED,(JABALPUR) | E91: 4.891 | F91: MH49AT0410 | G91: 895/134, 896/135 | H91: LOI-569 | I91: 45135
A92: VIL/DC/23-24/1048 | B92: 45184 | C92: MS ANGLE 100X100X6 MM | D92: KEC INTERNATIONAL LIMITED,(JABALPUR) | E92: =15.639+10.618 -> 26.257 | F92: MH40AK6075 | G92: 897/135, 898/136 | H92: LOI-569 | I92: 45135
A93: VIL/DC/23-24/1048 | B93: 45184 | C93: HT ANGLE 100X100X8 MM | D93: KEC INTERNATIONAL LIMITED,(JABALPUR) | E93: 5.846 | F93: MH40AK6075 | G93: 897/135, 898/136 | H93: LOI-569 | I93: 45135
A94: VIL/DC/23-24/1049 | B94: 45184 | C94: HT ANGLE 100X100X8 MM | D94: KEC INTERNATIONAL LIMITED,(JABALPUR) | E94: 0.585 | F94: MH40AK6075 | G94: 898/136 | H94: LOI-717 | I94: 45150
A95: VIL/DC/23-24/1050 | B95: 45184 | C95: HT ANGLE 110X110X7 MM | D95: KEC INTERNATIONAL LIMITED,(JABALPUR) | E95: =7.92+2.038 -> 9.958 | F95: MH49AT0399 | G95: 899/136, 900/137 | H95: LOI-569 | I95: 45135
A96: VIL/DC/23-24/1050 | B96: 45184 | C96: MS ANGLE 110X110X6 MM | D96: KEC INTERNATIONAL LIMITED,(JABALPUR) | E96: 5.531 | F96: MH49AT0399 | G96: 899/136, 900/137 | H96: LOI-569 | I96: 45135
A97: VIL/DC/23-24/1051 | B97: 45184 | C97: MS ANGLE 75X75X5 MM | D97: KEC INTERNATIONAL LIMITED,(JABALPUR) | E97: 1.125 | F97: MH49AT0399 | G97: 900/137 | H97: LOI-613A | I97: 45135
A98: VIL/DC/23-24/1051 | B98: 45184 | C98: HT ANGLE 75X75X5 MM | D98: KEC INTERNATIONAL LIMITED,(JABALPUR) | E98: 4.721 | F98: MH49AT0399 | G98: 900/137 | H98: LOI-613A | I98: 45135
A99: VIL/DC/23-24/1052 | B99: 45184 | C99: HT ANGLE 75X75X6 MM | D99: KEC INTERNATIONAL LIMITED,(JABALPUR) | E99: 5.779 | F99: MH49AT0399 | G99: 900/137 | H99: LOI-615 | I99: 45135
A100: VIL/DC/23-24/1052 | B100: 45184 | C100: HT ANGLE 75X75X5 MM | D100: KEC INTERNATIONAL LIMITED,(JABALPUR) | E100: 5.682 | F100: MH49AT0399 | G100: 900/137 | H100: LOI-615 | I100: 45135
...

Sheet KEC BB DISPATCHED OCT
A1: Invoice No. | B1: Invoice Dt | C1: Section | D1: PNAME | E1: QTY ISSUED | F1: VEHICLE No. | G1: Jobwork Challan No. | H1: Po. No | I1: PO ORDER DATE
A2: VIL/DC/23-24/1101 | B2: 45190 | C2: MS ANGLE 120X120X8 MM | D2: KEC INTERNATIONAL LIMITED,(BUTIBORI) | E2: =2.638+23.723 -> 26.361 | F2: MH40Y3944 | G2: 949/372, 950/373 | H2: LOI-765 | I2: 45167
A3: VIL/DC/23-24/1101 | B3: 45190 | C3: MS ANGLE 80X80X6 MM | D3: KEC INTERNATIONAL LIMITED,(BUTIBORI) | E3: 5.637 | F3: MH40Y3944 | G3: 949/372, 950/373 | H3: LOI-765 | I3: 45167
E4: =SUM(E2:E3) -> 31.998
A5: VIL/DC/23-24/1105 | B5: 45191 | C5: HT ANGLE 150X150X15 MM | D5: KEC INTERNATIONAL LIMITED,(BUTIBORI) | E5: 2.961 | F5: MH46AF3590 | G5: 957/376 | H5: LOI-714 | I5: 45150
A6: VIL/DC/23-24/1106 | B6: 45191 | C6: MS ANGLE 120X120X8 MM | D6: KEC INTERNATIONAL LIMITED,(BUTIBORI) | E6: =6.377+5.53 -> 11.907 | F6: MH46AF3590 | G6: 957/376, 958/377, 959/378 | H6: LOI-765 | I6: 45167
A7: VIL/DC/23-24/1106 | B7: 45191 | C7: MS ANGLE 80X80X6 MM | D7: KEC INTERNATIONAL LIMITED,(BUTIBORI) | E7: =11.692+6.178 -> 17.87 | F7: MH46AF3590 | G7: 957/376, 958/377, 959/378 | H7: LOI-765 | I7: 45167
E8: =SUM(E5:E7) -> 32.738
A9: VIL/DC/23-24/1112 | B9: 45192 | C9: HT ANGLE 150X150X15 MM | D9: KEC INTERNATIONAL LIMITED,(BUTIBORI) | E9: 8.883 | F9: MH40Y3944 | G9: 961/378 | H9: LOI-714 | I9: 45150
A10: VIL/DC/23-24/1112 | B10: 45192 | C10: MS ANGLE 75X75X5 MM | D10: KEC INTERNATIONAL LIMITED,(BUTIBORI) | E10: 1.564 | F10: MH40Y3944 | G10: 961/378 | H10: LOI-714 | I10: 45150
A11: VIL/DC/23-24/1113 | B11: 45192 | C11: MS ANGLE 100X100X6 MM | D11: KEC INTERNATIONAL LIMITED,(BUTIBORI) | E11: 6.001 | F11: MH40Y3944 | G11: 961/378, 962/379 | H11: LOI-765 | I11: 45167
A12: VIL/DC/23-24/1113 | B12: 45192 | C12: MS ANGLE 120X120X8 MM | D12: KEC INTERNATIONAL LIMITED,(BUTIBORI) | E12: 5.783 | F12: MH40Y3944 | G12: 961/378, 962/379 | H12: LOI-765 | I12: 45167
A13: VIL/DC/23-24/1113 | B13: 45192 | C13: MS ANGLE 80X80X6 MM | D13: KEC INTERNATIONAL LIMITED,(BUTIBORI) | E13: =1.548+5.946 -> 7.494 | F13: MH40Y3944 | G13: 961/378, 962/379 | H13: LOI-765 | I13: 45167
E14: =SUM(E9:E13) -> 29.725
A15: VIL/DC/23-24/1120 | B15: 45196 | C15: HT ANGLE 150X150X15 MM | D15: KEC INTERNATIONAL LIMITED,(BUTIBORI) | E15: 6.902 | F15: MH46AF3590 | G15: 972/ 384, | H15: LOI-714 | I15: 45150
A16: VIL/DC/23-24/1121 | B16: 45196 | C16: HT ANGLE 90X90X6 MM | D16: KEC INTERNATIONAL LIMITED,(BUTIBORI) | E16: 6.749 | F16: MH46AF3590 | G16: 972/ 384, 973/385 | H16: LOI-715 | I16: 45150
A17: VIL/DC/23-24/1121 | B17: 45196 | C17: HT ANGLE 80X80X6 MM | D17: KEC INTERNATIONAL LIMITED,(BUTIBORI) | E17: 5.197 | F17: MH46AF3590 | G17: 972/ 384, 973/385 | H17: LOI-715 | I17: 45150
A18: VIL/DC/23-24/1121 | B18: 45196 | C18: HT ANGLE 100X100X6 MM | D18: KEC INTERNATIONAL LIMITED,(BUTIBORI) | E18: =0.662+1.493 -> 2.155 | F18: MH46AF3590 | G18: 972/ 384, 973/385 | H18: LOI-715 | I18: 45150
A19: VIL/DC/23-24/1121 | B19: 45196 | C19: HT ANGLE 100X100X7 MM | D19: KEC INTERNATIONAL LIMITED,(BUTIBORI) | E19: 4.568 | F19: MH46AF3590 | G19: 972/ 384, 973/385 | H19: LOI-715 | I19: 45150
A20: VIL/DC/23-24/1121 | B20: 45196 | C20: HT ANGLE 90X90X7 MM | D20: KEC INTERNATIONAL LIMITED,(BUTIBORI) | E20: 2.297 | F20: MH46AF3590 | G20: 972/ 384, 973/385 | H20: LOI-715 | I20: 45150
A21: VIL/DC/23-24/1121 | B21: 45196 | C21: HT ANGLE 130X130X10 MM | D21: KEC INTERNATIONAL LIMITED,(BUTIBORI) | E21: 3.328 | F21: MH46AF3590 | G21: 972/ 384, 973/385 | H21: LOI-715 | I21: 45150
A22: VIL/DC/23-24/1121 | B22: 45196 | C22: HT ANGLE 90X90X7 MM | D22: KEC INTERNATIONAL LIMITED,(BUTIBORI) | E22: 0.807 | F22: MH46AF3590 | G22: 972/ 384, 973/385 | H22: LOI-715 | I22: 45150
E23: =SUM(E15:E22) -> 32.003
A24: VIL/DC/23-24/1122 | B24: 45197 | C24: HT ANGLE 100X100X8 MM | D24: KEC INTERNATIONAL LIMITED,(BUTIBORI) | E24: 5.823 | F24: MH46AF3590 | G24: 974/386 | H24: LOI-715 | I24: 45150
A25: VIL/DC/23-24/1122 | B25: 45197 | C25: MS ANGLE 100X100X8 MM | D25: KEC INTERNATIONAL LIMITED,(BUTIBORI) | E25: 2.523 | F25: MH46AF3590 | G25: 974/386 | H25: LOI-715 | I25: 45150
A26: VIL/DC/23-24/1122 | B26: 45197 | C26: MS ANGLE 80X80X6 MM | D26: KEC INTERNATIONAL LIMITED,(BUTIBORI) | E26: 2.378 | F26: MH46AF3590 | G26: 974/386 | H26: LOI-715 | I26: 45150
A27: VIL/DC/23-24/1122 | B27: 45197 | C27: MS ANGLE 130X130X10 MM | D27: KEC INTERNATIONAL LIMITED,(BUTIBORI) | E27: 0.76 | F27: MH46AF3590 | G27: 974/386 | H27: LOI-715 | I27: 45150
A28: VIL/DC/23-24/1122 | B28: 45197 | C28: MS ANGLE 100X100X6 MM | D28: KEC INTERNATIONAL LIMITED,(BUTIBORI) | E28: 0.867 | F28: MH46AF3590 | G28: 974/386 | H28: LOI-715 | I28: 45150
A29: VIL/DC/23-24/1122 | B29: 45197 | C29: HT ANGLE 90X90X6 MM | D29: KEC INTERNATIONAL LIMITED,(BUTIBORI) | E29: 1.511 | F29: MH46AF3590 | G29: 974/386 | H29: LOI-715 | I29: 45150
A30: VIL/DC/23-24/1122 | B30: 45197 | C30: HT ANGLE 120X120X10 MM | D30: KEC INTERNATIONAL LIMITED,(BUTIBORI) | E30: 7.265 | F30: MH46AF3590 | G30: 974/386 | H30: LOI-715 | I30: 45150
A31: VIL/DC/23-24/1122 | B31: 45197 | C31: HT ANGLE 120X120X9 MM | D31: KEC INTERNATIONAL LIMITED,(BUTIBORI) | E31: 3.305 | F31: MH46AF3590 | G31: 974/386 | H31: LOI-715 | I31: 45150
A32: VIL/DC/23-24/1122 | B32: 45197 | C32: HT ANGLE 120X120X8 MM | D32: KEC INTERNATIONAL LIMITED,(BUTIBORI) | E32: =8.095+0.0005 -> 8.0955 | F32: MH46AF3590 | G32: 974/386 | H32: LOI-715 | I32: 45150
A33: VIL/DC/23-24/1122 | B33: 45197 | C33: HT ANGLE 80X80X6 MM | D33: KEC INTERNATIONAL LIMITED,(BUTIBORI) | E33: 0.088 | F33: MH46AF3590 | G33: 974/386 | H33: LOI-715 | I33: 45150
E34: =SUM(E24:E33) -> 32.6155
A35: VIL/DC/23-24/1124 | B35: 45198 | C35: HT ANGLE 150X150X14 MM | D35: KEC INTERNATIONAL LIMITED,(BUTIBORI) | E35: 3.413 | F35: MH40Y3944 | G35: 977/385, 978/387 | H35: LOI-715 | I35: 45150
A36: VIL/DC/23-24/1124 | B36: 45198 | C36: HT ANGLE 150X150X15 MM | D36: KEC INTERNATIONAL LIMITED,(BUTIBORI) | E36: =1.007+0.886 -> 1.893 | F36: MH40Y3944 | G36: 977/385, 978/387 | H36: LOI-715 | I36: 45150
A37: VIL/DC/23-24/1124 | B37: 45198 | C37: HT ANGLE 130X130X12 MM | D37: KEC INTERNATIONAL LIMITED,(BUTIBORI) | E37: 1.624 | F37: MH40Y3944 | G37: 977/385, 978/387 | H37: LOI-715 | I37: 45150
A38: VIL/DC/23-24/1125 | B38: 45198 | C38: HT ANGLE 110X110X7 MM | D38: KEC INTERNATIONAL LIMITED,(BUTIBORI) | E38: 25.226 | F38: MH40Y3944 | G38: 978/387 | H38: LOI-613 | I38: 45139
A39: VIL/DC/23-24/1126 | B39: 45198 | C39: HT ANGLE 150X150X17 MM | D39: KEC INTERNATIONAL LIMITED,(BUTIBORI) | E39: 32.399 | F39: MH46AF3590 | G39: 979/387, 980/388, 981/389 | H39: LOI-613 | I39: 45139
E40: =SUM(E35:E39) -> 64.555
A41: VIL/DC/23-24/1127 | B41: 45199 | C41: HT ANGLE 100X100X6 MM | D41: KEC INTERNATIONAL LIMITED,(BUTIBORI) | E41: 1.459 | F41: MH46AF3590 | G41: 982/ 389 | H41: LOI-715 | I41: 45150
A42: VIL/DC/23-24/1127 | B42: 45199 | C42: HT ANGLE 150X150X16 MM | D42: KEC INTERNATIONAL LIMITED,(BUTIBORI) | E42: 0.862 | F42: MH46AF3590 | G42: 982/ 389 | H42: LOI-715 | I42: 45150
A43: VIL/DC/23-24/1127 | B43: 45199 | C43: HT ANGLE 110X110X10 MM | D43: KEC INTERNATIONAL LIMITED,(BUTIBORI) | E43: 1.153 | F43: MH46AF3590 | G43: 982/ 389 | H43: LOI-715 | I43: 45150
A44: VIL/DC/23-24/1127 | B44: 45199 | C44: HT ANGLE 150X150X13 MM | D44: KEC INTERNATIONAL LIMITED,(BUTIBORI) | E44: 3.398 | F44: MH46AF3590 | G44: 982/ 389 | H44: LOI-715 | I44: 45150
A45: VIL/DC/23-24/1127 | B45: 45199 | C45: HT ANGLE 150X150X14 MM | D45: KEC INTERNATIONAL LIMITED,(BUTIBORI) | E45: 2.124 | F45: MH46AF3590 | G45: 982/ 389 | H45: LOI-715 | I45: 45150
A46: VIL/DC/23-24/1127 | B46: 45199 | C46: HT ANGLE 80X80X5 MM | D46: KEC INTERNATIONAL LIMITED,(BUTIBORI) | E46: 0.81 | F46: MH46AF3590 | G46: 982/ 389 | H46: LOI-715 | I46: 45150
A47: VIL/DC/23-24/1128 | B47: 45199 | C47: HT ANGLE 150X150X12 MM | D47: KEC INTERNATIONAL LIMITED,(BUTIBORI) | E47: 4.229 | F47: MH46AF3590 | G47: 982/ 389 | H47: LOI-714 | I47: 45150
A48: VIL/DC/23-24/1129 | B48: 45199 | C48: HT ANGLE 150X150X12 MM | D48: KEC INTERNATIONAL LIMITED,(BUTIBORI) | E48: =5.575+13.221 -> 18.796 | F48: MH46AF3590 | G48: 982/ 389, 983/390 | H48: LOI-765 | I48: 45167
A49: VIL/DC/23-24/1130 | B49: 45199 | C49: HT ANGLE 150X150X15 MM | D49: KEC INTERNATIONAL LIMITED,(DUBAI) | E49: 12.969 | F49: NL01AC6497 | G49: 984/ 390, 985/391 | H49: LOI-794 | I49: 45176
A50: VIL/DC/23-24/1130 | B50: 45199 | C50: HT ANGLE 150X150X10 MM | D50: KEC INTERNATIONAL LIMITED,(DUBAI) | E50: =3.011+6.565 -> 9.576 | F50: NL01AC6497 | G50: 984/ 390, 985/391 | H50: LOI-794 | I50: 45176
A51: VIL/DC/23-24/1130 | B51: 45199 | C51: HT ANGLE 150X150X16 MM | D51: KEC INTERNATIONAL LIMITED,(DUBAI) | E51: 2.226 | F51: NL01AC6497 | G51: 984/ 390, 985/391 | H51: LOI-794 | I51: 45176
A52: VIL/DC/23-24/1131 | B52: 45199 | C52: HT ANGLE 150X150X10 MM | D52: KEC INTERNATIONAL LIMITED,(BUTIBORI) | E52: 1.21 | F52: MH40Y9744 | G52: 986/391 | H52: LOI-715 | I52: 45150
A53: VIL/DC/23-24/1131 | B53: 45199 | C53: HT ANGLE 150X150X10 MM | D53: KEC INTERNATIONAL LIMITED,(BUTIBORI) | E53: 0.909 | F53: MH40Y9744 | G53: 986/391 | H53: LOI-715 | I53: 45150
A54: VIL/DC/23-24/1131 | B54: 45199 | C54: HT ANGLE 150X150X16 MM | D54: KEC INTERNATIONAL LIMITED,(BUTIBORI) | E54: 2.412 | F54: MH40Y9744 | G54: 986/391 | H54: LOI-715 | I54: 45150
A55: VIL/DC/23-24/1132 | B55: 45199 | C55: HT ANGLE 150X150X16 MM | D55: KEC INTERNATIONAL LIMITED,(BUTIBORI) | E55: =23.772+1.071 -> 24.843 | F55: MH40Y9744 | G55: 986/391, 987/392 | H55: LOI-765 | I55: 45167
A56: VIL/DC/23-24/1133 | B56: 45199 | C56: HT ANGLE 110X110X7 MM | D56: KEC INTERNATIONAL LIMITED,(BUTIBORI) | E56: 2.785 | F56: MH40Y9744 | G56: 987/392 | H56: LOI-613 | I56: 45139
A57: VIL/DC/23-24/1134 | B57: 45199 | C57: MS ANGLE 110X110X6 MM | D57: KEC INTERNATIONAL LIMITED,(BUTIBORI) | E57: 26.261 | F57: MH40AK3044 | G57: 988/392 | H57: LOI-613 | I57: 45139
A58: VIL/DC/23-24/1134 | B58: 45199 | C58: HT ANGLE 110X110X6 MM | D58: KEC INTERNATIONAL LIMITED,(BUTIBORI) | E58: 6.296 | F58: MH40AK3044 | G58: 988/392 | H58: LOI-613 | I58: 45139
A59: VIL/DC/23-24/1135 | B59: 45199 | C59: HT ANGLE 150X150X15 MM | D59: KEC INTERNATIONAL LIMITED,(DUBAI) | E59: 49.839 | F59: MH40CM0656 | G59: 989/392, 990/393, 991/394, 992/395 | H59: LOI-794 | I59: 45176
A60: VIL/DC/23-24/1136 | B60: 45199 | C60: HT ANGLE 110X110X6 MM | D60: KEC INTERNATIONAL LIMITED,(BUTIBORI) | E60: =14.506+10.798 -> 25.304 | F60: MH40Y5644 | G60: 993/395, 994/396 | H60: LOI-613 | I60: 45139
A61: VIL/DC/23-24/1136 | B61: 45199 | C61: HT ANGLE 90X90X6 MM | D61: KEC INTERNATIONAL LIMITED,(BUTIBORI) | E61: 6.373 | F61: MH40Y5644 | G61: 993/395, 994/396 | H61: LOI-613 | I61: 45139
A62: VIL/DC/23-24/1137 | B62: 45199 | C62: HT ANGLE 150X150X13 MM | D62: KEC INTERNATIONAL LIMITED,(DUBAI) | E62: =11.956+3.216 -> 15.172 | F62: MH40CM0647 | G62: 995/396, 996/367, 997/398 | H62: LOI-794 | I62: 45176
A63: VIL/DC/23-24/1137 | B63: 45199 | C63: HT ANGLE 150X150X12 MM | D63: KEC INTERNATIONAL LIMITED,(DUBAI) | E63: =20.152+2.059 -> 22.211 | F63: MH40CM0647 | G63: 995/396, 996/367, 997/398 | H63: LOI-794 | I63: 45176
A64: VIL/DC/23-24/1137 | B64: 45199 | C64: HT ANGLE 150X150X15 MM | D64: KEC INTERNATIONAL LIMITED,(DUBAI) | E64: 8.934 | F64: MH40CM0647 | G64: 995/396, 996/367, 997/398 | H64: LOI-794 | I64: 45176
A65: VIL/DC/23-24/1137 | B65: 45199 | C65: HT ANGLE 130X130X10 MM | D65: KEC INTERNATIONAL LIMITED,(DUBAI) | E65: 2.416 | F65: MH40CM0647 | G65: 995/396, 996/367, 997/398 | H65: LOI-794 | I65: 45176
E66: =SUM(E41:E65) -> 252.567
A67: VIL/DC/23-24/1138 | B67: 45200 | C67: HT ANGLE 90X90X6 MM | D67: KEC INTERNATIONAL LIMITED,(BUTIBORI) | E67: =9.959+22.36 -> 32.319 | F67: MH46AF3590 | G67: 998/398, 999/399 | H67: LOI-613 | I67: 45139
A68: VIL/DC/23-24/1139 | B68: 45200 | C68: HT ANGLE 150X150X12 MM | D68: KEC INTERNATIONAL LIMITED,(BUTIBORI) | E68: =14.679+0.66 -> 15.339 | F68: MH40Y3944 | G68: 1000/399, 1001/400 | H68: LOI-714 | I68: 45150
A69: VIL/DC/23-24/1140 | B69: 45200 | C69: HT ANGLE 150X150X14 MM | D69: KEC INTERNATIONAL LIMITED,(BUTIBORI) | E69: 16.723 | F69: MH40Y3944 | G69: 1001/400 | H69: LOI-613 | I69: 45139
A70: VIL/DC/23-24/1141 | B70: 45200 | C70: HT ANGLE 150X150X11 MM | D70: KEC INTERNATIONAL LIMITED,(DUBAI) | E70: 3.901 | F70: MH40AK7728 | G70: 1002/401 | H70: LOI-794 | I70: 45176
A71: VIL/DC/23-24/1141 | B71: 45200 | C71: HT ANGLE 150X150X12 MM | D71: KEC INTERNATIONAL LIMITED,(DUBAI) | E71: 0.677 | F71: MH40AK7728 | G71: 1002/401 | H71: LOI-794 | I71: 45176
A72: VIL/DC/23-24/1141 | B72: 45200 | C72: HT ANGLE 150X150X10 MM | D72: KEC INTERNATIONAL LIMITED,(DUBAI) | E72: 1.721 | F72: MH40AK7728 | G72: 1002/401 | H72: LOI-794 | I72: 45176
A73: VIL/DC/23-24/1141 | B73: 45200 | C73: HT ANGLE 150X150X15 MM | D73: KEC INTERNATIONAL LIMITED,(DUBAI) | E73: 14.904 | F73: MH40AK7728 | G73: 1002/401 | H73: LOI-794 | I73: 45176
A74: VIL/DC/23-24/1141 | B74: 45200 | C74: HT ANGLE 130X130X11 MM | D74: KEC INTERNATIONAL LIMITED,(DUBAI) | E74: 0.316 | F74: MH40AK7728 | G74: 1002/401 | H74: LOI-794 | I74: 45176
A75: VIL/DC/23-24/1141 | B75: 45200 | C75: HT ANGLE 130X130X10 MM | D75: KEC INTERNATIONAL LIMITED,(DUBAI) | E75: 3.516 | F75: MH40AK7728 | G75: 1002/401 | H75: LOI-794 | I75: 45176
E76: =SUM(E67:E75) -> 89.416
A77: VIL/DC/23-24/1142 | B77: 45201 | C77: HT ANGLE 110X110X7 MM | D77: KEC INTERNATIONAL LIMITED,(BUTIBORI) | E77: 11.197 | F77: MH40Y3944 | G77: 1003/400, 1004/401 | H77: LOI-613 | I77: 45139
A78: VIL/DC/23-24/1142 | B78: 45201 | C78: HT ANGLE 150X150X11 MM | D78: KEC INTERNATIONAL LIMITED,(BUTIBORI) | E78: 4.526 | F78: MH40Y3944 | G78: 1003/400, 1004/401 | H78: LOI-613 | I78: 45139
A79: VIL/DC/23-24/1142 | B79: 45201 | C79: HT ANGLE 150X150X17 MM | D79: KEC INTERNATIONAL LIMITED,(BUTIBORI) | E79: =3.988+11.826 -> 15.814 | F79: MH40Y3944 | G79: 1003/400, 1004/401 | H79: LOI-613 | I79: 45139
A80: VIL/DC/23-24/1143 | B80: 45201 | C80: HT ANGLE 75X75X6 MM | D80: KEC INTERNATIONAL LIMITED,(BUTIBORI) | E80: =0.178+18.893 -> 19.071 | F80: MH46AF3590 | G80: 1005/401, 1006/402, 1007/403 | H80: LOI-613 | I80: 45139
A81: VIL/DC/23-24/1143 | B81: 45201 | C81: HT ANGLE 75X75X5 MM | D81: KEC INTERNATIONAL LIMITED,(BUTIBORI) | E81: =4.493+4.474 -> 8.967 | F81: MH46AF3590 | G81: 1005/401, 1006/402, 1007/403 | H81: LOI-613 | I81: 45139
A82: VIL/DC/23-24/1143 | B82: 45201 | C82: HT ANGLE 90X90X6 MM | D82: KEC INTERNATIONAL LIMITED,(BUTIBORI) | E82: 5.186 | F82: MH46AF3590 | G82: 1005/401, 1006/402, 1007/403 | H82: LOI-613 | I82: 45139
A83: VIL/DC/23-24/1144 | B83: 45201 | C83: MS ANGLE 75X75X5 MM | D83: KEC INTERNATIONAL LIMITED,(JBP VIA BUTIBORI) | E83: 14.899 | F83: MH49AT 2913 | G83: 1008/403, 1009/404 | H83: LOI-614 | I83: 45139
A84: VIL/DC/23-24/1144 | B84: 45201 | C84: MS ANGLE 80X80X5 MM | D84: KEC INTERNATIONAL LIMITED,(JBP VIA BUTIBORI) | E84: =0.759+17.09 -> 17.849 | F84: MH49AT 2913 | G84: 1008/403, 1009/404 | H84: LOI-614 | I84: 45139
A85: VIL/DC/23-24/1145 | B85: 45201 | C85: HT ANGLE 110X110X7 MM | D85: KEC INTERNATIONAL LIMITED,(JBP VIA BUTIBORI) | E85: =8.118+8.176 -> 16.294 | F85: MH40BG0308 | G85: 1010/404, 1011/405 | H85: LOI-614 | I85: 45139
A86: VIL/DC/23-24/1145 | B86: 45201 | C86: HT ANGLE 110X110X6 MM | D86: KEC INTERNATIONAL LIMITED,(JBP VIA BUTIBORI) | E86: 7.603 | F86: MH40BG0308 | G86: 1010/404, 1011/405 | H86: LOI-614 | I86: 45139
A87: VIL/DC/23-24/1145 | B87: 45201 | C87: MS ANGLE 110X110X6 MM | D87: KEC INTERNATIONAL LIMITED,(JBP VIA BUTIBORI) | E87: 8.231 | F87: MH40BG0308 | G87: 1010/404, 1011/405 | H87: LOI-614 | I87: 45139
A88: VIL/DC/23-24/1146 | B88: 45201 | C88: HT ANGLE 150X150X16 MM | D88: KEC INTERNATIONAL LIMITED,(BUTIBORI) | E88: =5.154+25.72 -> 30.874 | F88: MH40Y4044 | G88: 1012/405, 1013/406 | H88: LOI-765 | I88: 45167
A89: VIL/DC/23-24/1146 | B89: 45201 | C89: HT ANGLE 150X150X18 MM | D89: KEC INTERNATIONAL LIMITED,(BUTIBORI) | E89: 2.045 | F89: MH40Y4044 | G89: 1012/405, 1013/406 | H89: LOI-765 | I89: 45167
A90: VIL/DC/23-24/1147 | B90: 45201 | C90: HT ANGLE 110X110X6 MM | D90: KEC INTERNATIONAL LIMITED,(BUTIBORI) | E90: =9.072+5.772 -> 14.844 | F90: MH46AR8099 | G90: 1014/406, 1015/407 | H90: LOI-613 | I90: 45139
A91: VIL/DC/23-24/1147 | B91: 45201 | C91: HT ANGLE 110X110X8 MM | D91: KEC INTERNATIONAL LIMITED,(BUTIBORI) | E91: 18.174 | F91: MH46AR8099 | G91: 1014/406, 1015/407 | H91: LOI-613 | I91: 45139
A92: VIL/DC/23-24/1148 | B92: 45201 | C92: HT ANGLE 150X150X15 MM | D92: KEC INTERNATIONAL LIMITED,(JBP VIA BUTIBORI) | E92: 2.428 | F92: MH40N7423 | G92: 1016/409 | H92: LOI-614 | I92: 45139
A93: VIL/DC/23-24/1148 | B93: 45201 | C93: HT ANGLE 150X150X14 MM | D93: KEC INTERNATIONAL LIMITED,(JBP VIA BUTIBORI) | E93: 4.38 | F93: MH40N7423 | G93: 1016/409 | H93: LOI-614 | I93: 45139
A94: VIL/DC/23-24/1148 | B94: 45201 | C94: HT ANGLE 150X150X17 MM | D94: KEC INTERNATIONAL LIMITED,(JBP VIA BUTIBORI) | E94: 2.291 | F94: MH40N7423 | G94: 1016/409 | H94: LOI-614 | I94: 45139
A95: VIL/DC/23-24/1148 | B95: 45201 | C95: HT ANGLE 110X110X7 MM | D95: KEC INTERNATIONAL LIMITED,(JBP VIA BUTIBORI) | E95: 9.774 | F95: MH40N7423 | G95: 1016/409 | H95: LOI-614 | I95: 45139
A96: VIL/DC/23-24/1148 | B96: 45201 | C96: HT ANGLE 110X110X8 MM | D96: KEC INTERNATIONAL LIMITED,(JBP VIA BUTIBORI) | E96: 6.257 | F96: MH40N7423 | G96: 1016/409 | H96: LOI-614 | I96: 45139
A97: VIL/DC/23-24/1148 | B97: 45201 | C97: HT ANGLE 75X75X5 MM | D97: KEC INTERNATIONAL LIMITED,(JBP VIA BUTIBORI) | E97: 3.383 | F97: MH40N7423 | G97: 1016/409 | H97: LOI-614 | I97: 45139
A98: VIL/DC/23-24/1148 | B98: 45201 | C98: HT ANGLE 75X75X6 MM | D98: KEC INTERNATIONAL LIMITED,(JBP VIA BUTIBORI) | E98: 3.886 | F98: MH40N7423 | G98: 1016/409 | H98: LOI-614 | I98: 45139
E99: =SUM(E77:E98) -> 227.973
A101: VIL/DC/23-24/1149 | B101: 45202 | C101: HT ANGLE 150X150X20 MM | D101: KEC INTERNATIONAL LIMITED,(BUTIBORI) | E101: 3.571 | F101: MH40Y3944 | G101: 1017/407, 1018/408 | H101: LOI-715 | I101: 45150
...

Sheet KEC JBP DISPATCHED OCT
A1: Invoice No. | B1: Invoice Dt | C1: Section | D1: PNAME | E1: QTY ISSUED | F1: VEHICLE No. | G1: Jobwork Challan No. | H1: Po. No | I1: PO ORDER DATE
A2: VIL/DC/23-24/1160 | B2: 45203 | C2: HT ANGLE 75X75X6 MM | D2: KEC INTERNATIONAL LIMITED,(JABALPUR) | E2: 3.492 | F2: MH40AK1958 | G2: 1029/149 | H2: LOI-835 | I2: 45188
A3: VIL/DC/23-24/1160 | B3: 45203 | C3: HT ANGLE 75X75X5 MM | D3: KEC INTERNATIONAL LIMITED,(JABALPUR) | E3: 5.875 | F3: MH40AK1958 | G3: 1029/149 | H3: LOI-835 | I3: 45188
A4: VIL/DC/23-24/1160 | B4: 45203 | C4: HT ANGLE 150X150X10 MM | D4: KEC INTERNATIONAL LIMITED,(JABALPUR) | E4: 0.413 | F4: MH40AK1958 | G4: 1029/149 | H4: LOI-835 | I4: 45188
A5: VIL/DC/23-24/1160 | B5: 45203 | C5: HT ANGLE 150X150X10 MM | D5: KEC INTERNATIONAL LIMITED,(JABALPUR) | E5: 0.459 | F5: MH40AK1958 | G5: 1029/149 | H5: LOI-835 | I5: 45188
A6: VIL/DC/23-24/1160 | B6: 45203 | C6: HT ANGLE 150X150X20 MM | D6: KEC INTERNATIONAL LIMITED,(JABALPUR) | E6: 1.068 | F6: MH40AK1958 | G6: 1029/149 | H6: LOI-835 | I6: 45188
A7: VIL/DC/23-24/1160 | B7: 45203 | C7: HT ANGLE 150X150X12 MM | D7: KEC INTERNATIONAL LIMITED,(JABALPUR) | E7: 4.476 | F7: MH40AK1958 | G7: 1029/149 | H7: LOI-835 | I7: 45188
A8: VIL/DC/23-24/1160 | B8: 45203 | C8: HT ANGLE 150X150X12 MM | D8: KEC INTERNATIONAL LIMITED,(JABALPUR) | E8: 3.561 | F8: MH40AK1958 | G8: 1029/149 | H8: LOI-835 | I8: 45188
A9: VIL/DC/23-24/1160 | B9: 45203 | C9: HT ANGLE 75X75X5 MM | D9: KEC INTERNATIONAL LIMITED,(JABALPUR) | E9: 0.069 | F9: MH40AK1958 | G9: 1029/149 | H9: LOI-835 | I9: 45188
A10: VIL/DC/23-24/1160 | B10: 45203 | C10: HT ANGLE 75X75X6 MM | D10: KEC INTERNATIONAL LIMITED,(JABALPUR) | E10: 0.247 | F10: MH40AK1958 | G10: 1029/149 | H10: LOI-835 | I10: 45188
A11: VIL/DC/23-24/1160 | B11: 45203 | C11: MS ANGLE 75X75X6 MM | D11: KEC INTERNATIONAL LIMITED,(JABALPUR) | E11: 0.552 | F11: MH40AK1958 | G11: 1029/149 | H11: LOI-835 | I11: 45188
A12: VIL/DC/23-24/1160 | B12: 45203 | C12: MS ANGLE 75X75X5 MM | D12: KEC INTERNATIONAL LIMITED,(JABALPUR) | E12: 4.478 | F12: MH40AK1958 | G12: 1029/149 | H12: LOI-835 | I12: 45188
A13: VIL/DC/23-24/1160 | B13: 45203 | C13: MS ANGLE 75X75X5 MM | D13: KEC INTERNATIONAL LIMITED,(JABALPUR) | E13: 1.039 | F13: MH40AK1958 | G13: 1029/149 | H13: LOI-835 | I13: 45188
A14: VIL/DC/23-24/1160 | B14: 45203 | C14: MS ANGLE 75X75X6 MM | D14: KEC INTERNATIONAL LIMITED,(JABALPUR) | E14: 1.749 | F14: MH40AK1958 | G14: 1029/149 | H14: LOI-835 | I14: 45188
E15: =SUM(E2:E14) -> 27.478
A16: VIL/DC/23-24/1181 | B16: 45206 | C16: HT ANGLE 110X110X8 MM | D16: KEC INTERNATIONAL LIMITED,(JABALPUR) | E16: 8.76 | F16: MH49AT1954 | G16: 1042/167, | H16: LOI-835 | I16: 45188
A17: VIL/DC/23-24/1181 | B17: 45206 | C17: MS ANGLE 110X110X8 MM | D17: KEC INTERNATIONAL LIMITED,(JABALPUR) | E17: 3.917 | F17: MH49AT1954 | G17: 1042/167, | H17: LOI-835 | I17: 45188
A18: VIL/DC/23-24/1181 | B18: 45206 | C18: MS ANGLE 110X110X8 MM | D18: KEC INTERNATIONAL LIMITED,(JABALPUR) | E18: 1.881 | F18: MH49AT1954 | G18: 1042/167, | H18: LOI-835 | I18: 45188
A19: VIL/DC/23-24/1181 | B19: 45206 | C19: HT ANGLE 110X110X10 MM | D19: KEC INTERNATIONAL LIMITED,(JABALPUR) | E19: 0.622 | F19: MH49AT1954 | G19: 1042/167, | H19: LOI-835 | I19: 45188
A20: VIL/DC/23-24/1181 | B20: 45206 | C20: HT ANGLE 150X150X20 MM | D20: KEC INTERNATIONAL LIMITED,(JABALPUR) | E20: 3.441 | F20: MH49AT1954 | G20: 1042/167, | H20: LOI-835 | I20: 45188
A21: VIL/DC/23-24/1182 | B21: 45206 | C21: MS ANGLE 80X80X8 MM | D21: KEC INTERNATIONAL LIMITED,(JABALPUR) | E21: =10.589+2.558 -> 13.147 | F21: MH49AT1954 | G21: 1042/167, 1043/168 | H21: LOI-768 | I21: 45167
A22: VIL/DC/23-24/1182 | B22: 45206 | C22: MS ANGLE 90X90X6 MM | D22: KEC INTERNATIONAL LIMITED,(JABALPUR) | E22: 0.181 | F22: MH49AT1954 | G22: 1042/167, 1043/168 | H22: LOI-768 | I22: 45167
A23: VIL/DC/23-24/1182 | B23: 45206 | C23: MS ANGLE 90X90X8 MM | D23: KEC INTERNATIONAL LIMITED,(JABALPUR) | E23: 0.78 | F23: MH49AT1954 | G23: 1042/167, 1043/168 | H23: LOI-768 | I23: 45167
A24: VIL/DC/23-24/1183 | B24: 45206 | C24: HT ANGLE 80X80X6 MM | D24: KEC INTERNATIONAL LIMITED,(JABALPUR) | E24: 4.22 | F24: MH40AK6073 | G24: 1044/147, 1045/148, 1046/149, 1047/150 | H24: LOI-766 | I24: 45167
A25: VIL/DC/23-24/1183 | B25: 45206 | C25: MS ANGLE 120X120X10 MM | D25: KEC INTERNATIONAL LIMITED,(JABALPUR) | E25: =2.996+0.901 -> 3.897 | F25: MH40AK6073 | G25: 1044/147, 1045/148, 1046/149, 1047/150 | H25: LOI-766 | I25: 45167
A26: VIL/DC/23-24/1183 | B26: 45206 | C26: MS ANGLE 120X120X8 MM | D26: KEC INTERNATIONAL LIMITED,(JABALPUR) | E26: =3.2+1.764 -> 4.964 | F26: MH40AK6073 | G26: 1044/147, 1045/148, 1046/149, 1047/150 | H26: LOI-766 | I26: 45167
A27: VIL/DC/23-24/1183 | B27: 45206 | C27: MS ANGLE 130X130X8 MM | D27: KEC INTERNATIONAL LIMITED,(JABALPUR) | E27: =7.449+6.449 -> 13.898 | F27: MH40AK6073 | G27: 1044/147, 1045/148, 1046/149, 1047/150 | H27: LOI-766 | I27: 45167
A28: VIL/DC/23-24/1184 | B28: 45206 | C28: HT ANGLE 80X8X6 MM | D28: KEC INTERNATIONAL LIMITED,(JABALPUR) | E28: 1.494 | F28: MH40AK6073 | G28: 1047/150 | H28: LOI-720 | I28: 45150
A29: VIL/DC/23-24/1184 | B29: 45206 | C29: MS ANGLE 120X120X10 MM | D29: KEC INTERNATIONAL LIMITED,(JABALPUR) | E29: 4.331 | F29: MH40AK6073 | G29: 1047/150 | H29: LOI-720 | I29: 45150
A30: VIL/DC/23-24/1185 | B30: 45206 | C30: HT ANGLE 130X13X10 MM | D30: KEC INTERNATIONAL LIMITED,(JABALPUR) | E30: 12.515 | F30: MH49AT1956 | G30: 1048/150, 1049/ 168 | H30: LOI-766 | I30: 45167
A31: VIL/DC/23-24/1185 | B31: 45206 | C31: HT ANGLE 100X100X6 MM | D31: KEC INTERNATIONAL LIMITED,(JABALPUR) | E31: =7.54+12.554 -> 20.094 | F31: MH49AT1956 | G31: 1048/150, 1049/ 168 | H31: LOI-766 | I31: 45167
A32: VIL/DC/23-24/1186 | B32: 45206 | C32: HT ANGLE 80X80X5 MM | D32: KEC INTERNATIONAL LIMITED,(JABALPUR) | E32: 9.119 | F32: MH40AK6001 | G32: 1050/168, 1051/ 169 | H32: LOI-766 | I32: 45167
A33: VIL/DC/23-24/1186 | B33: 45206 | C33: MS ANGLE 80X80X5 MM | D33: KEC INTERNATIONAL LIMITED,(JABALPUR) | E33: =3.88+7.529 -> 11.409 | F33: MH40AK6001 | G33: 1050/168, 1051/ 169 | H33: LOI-766 | I33: 45167
A34: VIL/DC/23-24/1186 | B34: 45206 | C34: MS ANGLE 80X80X6 MM | D34: KEC INTERNATIONAL LIMITED,(JABALPUR) | E34: 11.923 | F34: MH40AK6001 | G34: 1050/168, 1051/ 169 | H34: LOI-766 | I34: 45167
A35: VIL/DC/23-24/1187 | B35: 45206 | C35: MS ANGLE 80X80X6 MM | D35: KEC INTERNATIONAL LIMITED,(JABALPUR) | E35: 0.232 | F35: MH40AK6001 | G35: 1051/ 169 | H35: LOI-720 | I35: 45150
E36: =SUM(E16:E35) -> 130.825
A37: VIL/DC/23-24/1188 | B37: 45207 | C37: HT ANGLE 100X100X6 MM | D37: KEC INTERNATIONAL LIMITED,(JABALPUR) | E37: =9.6+2.068 -> 11.668 | F37: MH49AT1955 | G37: 1052/ 169, 1053/170 | H37: LOI-766 | I37: 45167
A38: VIL/DC/23-24/1188 | B38: 45207 | C38: MS ANGLE 100X100X6 MM | D38: KEC INTERNATIONAL LIMITED,(JABALPUR) | E38: 3.791 | F38: MH49AT1955 | G38: 1052/ 169, 1053/170 | H38: LOI-766 | I38: 45167
A39: VIL/DC/23-24/1188 | B39: 45207 | C39: MS ANGLE 130X130X10 MM | D39: KEC INTERNATIONAL LIMITED,(JABALPUR) | E39: 1.822 | F39: MH49AT1955 | G39: 1052/ 169, 1053/170 | H39: LOI-766 | I39: 45167
A40: VIL/DC/23-24/1188 | B40: 45207 | C40: MS ANGLE 80X80X6 MM | D40: KEC INTERNATIONAL LIMITED,(JABALPUR) | E40: 5.159 | F40: MH49AT1955 | G40: 1052/ 169, 1053/170 | H40: LOI-766 | I40: 45167
A41: VIL/DC/23-24/1189 | B41: 45207 | C41: MS ANGLE 80X80X6 MM | D41: KEC INTERNATIONAL LIMITED,(JABALPUR) | E41: 0.155 | F41: MH49AT1955 | G41: 1053/170 | H41: LOI-720 | I41: 45150
A42: VIL/DC/23-24/1190 | B42: 45207 | C42: HT ANGLE 150X150X12 MM | D42: KEC INTERNATIONAL LIMITED,(JABALPUR) | E42: 0.259 | F42: MH49AT1955 | G42: 1053/170 | H42: LOI-613A | I42: 45139
A43: VIL/DC/23-24/1191 | B43: 45207 | C43: HT ANGLE 110X110X8 MM | D43: KEC INTERNATIONAL LIMITED,(JABALPUR) | E43: 1.892 | F43: MH49AT1955 | G43: 1053/170 | H43: LOI-835 | I43: 45188
A44: VIL/DC/23-24/1191 | B44: 45207 | C44: HT ANGLE 110X110X10 MM | D44: KEC INTERNATIONAL LIMITED,(JABALPUR) | E44: 4.458 | F44: MH49AT1955 | G44: 1053/170 | H44: LOI-835 | I44: 45188
A45: VIL/DC/23-24/1191 | B45: 45207 | C45: HT ANGLE 150X150X20 MM | D45: KEC INTERNATIONAL LIMITED,(JABALPUR) | E45: 0.666 | F45: MH49AT1955 | G45: 1053/170 | H45: LOI-835 | I45: 45188
A46: VIL/DC/23-24/1191 | B46: 45207 | C46: HT ANGLE 110X110X9 MM | D46: KEC INTERNATIONAL LIMITED,(JABALPUR) | E46: 1.62 | F46: MH49AT1955 | G46: 1053/170 | H46: LOI-835 | I46: 45188
A47: VIL/DC/23-24/1191 | B47: 45207 | C47: HT ANGLE 110X110X10 MM | D47: KEC INTERNATIONAL LIMITED,(JABALPUR) | E47: 1.194 | F47: MH49AT1955 | G47: 1053/170 | H47: LOI-835 | I47: 45188
A48: VIL/DC/23-24/1191 | B48: 45207 | C48: HT ANGLE 110X110X8 MM | D48: KEC INTERNATIONAL LIMITED,(JABALPUR) | E48: 0.123 | F48: MH49AT1955 | G48: 1053/170 | H48: LOI-835 | I48: 45188
E49: =SUM(E37:E48) -> 32.807
A50: VIL/DC/23-24/1200 | B50: 45210 | C50: HT ANGLE 150X150X13 MM | D50: KEC INTERNATIONAL LIMITED,(JABALPUR) | E50: =6.169+1.843 -> 8.012 | F50: MH40BG0309 | G50: 1062/170, 1063/171 | H50: LOI-836 | I50: 45188
A51: VIL/DC/23-24/1201 | B51: 45210 | C51: HT ANGLE 150X150X14 MM | D51: KEC INTERNATIONAL LIMITED,(JABALPUR) | E51: 10.719 | F51: MH40BG0309 | G51: 1063/171 | H51: LOI-766 | I51: 45167
A52: VIL/DC/23-24/1201 | B52: 45210 | C52: HT ANGLE 150X150X18 MM | D52: KEC INTERNATIONAL LIMITED,(JABALPUR) | E52: 6.463 | F52: MH40BG0309 | G52: 1063/171 | H52: LOI-766 | I52: 45167
A53: VIL/DC/23-24/1201 | B53: 45210 | C53: HT ANGLE 150X150X16 MM | D53: KEC INTERNATIONAL LIMITED,(JABALPUR) | E53: 7.651 | F53: MH40BG0309 | G53: 1063/171 | H53: LOI-766 | I53: 45167
A54: VIL/DC/23-24/1202 | B54: 45210 | C54: HT ANGLE 150X150X11 MM | D54: KEC INTERNATIONAL LIMITED,(JABALPUR) | E54: =2.589+27.502 -> 30.091 | F54: MH49AT3051 | G54: 1064/171, 1065/172 | H54: LOI-766 | I54: 45167
A55: VIL/DC/23-24/1203 | B55: 45210 | C55: HT ANGLE 150X150X11 MM | D55: KEC INTERNATIONAL LIMITED,(JABALPUR) | E55: 2.122 | F55: MH49AT3051 | G55: 1065/172 | H55: LOI-836 | I55: 45188
A56: VIL/DC/23-24/1206 | B56: 45210 | C56: HT ANGLE 150X150X20 MM | D56: KEC INTERNATIONAL LIMITED,(JABALPUR) | E56: =1.923+12.31 -> 14.233 | F56: MH49AT0403 | G56: 1066/172, 1067, 173 | H56: LOI-766 | I56: 45167
A57: VIL/DC/23-24/1206 | B57: 45210 | C57: HT ANGLE 150X150X12 MM | D57: KEC INTERNATIONAL LIMITED,(JABALPUR) | E57: 16.38 | F57: MH49AT0403 | G57: 1066/172, 1067, 173 | H57: LOI-766 | I57: 45167
A58: VIL/DC/23-24/1207 | B58: 45210 | C58: HT ANGLE 150X150X10 MM | D58: KEC INTERNATIONAL LIMITED,(JABALPUR) | E58: 0.138 | F58: MH49AT0403 | G58: 1067, 173 | H58: LOI-836 | I58: 45188
A59: VIL/DC/23-24/1207 | B59: 45210 | C59: HT ANGLE 150X150X12 MM | D59: KEC INTERNATIONAL LIMITED,(JABALPUR) | E59: 2.026 | F59: MH49AT0403 | G59: 1067, 173 | H59: LOI-836 | I59: 45188
E60: =SUM(E50:E59) -> 97.835
