Workbook

Sheet COAL DETAILS
A1: COAL CONSUMPTION REPORT MONTH OF April- 23
A2: Rolling Date | B2: Mill | C2: Firing Source | D2: Mill Start time | E2: Mill Stop time | F2: Sections | G2: Prod. (MT.) | H2: Billet Used | I2: Furnace pre-heating time Hrs. | J2: Coal cons. for pre-heating MT | K2: Mill running time Hrs. | L2: Coal cons.for MT | M2: Avg.Coal cons.for per MT in Kgs. | N2: Total Coal cons. MT | O2: Avg. Total Coal cons. per MT in Kgs. | P2: Avg. Production per Hr. | Q2: Miss Roll Pcs. | R2: Miss Roll Qty | S2: Miss Roll Qty % | T2: Hot Out Pcs. | U2: Hot Out Qty | V2: Hot Out Qty % | W2: Power Consumed | X2: Power unit /mt
A3: 01to 05.04.23 | B3: 20" | C3: Pulv | F3: No section planning
A4: 06.04.23 | B4: 20" | C4: Pulv | D4: 08.00 AM | E4: 08.00 PM | F4: HT/MS-75X75X6/5 | G4: 74.786 | H4: DSP-125 / JSPL150 | K4: 12 | L4: 13.6 | M4: =L4/G4*1000 -> 181.85222 | N4: =+J4+L4 -> 13.6 | O4: =N4/G4*1000 -> 181.85222 | P4: =G4/K4 -> 6.2321667 | Q4: 13 | R4: 2.796 | S4: =R4/G4 -> 0.037386677 | V4: =U4/G4 -> 0 | W4: 8940 | X4: =W4/G4 -> 119.54109
A5: 07.04.23 | B5: 20" | C5: Pulv | D5: 08.00 AM | E5: 01.15 PM | F5: HT-75X75X6/5 | G5: 56.669 | H5: DSP-125 / JSPL150 | K5: 1.15 | L5: 8.2 | M5: =L5/G5*1000 -> 144.69992 | N5: =+J5+L5 -> 8.2 | O5: =N5/G5*1000 -> 144.69992 | P5: =G5/K5 -> 49.277391 | Q5: 1 | R5: 0.246 | S5: =R5/G5 -> 0.0043409977 | T5: 1 | U5: 0.246 | V5: =U5/G5 -> 0.0043409977 | W5: 5760 | X5: =W5/G5 -> 101.64287
A6: 08.04.23 | B6: 20" | C6: Pulv | D6: 8.00 AM | E6: 9.45 PM | F6: HT-90X90X7/6/5 | G6: 171.088 | H6: JSPL-150 | K6: 13.45 | L6: 23.2 | M6: =L6/G6*1000 -> 135.60273 | N6: =+J6+L6 -> 23.2 | O6: =N6/G6*1000 -> 135.60273 | P6: =G6/K6 -> 12.720297 | Q6: 6 | R6: 1.735 | S6: =R6/G6 -> 0.01014098 | T6: 13 | U6: =1.102+2.004 -> 3.106 | V6: =U6/G6 -> 0.0181544 | W6: 14760 | X6: =W6/G6 -> 86.271392 | Y6: 4
A7: 09.04.23 | B7: 20" | C7: Pulv | D7: 9.00 AM | E7: 8.00 PM | F7: HT-110X110X6/7/8 | G7: =136.491-5 -> 131.491 | H7: JSPL-150 | K7: 11 | L7: 18.7 | M7: =L7/G7*1000 -> 142.21506 | N7: =+J7+L7 -> 18.7 | O7: =N7/G7*1000 -> 142.21506 | P7: =G7/K7 -> 11.953727 | Q7: 1 | R7: 0.396 | S7: =R7/G7 -> 0.003011613 | T7: 1 | U7: 0.334 | V7: =U7/G7 -> 0.0025400978 | W7: 11040 | X7: =W7/G7 -> 83.960119
A8: 10.04.23 | B8: 20" | C8: Pulv | D8: 8.00 AM | E8: 7.45 PM | F8: HT-110X110X8/9/10 | G8: 164.158 | H8: JSPL-150 | K8: 11.45 | L8: 22.3 | M8: =L8/G8*1000 -> 135.84473 | N8: =+J8+L8 -> 22.3 | O8: =N8/G8*1000 -> 135.84473 | P8: =G8/K8 -> 14.336943 | S8: =R8/G8 -> 0 | T8: 1 | U8: 0.41 | V8: =U8/G8 -> 0.0024975938 | W8: 10980 | X8: =W8/G8 -> 66.88678
A9: 11.04.23 | B9: 20" | C9: Pulv | D9: 8.00 AM | E9: 4.10 PM | F9: HT-100X100X6/7 | G9: =103.355-5 -> 98.355 | H9: JSPL-150 | K9: 8.1 | L9: 15.2 | M9: =L9/G9*1000 -> 154.54222 | N9: =+J9+L9 -> 15.2 | O9: =N9/G9*1000 -> 154.54222 | P9: =G9/K9 -> 12.142593 | Q9: 1 | R9: 0.27 | S9: =R9/G9 -> 0.0027451578 | T9: 1 | U9: 0.27 | V9: =U9/G9 -> 0.0027451578 | W9: 8280 | X9: =W9/G9 -> 84.184841
A10: 12.04.23 | B10: 20" | C10: Pulv | F10: WEEKLY OFF
A11: 13.04.23 | B11: 20" | C11: Pulv | D11: 8.00 AM | E11: 4.10 PM | G11: =93.493-5 -> 88.493 | H11: JSPL-150 | K11: 6.3 | L11: 13.1 | M11: =L11/G11*1000 -> 148.03431 | N11: =+J11+L11 -> 13.1 | O11: =N11/G11*1000 -> 148.03431 | P11: =G11/K11 -> 14.046508 | S11: =R11/G11 -> 0 | V11: =U11/G11 -> 0 | W11: 6300 | X11: =W11/G11 -> 71.192072
A12: 14.04.23 | B12: 20" | C12: Pulv | D12: 8.00 AM | E12: 8.00 PM | F12: HT-130X130X12/13/11 | G12: 216.819 | H12: JSPL-150 | K12: 12 | L12: 28.4 | M12: =L12/G12*1000 -> 130.98483 | N12: =+J12+L12 -> 28.4 | O12: =N12/G12*1000 -> 130.98483 | P12: =G12/K12 -> 18.06825 | Q12: 1 | R12: 0.569 | S12: =R12/G12 -> 0.0026243088 | V12: =U12/G12 -> 0 | W12: 11340 | X12: =W12/G12 -> 52.301689
A13: 15.04.23 | B13: 20" | C13: Pulv | D13: 10.30 AM | E13: 6.00 PM | F13: HT-130X130X11/10 | G13: 117.038 | H13: JSPL-150 | K13: 7.3 | L13: 16.3 | M13: =L13/G13*1000 -> 139.27101 | N13: =+J13+L13 -> 16.3 | O13: =N13/G13*1000 -> 139.27101 | P13: =G13/K13 -> 16.032603 | S13: =R13/G13 -> 0 | T13: 1 | U13: 0.646 | V13: =U13/G13 -> 0.0055195748 | W13: 6840 | X13: =W13/G13 -> 58.442557
A14: 16.04.23 | B14: 20" | C14: Pulv | F14: SHUT DOWN DUE TO PENDING STRAIGHTENING MATERIAL
A15: 17.04.23 | B15: 20" | C15: Pulv | D15: 8.00 AM | E15: 5.00 PM | F15: HT-130X130X10/9 | G15: 154.791 | H15: JSPL-150 | K15: 9 | L15: 23.4 | M15: =L15/G15*1000 -> 151.17158 | N15: =+J15+L15 -> 23.4 | O15: =N15/G15*1000 -> 151.17158 | P15: =G15/K15 -> 17.199 | Q15: 1 | R15: 0.531 | S15: =R15/G15 -> 0.003430432 | T15: 3 | U15: =1.34+0.531 -> 1.871 | V15: =U15/G15 -> 0.012087266 | W15: 7980 | X15: =W15/G15 -> 51.553385
A16: 18.04.23 | B16: 20" | C16: Pulv | D16: 8.00 AM | E16: 9.00 PM | F16: HT-130X130X9/120X10/9 | G16: 181.445 | H16: JSPL-150 | K16: 14 | L16: 25.8 | M16: =L16/G16*1000 -> 142.19185 | N16: =+J16+L16 -> 25.8 | O16: =N16/G16*1000 -> 142.19185 | P16: =G16/K16 -> 12.960357 | Q16: 3 | R16: 1.564 | S16: =R16/G16 -> 0.0086196919 | T16: 2 | U16: =0.544+0.436 -> 0.98 | V16: =U16/G16 -> 0.0054010857 | W16: 10320 | X16: =W16/G16 -> 56.87674
A17: 19.04.23 | B17: 20" | C17: Pulv | F17: WEEKLY OFF
A18: 20.04.23 | B18: 20" | C18: Pulv | F18: No section planning
A19: 21.04.23 | B19: 20" | C19: Pulv | D19: 7.00 AM | E19: 1.30 PM | F19: HT-120X120X9/8/7 | G19: 108.675 | H19: JSPL-150 | K19: 6.3 | L19: 15.7 | M19: =L19/G19*1000 -> 144.46745 | N19: =+J19+L19 -> 15.7 | O19: =N19/G19*1000 -> 144.46745 | P19: =G19/K19 -> 17.25 | S19: =R19/G19 -> 0 | T19: 1 | U19: 0.552 | V19: =U19/G19 -> 0.0050793651 | W19: 5640 | X19: =W19/G19 -> 51.897861
A20: 22/23.04.23 | B20: 20" | C20: Pulv | F20: No section planning
A21: 24.04.23 | B21: 20" | C21: Pulv | D21: 8.00 AM | E21: 7.30 PM | F21: HT-150X150X18,16,15,14,12,10 | G21: 167.749 | H21: JSPL-150 | K21: 11.3 | L21: 25.3 | M21: =L21/G21*1000 -> 150.82057 | N21: =+J21+L21 -> 25.3 | O21: =N21/G21*1000 -> 150.82057 | P21: =G21/K21 -> 14.845044 | S21: =R21/G21 -> 0 | T21: 4 | U21: =1.852+0.7+0.833 -> 3.385 | V21: =U21/G21 -> 0.020178958 | W21: 9720 | X21: =W21/G21 -> 57.943714
A22: 25.04.23 | B22: 20" | C22: Pulv | D22: 8.00 AM | E22: 4.00 PM | F22: HT-80X80X6/5 | G22: =76.366-5 -> 71.366 | H22: JSPL-150 | K22: 8 | L22: 10.9 | M22: =L22/G22*1000 -> 152.73379 | N22: =+J22+L22 -> 10.9 | O22: =N22/G22*1000 -> 152.73379 | P22: =G22/K22 -> 8.92075 | S22: =R22/G22 -> 0 | T22: 3 | U22: 0.748 | V22: =U22/G22 -> 0.010481182 | W22: 8160 | X22: =W22/G22 -> 114.34016
A23: 26/30.04.23 | B23: 20" | C23: Pulv | F23: No section planning & SHUT DOWN DUE TO PENDING STRAIGHTENING MATERIAL
B24: 20" | C24: Pulv | M24: =L24/G24*1000 -> #DIV/0! | N24: =+J24+L24 -> 0 | O24: =N24/G24*1000 -> #DIV/0! | P24: =G24/K24 -> #DIV/0! | S24: =R24/G24 -> #DIV/0! | V24: =U24/G24 -> #DIV/0! | X24: =W24/G24 -> #DIV/0!
B25: 20" | C25: Pulv | M25: =L25/G25*1000 -> #DIV/0! | N25: =+J25+L25 -> 0 | O25: =N25/G25*1000 -> #DIV/0! | P25: =G25/K25 -> #DIV/0! | S25: =R25/G25 -> #DIV/0! | V25: =U25/G25 -> #DIV/0! | X25: =W25/G25 -> #DIV/0!
B26: 20" | C26: Pulv | M26: =L26/G26*1000 -> #DIV/0! | N26: =+J26+L26 -> 0 | O26: =N26/G26*1000 -> #DIV/0! | P26: =G26/K26 -> #DIV/0! | S26: =R26/G26 -> #DIV/0! | V26: =U26/G26 -> #DIV/0! | X26: =W26/G26 -> #DIV/0!
B27: 20" | C27: Pulv | M27: =L27/G27*1000 -> #DIV/0! | N27: =+J27+L27 -> 0 | O27: =N27/G27*1000 -> #DIV/0! | P27: =G27/K27 -> #DIV/0! | S27: =R27/G27 -> #DIV/0! | V27: =U27/G27 -> #DIV/0! | X27: =W27/G27 -> #DIV/0!
G28: =SUM(G3:G27) -> 1802.923 | J28: =SUM(J3:J27) -> 0 | K28: =SUM(K3:K27) -> 131.35 | L28: =SUM(L3:L27) -> 260.1 | M28: =L28/G28*1000 -> 144.26573 | N28: =SUM(N3:N27) -> 260.1 | O28: =N28/G28*1000 -> 144.26573 | P28: =G28/K28 -> 13.726098 | Q28: =SUM(Q3:Q27) -> 27 | R28: =SUM(R3:R27) -> 8.107 | S28: =R28/G28 -> 0.0044965869 | T28: =SUM(T3:T27) -> 31 | U28: =SUM(U3:U27) -> 12.548 | V28: =U28/G28 -> 0.0069598092 | W28: =SUM(W3:W27) -> 126060 | X28: =W28/G28 -> 69.919791
G30: =+G28 -> 1802.923 | J30: =+#REF!+J28 -> #REF! | K30: =+K28 -> 131.35 | L30: =+L28 -> 260.1 | M30: =+M28 -> 144.26573 | N30: =+N28 -> 260.1 | O30: =+O28 -> 144.26573 | P30: =+P28 -> 13.726098 | Q30: =+Q28 -> 27 | R30: =+R28 -> 8.107 | S30: =R30/G30 -> 0.0044965869 | T30: =+T28 -> 31 | U30: =+U28 -> 12.548 | V30: =U30/G30 -> 0.0069598092 | W30: =+W28 -> 126060 | X30: =W30/G30 -> 69.919791
A32: COAL CONSUMPTION REPORT MONTH OF MAY- 22
A33: Rolling Date | B33: Mill | C33: Gassifier Start time | D33: Mill Start time | E33: Mill Stop time | F33: Sections | G33: Prod. (MT.) | H33: Billet Used | I33: Furnace pre-heating time Hrs. | J33: Coal cons. for pre-heating MT | K33: Mill running time Hrs. | L33: Coal cons.for running MT | M33: Avg.Coal cons.for running per MT in Kgs. | N33: Total Coal cons. MT | O33: Avg. Total Coal cons. per MT in Kgs. | P33: Avg. Production per Hr. | R33: Miss Roll Qty | S33: Miss Roll Qty % | U33: Hot Out Qty | V33: Hot Out Qty % | W33: Power Consumed | X33: Power unit /mt
A34: 01.05.22 | B34: 20" | C34: Pulv | F34: Labour day
A35: 02.05.22 | B35: 20" | C35: Pulv | F35: Coal short | M35: =L35/G35*1000 -> #DIV/0! | N35: =+J35+L35 -> 0 | O35: =N35/G35*1000 -> #DIV/0! | P35: =G35/K35 -> #DIV/0! | S35: =R35/G35 -> #DIV/0! | V35: =U35/G35 -> #DIV/0! | X35: =W35/G35 -> #DIV/0!
B36: 20" | C36: Pulv | M36: =L36/G36*1000 -> #DIV/0! | N36: =+J36+L36 -> 0 | O36: =N36/G36*1000 -> #DIV/0! | P36: =G36/K36 -> #DIV/0! | S36: =R36/G36 -> #DIV/0! | V36: =U36/G36 -> #DIV/0! | X36: =W36/G36 -> #DIV/0!
B37: 20" | C37: Pulv | M37: =L37/G37*1000 -> #DIV/0! | N37: =+J37+L37 -> 0 | O37: =N37/G37*1000 -> #DIV/0! | P37: =G37/K37 -> #DIV/0! | S37: =R37/G37 -> #DIV/0! | V37: =U37/G37 -> #DIV/0! | X37: =W37/G37 -> #DIV/0!
B38: 20" | C38: Pulv | M38: =L38/G38*1000 -> #DIV/0! | N38: =+J38+L38 -> 0 | O38: =N38/G38*1000 -> #DIV/0! | P38: =G38/K38 -> #DIV/0! | S38: =R38/G38 -> #DIV/0! | V38: =U38/G38 -> #DIV/0! | X38: =W38/G38 -> #DIV/0!
M39: =L39/G39*1000 -> #DIV/0! | N39: =+J39+L39 -> 0 | O39: =N39/G39*1000 -> #DIV/0! | P39: =G39/K39 -> #DIV/0! | S39: =R39/G39 -> #DIV/0! | V39: =U39/G39 -> #DIV/0! | X39: =W39/G39 -> #DIV/0!
G40: =SUM(G34:G39) -> 0 | J40: =SUM(J34:J39) -> 0 | K40: =SUM(K34:K39) -> 0 | L40: =SUM(L34:L39) -> 0 | M40: =L40/G40*1000 -> #DIV/0! | N40: =SUM(N34:N39) -> 0 | O40: =N40/G40*1000 -> #DIV/0! | P40: =G40/K40 -> #DIV/0! | R40: =SUM(R34:R39) -> 0 | S40: =R40/G40 -> #DIV/0! | U40: =SUM(U34:U39) -> 0 | V40: =U40/G40 -> #DIV/0! | W40: =SUM(W34:W39) -> 0 | X40: =W40/G40 -> #DIV/0!
G42: =+G40 -> 0 | J42: =+#REF!+J40 -> #REF! | K42: =+K40 -> 0 | L42: =+L40 -> 0 | M42: =+M40 -> #DIV/0! | N42: =+N40 -> 0 | O42: =+O40 -> #DIV/0! | P42: =+P40 -> #DIV/0! | R42: =+R40 -> 0 | S42: =R42/G42 -> #DIV/0! | U42: =+U40 -> 0 | V42: =U42/G42 -> #DIV/0! | W42: =+W40 -> 0 | X42: =W42/G42 -> #DIV/0!
A44: COAL CONSUMPTION REPORT MONTH OF MAY- 23
A45: Rolling Date | B45: Mill | C45: Firing Source | D45: Mill Start time | E45: Mill Stop time | F45: Sections | G45: Prod. (MT.) | H45: Billet Used | I45: Furnace pre-heating time Hrs. | J45: Coal cons. for pre-heating MT | K45: Mill running time Hrs. | L45: Coal cons.for MT | M45: Avg.Coal cons.for per MT in Kgs. | N45: Total Coal cons. MT | O45: Avg. Total Coal cons. per MT in Kgs. | P45: Avg. Production per Hr. | Q45: Miss Roll Pcs. | R45: Miss Roll Qty | S45: Miss Roll Qty % | T45: Hot Out Pcs. | U45: Hot Out Qty | V45: Hot Out Qty % | W45: Power Consumed | X45: Power unit /mt
A46: 01.05.23 | B46: 20" | C46: Pulv | F46: Labour Day
A47: 02to 19.04.23 | B47: 20" | C47: Pulv | F47: No section planning
A48: 20.05.23 | B48: 20" | C48: Pulv | D48: 8.00 AM | E48: 10.00 PM | F48: HT-130X130X10,9,12 MS-130X9 | G48: 135.734 | H48: JSPL/RINL-150 | K48: 14 | L48: 22.5 | M48: =L48/G48*1000 -> 165.76539 | N48: =+J48+L48 -> 22.5 | O48: =N48/G48*1000 -> 165.76539 | P48: =G48/K48 -> 9.6952857 | Q48: 3 | R48: 1.683 | S48: =R48/G48 -> 0.012399251 | T48: =4+4 -> 8 | U48: =2.359+2.452 -> 4.811 | V48: =U48/G48 -> 0.035444325 | W48: 10260 | X48: =W48/G48 -> 75.58902
A49: 21.05.23 | B49: 20" | C49: Pulv | D49: 9.00 AM | E49: 08.00 PM | F49: HT-100X100X6/7 | G49: =117.46-1.5 -> 115.96 | H49: RINL-150 | K49: 11 | L49: 16.3 | M49: =L49/G49*1000 -> 140.56571 | N49: =+J49+L49 -> 16.3 | O49: =N49/G49*1000 -> 140.56571 | P49: =G49/K49 -> 10.541818 | Q49: 1 | R49: 0.248 | S49: =R49/G49 -> 0.0021386685 | V49: =U49/G49 -> 0 | W49: 10380 | X49: =W49/G49 -> 89.513625
A50: 22.05.23 | B50: 20" | C50: Pulv | D50: 8.00 AM | E50: 09.40 PM | F50: HT-100X100X7/8/10/12 | G50: =135.708-0.7 -> 135.008 | H50: RINL-150 | K50: 12.4 | L50: 18.2 | M50: =L50/G50*1000 -> 134.80683 | N50: =+J50+L50 -> 18.2 | O50: =N50/G50*1000 -> 134.80683 | P50: =G50/K50 -> 10.887742 | Q50: 2 | R50: 1.067 | S50: =R50/G50 -> 0.0079032354 | T50: 4 | U50: 2.005 | V50: =U50/G50 -> 0.014850972 | W50: 10980 | X50: =W50/G50 -> 81.328514
A51: 23.05.23 | B51: 20" | C51: Pulv | D51: 7.35 AM | E51: 07.00 PM | F51: HT-110X110X7/8/9/10 | G51: =139.326-1 -> 138.326 | H51: RINL-150 | K51: 12.3 | L51: 18.6 | M51: =L51/G51*1000 -> 134.46496 | N51: =+J51+L51 -> 18.6 | O51: =N51/G51*1000 -> 134.46496 | P51: =G51/K51 -> 11.246016 | Q51: 1 | R51: 0.375 | S51: =R51/G51 -> 0.0027109871 | V51: =U51/G51 -> 0 | W51: 9900 | X51: =W51/G51 -> 71.570059
A52: 24.05.23 | B52: 20" | C52: Pulv | F52: WEEKLY OFF
A53: 25.05.23 | B53: 20" | C53: Pulv | D53: 8.00 AM | E53: 6.30 PM | F53: HT/MS-90X90X7/6 | G53: =144.609-0.45 -> 144.159 | H53: RINL-150 | K53: 10.3 | L53: 21.1 | M53: =L53/G53*1000 -> 146.36617 | N53: =+J53+L53 -> 21.1 | O53: =N53/G53*1000 -> 146.36617 | P53: =G53/K53 -> 13.996019 | Q53: 1 | R53: 0.163 | S53: =R53/G53 -> 0.001130696 | T53: 4 | U53: 1.202 | V53: =U53/G53 -> 0.0083380157 | W53: 11400 | X53: =W53/G53 -> 79.07935
A54: 26.05.23 | B54: 20" | C54: Pulv | D54: 8.00 AM | E54: 08.00 PM | F54: HT-75X75X6/5 MS-75X75X8 | G54: =76.27-4.487 -> 71.783 | H54: RINL-150 | K54: 12 | L54: 13 | M54: =L54/G54*1000 -> 181.10137 | N54: =+J54+L54 -> 13 | O54: =N54/G54*1000 -> 181.10137 | P54: =G54/K54 -> 5.9819167 | Q54: 7 | R54: 1.776 | S54: =R54/G54 -> 0.024741234 | V54: =U54/G54 -> 0 | W54: 9360 | X54: =W54/G54 -> 130.39299
A55: 27.05.23 | B55: 20" | C55: Pulv | D55: 8.00 AM | E55: 08.00 PM | F55: MS-75X75X8 | G55: 131.341 | H55: RINL-150 | K55: 12 | L55: 19.7 | M55: =L55/G55*1000 -> 149.99124 | N55: =+J55+L55 -> 19.7 | O55: =N55/G55*1000 -> 149.99124 | P55: =G55/K55 -> 10.945083 | Q55: 2 | R55: 0.597 | S55: =R55/G55 -> 0.0045454199 | V55: =U55/G55 -> 0 | W55: 11820 | X55: =W55/G55 -> 89.994746
A56: 28.05.23 | B56: 20" | C56: Pulv | D56: 8.00 AM | E56: 05.00 PM | F56: MS-75X75X8/6 HT-75X75X6 | G56: =120.913-1.869 -> 119.044 | H56: RINL-150 | K56: 9 | L56: 17.4 | M56: =L56/G56*1000 -> 146.16444 | N56: =+J56+L56 -> 17.4 | O56: =N56/G56*1000 -> 146.16444 | P56: =G56/K56 -> 13.227111 | Q56: 3 | R56: 0.958 | S56: =R56/G56 -> 0.0080474446 | T56: 1 | U56: 0.31 | V56: =U56/G56 -> 0.0026040792 | W56: 9660 | X56: =W56/G56 -> 81.146467
A57: 29.05.23 | B57: 20" | C57: Pulv | D57: 8.30 AM | E57: 07.00 PM | F57: HT-120X120X12/10/9 | G57: 150.927 | H57: JSPL/SAIL/RINL-150 | K57: 10.3 | L57: 20.5 | M57: =L57/G57*1000 -> 135.82725 | N57: =+J57+L57 -> 20.5 | O57: =N57/G57*1000 -> 135.82725 | P57: =G57/K57 -> 14.653107 | Q57: 2 | R57: 0.845 | S57: =R57/G57 -> 0.0055987332 | T57: 1 | U57: 0.485 | V57: =U57/G57 -> 0.0032134741 | W57: 10140 | X57: =W57/G57 -> 67.184798
A58: 30.05.23 | B58: 20" | C58: Pulv | D58: 8.00 AM | E58: 08.00 PM | F58: HT-120X120X9/8 | G58: 179.035 | H58: JSPL/SAIL/RINL-150 | K58: 12 | L58: 23.6 | M58: =L58/G58*1000 -> 131.8178 | N58: =+J58+L58 -> 23.6 | O58: =N58/G58*1000 -> 131.8178 | P58: =G58/K58 -> 14.919583 | Q58: 4 | R58: 2.018 | S58: =R58/G58 -> 0.011271539 | T58: 1 | U58: 0.505 | V58: =U58/G58 -> 0.0028206775 | W58: 11640 | X58: =W58/G58 -> 65.01522
A59: 31.05.23 | B59: 20" | C59: Pulv | F59: WEEKLY OFF
B60: 20" | C60: Pulv | M60: =L60/G60*1000 -> #DIV/0! | N60: =+J60+L60 -> 0 | O60: =N60/G60*1000 -> #DIV/0! | P60: =G60/K60 -> #DIV/0! | S60: =R60/G60 -> #DIV/0! | V60: =U60/G60 -> #DIV/0! | X60: =W60/G60 -> #DIV/0!
B61: 20" | C61: Pulv | M61: =L61/G61*1000 -> #DIV/0! | N61: =+J61+L61 -> 0 | O61: =N61/G61*1000 -> #DIV/0! | P61: =G61/K61 -> #DIV/0! | S61: =R61/G61 -> #DIV/0! | V61: =U61/G61 -> #DIV/0! | X61: =W61/G61 -> #DIV/0!
B62: 20" | C62: Pulv | M62: =L62/G62*1000 -> #DIV/0! | N62: =+J62+L62 -> 0 | O62: =N62/G62*1000 -> #DIV/0! | P62: =G62/K62 -> #DIV/0! | S62: =R62/G62 -> #DIV/0! | V62: =U62/G62 -> #DIV/0! | X62: =W62/G62 -> #DIV/0!
B63: 20" | C63: Pulv | M63: =L63/G63*1000 -> #DIV/0! | N63: =+J63+L63 -> 0 | O63: =N63/G63*1000 -> #DIV/0! | P63: =G63/K63 -> #DIV/0! | S63: =R63/G63 -> #DIV/0! | V63: =U63/G63 -> #DIV/0! | X63: =W63/G63 -> #DIV/0!
B64: 20" | C64: Pulv | M64: =L64/G64*1000 -> #DIV/0! | N64: =+J64+L64 -> 0 | O64: =N64/G64*1000 -> #DIV/0! | P64: =G64/K64 -> #DIV/0! | S64: =R64/G64 -> #DIV/0! | V64: =U64/G64 -> #DIV/0! | X64: =W64/G64 -> #DIV/0!
B65: 20" | C65: Pulv | M65: =L65/G65*1000 -> #DIV/0! | N65: =+J65+L65 -> 0 | O65: =N65/G65*1000 -> #DIV/0! | P65: =G65/K65 -> #DIV/0! | S65: =R65/G65 -> #DIV/0! | V65: =U65/G65 -> #DIV/0! | X65: =W65/G65 -> #DIV/0!
B66: 20" | C66: Pulv | M66: =L66/G66*1000 -> #DIV/0! | N66: =+J66+L66 -> 0 | O66: =N66/G66*1000 -> #DIV/0! | P66: =G66/K66 -> #DIV/0! | S66: =R66/G66 -> #DIV/0! | V66: =U66/G66 -> #DIV/0! | X66: =W66/G66 -> #DIV/0!
B67: 20" | C67: Pulv | M67: =L67/G67*1000 -> #DIV/0! | N67: =+J67+L67 -> 0 | O67: =N67/G67*1000 -> #DIV/0! | P67: =G67/K67 -> #DIV/0! | S67: =R67/G67 -> #DIV/0! | V67: =U67/G67 -> #DIV/0! | X67: =W67/G67 -> #DIV/0!
B68: 20" | C68: Pulv | M68: =L68/G68*1000 -> #DIV/0! | N68: =+J68+L68 -> 0 | O68: =N68/G68*1000 -> #DIV/0! | P68: =G68/K68 -> #DIV/0! | S68: =R68/G68 -> #DIV/0! | V68: =U68/G68 -> #DIV/0! | X68: =W68/G68 -> #DIV/0!
B69: 20" | C69: Pulv | M69: =L69/G69*1000 -> #DIV/0! | N69: =+J69+L69 -> 0 | O69: =N69/G69*1000 -> #DIV/0! | P69: =G69/K69 -> #DIV/0! | S69: =R69/G69 -> #DIV/0! | V69: =U69/G69 -> #DIV/0! | X69: =W69/G69 -> #DIV/0!
B70: 20" | C70: Pulv | M70: =L70/G70*1000 -> #DIV/0! | N70: =+J70+L70 -> 0 | O70: =N70/G70*1000 -> #DIV/0! | P70: =G70/K70 -> #DIV/0! | S70: =R70/G70 -> #DIV/0! | V70: =U70/G70 -> #DIV/0! | X70: =W70/G70 -> #DIV/0!
G71: =SUM(G46:G70) -> 1321.317 | J71: =SUM(J46:J70) -> 0 | K71: =SUM(K46:K70) -> 115.3 | L71: =SUM(L46:L70) -> 190.9 | M71: =L71/G71*1000 -> 144.47706 | N71: =SUM(N46:N70) -> 190.9 | O71: =N71/G71*1000 -> 144.47706 | P71: =G71/K71 -> 11.459818 | Q71: =SUM(Q46:Q70) -> 26 | R71: =SUM(R46:R70) -> 9.73 | S71: =R71/G71 -> 0.007363865 | T71: =SUM(T46:T70) -> 19 | U71: =SUM(U46:U70) -> 9.318 | V71: =U71/G71 -> 0.0070520549 | W71: =SUM(W46:W70) -> 105540 | X71: =W71/G71 -> 79.874852
G73: =+G71 -> 1321.317 | J73: =+#REF!+J71 -> #REF! | K73: =+K71 -> 115.3 | L73: =+L71 -> 190.9 | M73: =+M71 -> 144.47706 | N73: =+N71 -> 190.9 | O73: =+O71 -> 144.47706 | P73: =+P71 -> 11.459818 | Q73: =+Q71 -> 26 | R73: =+R71 -> 9.73 | S73: =R73/G73 -> 0.007363865 | T73: =+T71 -> 19 | U73: =+U71 -> 9.318 | V73: =U73/G73 -> 0.0070520549 | W73: =+W71 -> 105540 | X73: =W73/G73 -> 79.874852
A76: COAL CONSUMPTION REPORT MONTH OF JUN- 23
A77: Rolling Date | B77: Mill | C77: Firing Source | D77: Mill Start time | E77: Mill Stop time | F77: Sections | G77: Prod. (MT.) | H77: Billet Used | I77: Furnace pre-heating time Hrs. | J77: Coal cons. for pre-heating MT | K77: Mill running time Hrs. | L77: Coal cons.for MT | M77: Avg.Coal cons.for per MT in Kgs. | N77: Total Coal cons. MT | O77: Avg. Total Coal cons. per MT in Kgs. | P77: Avg. Production per Hr. | Q77: Miss Roll Pcs. | R77: Miss Roll Qty | S77: Miss Roll Qty % | T77: Hot Out Pcs. | U77: Hot Out Qty | V77: Hot Out Qty % | W77: Power Consumed | X77: Power unit /mt
A78: 01/5.06.23 | B78: 20" | C78: Pulv | F78: No Billets planning
A79: 06.06.23 | B79: 20" | C79: Pulv | D79: 8.00 AM | E79: 8.00 PM | F79: MS-120X120X8/9 | G79: =160.094-2.34 -> 157.754 | H79: RINL-150 | K79: 12 | L79: 25.6 | M79: =L79/G79*1000 -> 162.27798 | N79: =+J79+L79 -> 25.6 | O79: =N79/G79*1000 -> 162.27798 | P79: =G79/K79 -> 13.146167 | Q79: 1 | R79: 0.455 | S79: =R79/G79 -> 0.0028842375 | T79: 1 | U79: 0.455 | V79: =U79/G79 -> 0.0028842375 | W79: 12240 | X79: =W79/G79 -> 77.589158
A80: 07.06.23 | B80: 20" | C80: Pulv | F80: Weekly off
A81: 08.06.23 | B81: 20" | C81: Pulv | D81: 7.00 AM | E81: 7.00 PM | F81: MS/HT-120X8/9/10 130X9 | G81: 114.713 | H81: RINL-150/ Bhushan 160 | K81: 12 | L81: 16.3 | M81: =L81/G81*1000 -> 142.09375 | N81: =+J81+L81 -> 16.3 | O81: =N81/G81*1000 -> 142.09375 | P81: =G81/K81 -> 9.5594167 | S81: =R81/G81 -> 0 | V81: =U81/G81 -> 0 | W81: =4380+3660 -> 8040 | X81: =W81/G81 -> 70.087959
A82: 09.06.23 | B82: 20" | C82: Pulv | D82: 8.00 AM | E82: 01.00 PM | F82: HT-130X130X9/10/12 | G82: 73.049 | H82: RINL-150/ Bhushan 160 | K82: 5 | L82: 10.2 | M82: =L82/G82*1000 -> 139.6323 | N82: =+J82+L82 -> 10.2 | O82: =N82/G82*1000 -> 139.6323 | P82: =G82/K82 -> 14.6098 | S82: =R82/G82 -> 0 | V82: =U82/G82 -> 0 | W82: 4440 | X82: =W82/G82 -> 60.78112
A83: 10.06.23 | B83: 20" | C83: Pulv | D83: 8.00 AM | E83: 06.00 PM | F83: HT/MS-80X80X8/6/5 | G83: 115.06 | H83: RINL-150/ Bhushan 160 | K83: 10 | L83: 15.7 | M83: =L83/G83*1000 -> 136.45055 | N83: =+J83+L83 -> 15.7 | O83: =N83/G83*1000 -> 136.45055 | P83: =G83/K83 -> 11.506 | Q83: 3 | R83: 0.788 | S83: =R83/G83 -> 0.0068486007 | T83: 2 | U83: 0.544 | V83: =U83/G83 -> 0.004727968 | W83: 11280 | X83: =W83/G83 -> 98.035807
A84: 11.06.23 | B84: 20" | C84: Pulv | F84: No Billets planning
A85: 12.06.23 | B85: 20" | C85: Pulv | D85: 8.00 AM | E85: 7.00 PM | F85: HT-150X150X20/18/16/14/15/12 | G85: 143.565 | H85: JSPL-200 Bhushan-180 | K85: 11 | L85: 20.3 | M85: =L85/G85*1000 -> 141.39937 | N85: =+J85+L85 -> 20.3 | O85: =N85/G85*1000 -> 141.39937 | P85: =G85/K85 -> 13.051364 | Q85: 5 | R85: 4.437 | S85: =R85/G85 -> 0.030905861 | V85: =U85/G85 -> 0 | W85: 10620 | X85: =W85/G85 -> 73.973461
A86: 13.06.23 | B86: 20" | C86: Pulv | D86: 8.00 AM | E86: 7.30 PM | F86: HT-150X150X10/12/15 | G86: =185.554-4.47 -> 181.084 | H86: JSPL-200 Bhushan-180 | K86: 11.3 | L86: 25.5 | M86: =L86/G86*1000 -> 140.81863 | N86: =+J86+L86 -> 25.5 | O86: =N86/G86*1000 -> 140.81863 | P86: =G86/K86 -> 16.025133 | S86: =R86/G86 -> 0 | T86: 1 | U86: 0.771 | V86: =U86/G86 -> 0.0042576926 | W86: 11340 | X86: =W86/G86 -> 62.622871
A87: 14.06.23 | B87: 20" | C87: Pulv | F87: Weekly off
A88: 15.06.23 | B88: 20" | C88: Pulv | D88: 8.00 AM | E88: 7.00 PM | F88: HT-150X150X15 | G88: 175.311 | H88: JSPL-200 Bhushan-180 | K88: 11 | L88: 25.2 | M88: =L88/G88*1000 -> 143.74455 | N88: =+J88+L88 -> 25.2 | O88: =N88/G88*1000 -> 143.74455 | P88: =G88/K88 -> 15.937364 | S88: =R88/G88 -> 0 | T88: 1 | U88: 0.777 | V88: =U88/G88 -> 0.0044321235 | W88: 9960 | X88: =W88/G88 -> 56.81332
A89: 16.06.23 | B89: 20" | C89: Pulv | D89: 8.00 AM | E89: 5.00 PM | F89: HT-150X15 152X152X14.3 | G89: 108.978 | H89: JSPL-200 Bhushan-180 | K89: 9 | L89: 15.1 | M89: =L89/G89*1000 -> 138.56008 | N89: =+J89+L89 -> 15.1 | O89: =N89/G89*1000 -> 138.56008 | P89: =G89/K89 -> 12.108667 | S89: =R89/G89 -> 0 | V89: =U89/G89 -> 0 | W89: 6660 | X89: =W89/G89 -> 61.113252
A90: 17.06.23 | B90: 20" | C90: Pulv | D90: 9.00 AM | E90: 5.30 PM | F90: HT-150X150X16/14/12 | G90: =119.334-2.32 -> 117.014 | H90: JSPL-200 Bhushan-180 | K90: 8.3 | L90: 17 | M90: =L90/G90*1000 -> 145.28176 | N90: =+J90+L90 -> 17 | O90: =N90/G90*1000 -> 145.28176 | P90: =G90/K90 -> 14.098072 | Q90: 1 | R90: 0.933 | S90: =R90/G90 -> 0.0079734049 | T90: 1 | U90: 0.742 | V90: =U90/G90 -> 0.0063411216 | W90: 6960 | X90: =W90/G90 -> 59.480062
A91: 18.06.23 | B91: 20" | C91: Pulv | D91: 8.00 AM | E91: 9.00 PM | F91: MS/HT-75X75X6/8 | G91: 86.764 | H91: RINL-150 | K91: 13 | L91: 15.4 | M91: =L91/G91*1000 -> 177.49297 | N91: =+J91+L91 -> 15.4 | O91: =N91/G91*1000 -> 177.49297 | P91: =G91/K91 -> 6.6741538 | Q91: 12 | R91: 3.022 | S91: =R91/G91 -> 0.034830114 | T91: 7 | U91: 1.502 | V91: =U91/G91 -> 0.017311327 | W91: 10500 | X91: =W91/G91 -> 121.01793
A92: 19.06.23 | B92: 20" | C92: Pulv | D92: 7.00 AM | E92: 7.00 PM | F92: HT/MS-75X75X6/5 65X65/6 | G92: 62.77 | H92: RINL-150 | K92: 12 | L92: 10.5 | M92: =L92/G92*1000 -> 167.27736 | N92: =+J92+L92 -> 10.5 | O92: =N92/G92*1000 -> 167.27736 | P92: =G92/K92 -> 5.2308333 | Q92: 3 | R92: 0.972 | S92: =R92/G92 -> 0.015485104 | T92: 6 | U92: 1.942 | V92: =U92/G92 -> 0.030938346 | W92: 8640 | X92: =W92/G92 -> 137.64537
A93: 20.06.23 | B93: 20" | C93: Pulv | D93: 8.00 AM | E93: 12.30 PM | F93: MS/HT-70X70X5/6 | G93: 49.78 | H93: SAIL-125 | K93: 12.3 | L93: 7.3 | M93: =L93/G93*1000 -> 146.64524 | N93: =+J93+L93 -> 7.3 | O93: =N93/G93*1000 -> 146.64524 | P93: =G93/K93 -> 4.0471545 | S93: =R93/G93 -> 0 | V93: =U93/G93 -> 0 | W93: 5820 | X93: =W93/G93 -> 116.91442
A94: 21.06.23 | B94: 20" | C94: Pulv | F94: Weekly off
A95: 22.06.23 | B95: 20" | C95: Pulv | D95: 8.00 AM | E95: 8.40 PM | F95: HT/MS-90X90X6/7/5/8 | G95: 140.762 | H95: RINL-150 | K95: 12.4 | L95: 21.1 | M95: =L95/G95*1000 -> 149.89841 | N95: =+J95+L95 -> 21.1 | O95: =N95/G95*1000 -> 149.89841 | P95: =G95/K95 -> 11.351774 | Q95: 7 | R95: 2.09 | S95: =R95/G95 -> 0.014847757 | V95: =U95/G95 -> 0 | W95: 13570 | X95: =W95/G95 -> 96.403859
A96: 23.06.23 | B96: 20" | C96: Pulv | D96: 8.00 AM | E96: 8.00 PM | F96: HT-110X110X7/8 | G96: 124.73 | H96: RINL-150 | K96: 12 | L96: 18.5 | M96: =L96/G96*1000 -> 148.32037 | N96: =+J96+L96 -> 18.5 | O96: =N96/G96*1000 -> 148.32037 | P96: =G96/K96 -> 10.394167 | Q96: 7 | R96: 2.487 | S96: =R96/G96 -> 0.019939068 | V96: =U96/G96 -> 0 | W96: 10860 | X96: =W96/G96 -> 87.068067
A97: 24.06.23 | B97: 20" | C97: Pulv | D97: 8.00 AM | E97: 3.00 PM | F97: HT-110X110X8/9/10 | G97: =90.626-2.8 -> 87.826 | H97: RINL-150 | K97: 7 | L97: 12.6 | M97: =L97/G97*1000 -> 143.46549 | N97: =+J97+L97 -> 12.6 | O97: =N97/G97*1000 -> 143.46549 | P97: =G97/K97 -> 12.546571 | S97: =R97/G97 -> 0 | V97: =U97/G97 -> 0 | W97: 6900 | X97: =W97/G97 -> 78.564434
A98: 25.06.23 | B98: 20" | C98: Pulv | D98: 8.00 AM | E98: 8.00 PM | F98: HT-100X100X8 | G98: 107.1 | H98: RINL-150 | K98: 9 | L98: 15.1 | M98: =L98/G98*1000 -> 140.98973 | N98: =+J98+L98 -> 15.1 | O98: =N98/G98*1000 -> 140.98973 | P98: =G98/K98 -> 11.9 | Q98: 5 | R98: 2.01 | S98: =R98/G98 -> 0.018767507 | V98: =U98/G98 -> 0 | W98: 9540 | X98: =W98/G98 -> 89.07563
A99: 26.06.23 | B99: 20" | C99: Pulv | D99: 8.00 AM | E99: 8.00 PM | F99: HT/MS-100X100X8/6/7/10 | G99: =141.98-1 -> 140.98 | H99: RINL-150 | K99: 12 | L99: 19.7 | M99: =L99/G99*1000 -> 139.73613 | N99: =+J99+L99 -> 19.7 | O99: =N99/G99*1000 -> 139.73613 | P99: =G99/K99 -> 11.748333 | Q99: 3 | R99: 1 | S99: =R99/G99 -> 0.0070932047 | T99: 5 | U99: 1.675 | V99: =U99/G99 -> 0.011881118 | W99: 12420 | X99: =W99/G99 -> 88.097602
A100: 27.06.23 | B100: 20" | C100: Pulv | F100: Section change
A101: 28.06.23 | B101: 20" | C101: Pulv | F101: Weekly off
A102: 29.06.23 | B102: 20" | C102: Pulv | D102: 9.00 AM | E102: 9.00 PM | F102: HT-120X120X12/10/9 | G102: =136.064-2.8 -> 133.264 | H102: Bhushan-160 | K102: 12 | L102: 20 | M102: =L102/G102*1000 -> 150.07804 | N102: =+J102+L102 -> 20 | O102: =N102/G102*1000 -> 150.07804 | P102: =G102/K102 -> 11.105333 | S102: =R102/G102 -> 0 | V102: =U102/G102 -> 0 | W102: 10980 | X102: =W102/G102 -> 82.392844
A103: 30.06.23 | B103: 20" | C103: Pulv | D103: 7.00 AM | E103: 9.00 PM | F103: HT-120X8 HT/MS- 130X12/11/10 | G103: =178.1-3.8 -> 174.3 | H103: Bhushan-160 | K103: 14 | L103: 23.6 | M103: =L103/G103*1000 -> 135.39874 | N103: =+J103+L103 -> 23.6 | O103: =N103/G103*1000 -> 135.39874 | P103: =G103/K103 -> 12.45 | Q103: 2 | R103: 1.053 | S103: =R103/G103 -> 0.0060413081 | V103: =U103/G103 -> 0 | W103: 11700 | X103: =W103/G103 -> 67.125645
B104: 20" | C104: Pulv
G105: =SUM(G78:G104) -> 2294.804 | J105: =SUM(J78:J104) -> 0 | K105: =SUM(K78:K104) -> 205.3 | L105: =SUM(L78:L104) -> 334.7 | M105: =L105/G105*1000 -> 145.85124 | N105: =SUM(N78:N104) -> 334.7 | O105: =N105/G105*1000 -> 145.85124 | P105: =G105/K105 -> 11.177808 | Q105: =SUM(Q78:Q104) -> 49 | R105: =SUM(R78:R104) -> 19.247 | S105: =R105/G105 -> 0.0083872087 | T105: =SUM(T78:T104) -> 24 | U105: =SUM(U78:U104) -> 8.408 | V105: =U105/G105 -> 0.0036639295 | W105: =SUM(W78:W104) -> 182470 | X105: =W105/G105 -> 79.514416
G107: =+G105 -> 2294.804 | J107: =+#REF!+J105 -> #REF! | K107: =+K105 -> 205.3 | L107: =+L105 -> 334.7 | M107: =+M105 -> 145.85124 | N107: =+N105 -> 334.7 | O107: =+O105 -> 145.85124 | P107: =+P105 -> 11.177808 | Q107: =+Q105 -> 49 | R107: =+R105 -> 19.247 | S107: =R107/G107 -> 0.0083872087 | T107: =+T105 -> 24 | U107: =+U105 -> 8.408 | V107: =U107/G107 -> 0.0036639295 | W107: =+W105 -> 182470 | X107: =W107/G107 -> 79.514416
A109: COAL CONSUMPTION REPORT MONTH OF JULY- 23
...

Sheet summary
A1: PRODUCTION & COAL CONSUMPTION REPORT - ON WARDS APRIL-24
A2: Month | B2: Mill | C2: Production | D2: coal cons. Heating | E2: Coal cons.for MT | F2: Avg.Coal cons.for per MT in Kgs. | G2: Total Coal cons. MT | H2: Avg. Total Coal cons. per MT in Kg. | I2: Avg. Production per Hr. | J2: Miss Roll Qty | K2: Miss Roll Qty % | L2: Hot Out Qty | M2: Hot Out Qty % | N2: Power Consumed | O2: Power unit /mt
A3: April-23 | B3: 20" | C3: 1802.923 | D3: 0 | E3: 260.1 | F3: 144.26573 | G3: 227.1 | H3: 184.24543 | I3: 13.726098 | J3: 8.107 | K3: 0.0044965869 | L3: 12.548 | M3: 0.0069598092 | N3: 126060 | O3: 69.919791
A4: May-23 | B4: 20" | C4: 1321.317 | E4: 190.9 | F4: 144.47706 | G4: 227.1 | H4: 184.24543 | I4: 11.459818 | J4: 9.73 | K4: 0.007363865 | L4: 9.318 | M4: 0.0070520549 | N4: 105540 | O4: 79.874852
A5: Jun-23 | B5: 20" | C5: 2294.804 | E5: 334.7 | F5: 145.85124 | I5: 11.177808 | J5: 19.247 | K5: 0.0083872087 | L5: 8.408 | M5: 0.0036639295 | N5: 182470 | O5: 79.514416
A6: July-23 | B6: 20" | C6: 2819.069 | E6: 413.1 | F6: 146.53774 | I6: 13.033144 | J6: 18.985 | K6: 0.0067344928 | L6: 3.037 | M6: 0.001077306 | N6: 234341 | O6: 83.127089
A7: Aug-23 | B7: 20" | C7: =+'COAL DETAILS'!G180 -> 4024.154 | E7: =+'COAL DETAILS'!L180 -> 535.7 | F7: =+'COAL DETAILS'!M180 -> 133.12115 | I7: =+'COAL DETAILS'!P180 -> 13.400446 | J7: =+'COAL DETAILS'!R180 -> 12.229 | K7: =+'COAL DETAILS'!S180 -> 0.0030388996 | L7: =+'COAL DETAILS'!U180 -> 9.067 | M7: =+'COAL DETAILS'!V180 -> 0.0022531444 | N7: =+'COAL DETAILS'!W180 -> 312348 | O7: =+'COAL DETAILS'!X180 -> 77.618302
A8: Sep-23 | B8: 20" | C8: =+'COAL DETAILS'!G218 -> 2962.095 | E8: =+'COAL DETAILS'!L218 -> 398.4 | F8: =+'COAL DETAILS'!M218 -> 134.4994 | I8: =+'COAL DETAILS'!P218 -> 13.913081 | J8: =+'COAL DETAILS'!R218 -> 18.39 | K8: =+'COAL DETAILS'!S218 -> 0.0062084437 | L8: =+'COAL DETAILS'!U218 -> 18.382 | M8: =+'COAL DETAILS'!V218 -> 0.0062057429 | N8: =+'COAL DETAILS'!W218 -> 209500 | O8: =+'COAL DETAILS'!X218 -> 70.726969
A9: Oct-23 | B9: 20" | C9: =+'COAL DETAILS'!G254 -> 3947.125 | E9: =+'COAL DETAILS'!L254 -> 529.35 | F9: =+'COAL DETAILS'!M254 -> 134.11027 | I9: =+'COAL DETAILS'!P254 -> 13.861721 | J9: =+'COAL DETAILS'!R254 -> 16.904 | K9: =+'COAL DETAILS'!S254 -> 0.0042826108 | L9: =+'COAL DETAILS'!U254 -> 12.421 | M9: =+'COAL DETAILS'!V254 -> 0.0031468474 | N9: =+'COAL DETAILS'!W254 -> 305390 | O9: =+'COAL DETAILS'!X254 -> 77.370238
A10: Nov-23 | B10: 20" | C10: =+'COAL DETAILS'!G290 -> 4136.374 | E10: =+'COAL DETAILS'!L290 -> 540.23 | F10: =+'COAL DETAILS'!M290 -> 130.60473 | I10: =+'COAL DETAILS'!P290 -> 14.12696 | J10: =+'COAL DETAILS'!R290 -> 15.885 | K10: =+'COAL DETAILS'!S290 -> 0.00384032 | L10: =+'COAL DETAILS'!U290 -> 9.04 | M10: =+'COAL DETAILS'!V290 -> 0.002185489 | N10: =+'COAL DETAILS'!W290 -> 299940 | O10: =+'COAL DETAILS'!X290 -> 72.512785
A11: Dec-23 | B11: 20" | C11: =+'COAL DETAILS'!G326 -> 4643.35 | E11: =+'COAL DETAILS'!L324 -> 593.4 | F11: =++'COAL DETAILS'!M326 -> 127.79566 | I11: =+'COAL DETAILS'!P326 -> 14.645482 | J11: =+'COAL DETAILS'!R326 -> 17.564 | K11: =+'COAL DETAILS'!S326 -> 0.0037826138 | L11: =+'COAL DETAILS'!U326 -> 12.764 | M11: =+'COAL DETAILS'!V326 -> 0.0027488774 | N11: =+'COAL DETAILS'!W326 -> 347220 | O11: =+'COAL DETAILS'!X326 -> 74.777908
A12: Jan-24 | B12: 20" | C12: =+'COAL DETAILS'!G362 -> 3018.97 | E12: =+'COAL DETAILS'!L362 -> 390.9 | F12: =+'COAL DETAILS'!M362 -> 129.48125 | I12: =+'COAL DETAILS'!P362 -> 14.376048 | J12: =+'COAL DETAILS'!R362 -> 9.822 | K12: =+'COAL DETAILS'!S362 -> 0.0032534275 | L12: =+'COAL DETAILS'!U362 -> 11.572 | M12: =+'COAL DETAILS'!V362 -> 0.0038330954 | N12: =+'COAL DETAILS'!W362 -> 213780 | O12: =+'COAL DETAILS'!X360 -> 70.812231
A13: Feb-24 | B13: 20"
A14: Mar-24 | B14: 20"
A15: Grand Total | C15: =SUM(C3:C14) -> 30970.181 | D15: =+#REF!+#REF! -> #REF! | E15: =SUM(E3:E14) -> 4186.78 | F15: =E15/C15*1000 -> 135.18746 | G15: =#REF!+#REF!+#REF!+#REF!+G14 -> #REF! | H15: =(#REF!+#REF!+#REF!+#REF!+H14)/5 -> #REF! | I15: =+'COAL DETAILS'!P368 -> 13.601214 | J15: =SUM(J3:J14) -> 146.863 | K15: =J15/C15 -> 0.0047420775 | L15: =SUM(L3:L14) -> 106.557 | M15: =L15/C15 -> 0.0034406321 | N15: =SUM(N3:N14) -> 2336589 | O15: =N15/C15 -> 75.446411

Sheet Party wise Production
A1: Agreement Year | K1: Financial Year
A2: Production | F2: Dispatchecd | K2: Production | P2: Dispatchecd
A3: Month | B3: KEC | C3: OTHER | D3: Total | F3: Month | G3: KEC | H3: OTHER | I3: Total | K3: Month | L3: KEC | M3: OTHER | N3: Total | P3: Month | Q3: KEC | R3: OTHER | S3: Total
A4: Jan-21 | D4: =SUM(B4:C4) -> 0 | F4: Jan-21 | I4: =SUM(G4:H4) -> 0 | K4: April-21 | N4: =SUM(L4:M4) -> 0 | P4: April-21 | S4: =SUM(Q4:R4) -> 0
A5: Feb -21 | D5: =SUM(B5:C5) -> 0 | F5: Feb -21 | I5: =SUM(G5:H5) -> 0 | K5: May-21 | N5: =SUM(L5:M5) -> 0 | P5: May-21 | S5: =SUM(Q5:R5) -> 0
A6: Mar-21 | D6: =SUM(B6:C6) -> 0 | F6: Mar-21 | I6: =SUM(G6:H6) -> 0 | K6: Jun-21 | N6: =SUM(L6:M6) -> 0 | P6: Jun-21 | S6: =SUM(Q6:R6) -> 0
A7: April-21 | D7: =SUM(B7:C7) -> 0 | F7: April-21 | I7: =SUM(G7:H7) -> 0 | K7: July-21 | N7: =SUM(L7:M7) -> 0 | P7: July-21 | S7: =SUM(Q7:R7) -> 0
A8: May-21 | D8: =SUM(B8:C8) -> 0 | F8: May-21 | I8: =SUM(G8:H8) -> 0 | K8: Aug-21 | N8: =SUM(L8:M8) -> 0 | P8: Aug-21 | S8: =SUM(Q8:R8) -> 0
A9: Jun-21 | D9: =SUM(B9:C9) -> 0 | F9: Jun-21 | I9: =SUM(G9:H9) -> 0 | K9: Sep-21 | N9: =SUM(L9:M9) -> 0 | P9: Sep-21 | S9: =SUM(Q9:R9) -> 0
A10: July-21 | D10: =SUM(B10:C10) -> 0 | F10: July-21 | I10: =SUM(G10:H10) -> 0 | K10: Oct-21 | N10: =SUM(L10:M10) -> 0 | P10: Oct-21 | S10: =SUM(Q10:R10) -> 0
A11: Aug-21 | D11: =SUM(B11:C11) -> 0 | F11: Aug-21 | I11: =SUM(G11:H11) -> 0 | K11: Nov-21 | N11: =SUM(L11:M11) -> 0 | P11: Nov-21 | S11: =SUM(Q11:R11) -> 0
A12: Sep-21 | D12: =SUM(B12:C12) -> 0 | F12: Sep-21 | I12: =SUM(G12:H12) -> 0 | K12: Dec-21 | N12: =SUM(L12:M12) -> 0 | P12: Dec-21 | S12: =SUM(Q12:R12) -> 0
A13: Oct-21 | D13: =SUM(B13:C13) -> 0 | F13: Oct-21 | I13: =SUM(G13:H13) -> 0 | K13: Jan-22 | N13: =SUM(L13:M13) -> 0 | P13: Jan-22 | S13: =SUM(Q13:R13) -> 0
A14: Nov-21 | D14: =SUM(B14:C14) -> 0 | F14: Nov-21 | I14: =SUM(G14:H14) -> 0 | K14: Feb -22 | L14: 87.164 | N14: =SUM(L14:M14) -> 87.164 | P14: Feb -22 | S14: =SUM(Q14:R14) -> 0
A15: Dec-21 | D15: =SUM(B15:C15) -> 0 | F15: Dec-21 | I15: =SUM(G15:H15) -> 0 | K15: Mar-22 | L15: 894.47 | N15: =SUM(L15:M15) -> 894.47 | P15: Mar-22 | Q15: 813.843 | S15: =SUM(Q15:R15) -> 813.843
A16: Total | B16: =SUM(B4:B15) -> 0 | C16: =SUM(C4:C15) -> 0 | D16: =SUM(D4:D15) -> 0 | F16: Total | G16: =SUM(G4:G15) -> 0 | H16: =SUM(H4:H15) -> 0 | I16: =SUM(I4:I15) -> 0 | K16: Total | L16: =SUM(L4:L15) -> 981.634 | M16: =SUM(M4:M15) -> 0 | N16: =SUM(N4:N15) -> 981.634 | P16: Total | Q16: =SUM(Q4:Q15) -> 813.843 | R16: =SUM(R4:R15) -> 0 | S16: =SUM(S4:S15) -> 813.843
A18: Month | B18: KEC | C18: OTHER | D18: Total | F18: Month | G18: KEC | H18: OTHER | I18: Total | K18: Month | L18: KEC | M18: OTHER | N18: Total | P18: Month | Q18: KEC | R18: OTHER | S18: Total
A19: Jan-22 | D19: =SUM(B19:C19) -> 0 | F19: Jan-22 | I19: =SUM(G19:H19) -> 0 | K19: April-22 | L19: 1232.595 | N19: =SUM(L19:M19) -> 1232.595 | P19: April-22 | Q19: 729.954 | S19: =SUM(Q19:R19) -> 729.954
A20: Feb -22 | B20: 87.164 | D20: =SUM(B20:C20) -> 87.164 | F20: Feb -22 | I20: =SUM(G20:H20) -> 0 | K20: May-22 | N20: =SUM(L20:M20) -> 0 | P20: May-22 | Q20: =327.425+100.358+4.838+30.665+15.413 -> 478.699 | S20: =SUM(Q20:R20) -> 478.699
A21: Mar-22 | B21: 894.47 | D21: =SUM(B21:C21) -> 894.47 | F21: Mar-22 | G21: 813.843 | I21: =SUM(G21:H21) -> 813.843 | K21: Jun-22 | N21: =SUM(L21:M21) -> 0 | P21: Jun-22 | S21: =SUM(Q21:R21) -> 0
A22: April-22 | B22: 1232.595 | D22: =SUM(B22:C22) -> 1232.595 | F22: April-22 | G22: 729.954 | I22: =SUM(G22:H22) -> 729.954 | K22: July-22 | N22: =SUM(L22:M22) -> 0 | P22: July-22 | S22: =SUM(Q22:R22) -> 0
A23: May-22 | D23: =SUM(B23:C23) -> 0 | F23: May-22 | G23: =327.425+100.358+4.838+30.665+15.413 -> 478.699 | I23: =SUM(G23:H23) -> 478.699 | K23: Aug-22 | N23: =SUM(L23:M23) -> 0 | P23: Aug-22 | S23: =SUM(Q23:R23) -> 0
A24: Jun-22 | D24: =SUM(B24:C24) -> 0 | F24: Jun-22 | I24: =SUM(G24:H24) -> 0 | K24: Sep-22 | N24: =SUM(L24:M24) -> 0 | P24: Sep-22 | S24: =SUM(Q24:R24) -> 0
A25: July-22 | D25: =SUM(B25:C25) -> 0 | F25: July-22 | I25: =SUM(G25:H25) -> 0 | K25: Oct-22 | N25: =SUM(L25:M25) -> 0 | P25: Oct-22 | S25: =SUM(Q25:R25) -> 0
A26: Aug-22 | D26: =SUM(B26:C26) -> 0 | F26: Aug-22 | I26: =SUM(G26:H26) -> 0 | K26: Nov-22 | L26: 797.41 | N26: =SUM(L26:M26) -> 797.41 | P26: Nov-22 | Q26: 357.093 | S26: =SUM(Q26:R26) -> 357.093
A27: Sep-22 | D27: =SUM(B27:C27) -> 0 | F27: Sep-22 | I27: =SUM(G27:H27) -> 0 | K27: Dec-22 | L27: 2515.005 | N27: =SUM(L27:M27) -> 2515.005 | P27: Dec-22 | Q27: 2386.718 | S27: =SUM(Q27:R27) -> 2386.718
A28: Oct-22 | D28: =SUM(B28:C28) -> 0 | F28: Oct-22 | I28: =SUM(G28:H28) -> 0 | K28: Jan-23 | L28: 2736.605 | N28: =SUM(L28:M28) -> 2736.605 | P28: Jan-23 | Q28: 1975.695 | S28: =SUM(Q28:R28) -> 1975.695
A29: Nov-22 | B29: 797.41 | D29: =SUM(B29:C29) -> 797.41 | F29: Nov-22 | G29: 357.093 | I29: =SUM(G29:H29) -> 357.093 | K29: Feb -23 | L29: 2972.848 | N29: =SUM(L29:M29) -> 2972.848 | P29: Feb -23 | Q29: 3247.167 | S29: =SUM(Q29:R29) -> 3247.167
A30: Dec-22 | B30: 2515.005 | D30: =SUM(B30:C30) -> 2515.005 | F30: Dec-22 | G30: 2386.718 | I30: =SUM(G30:H30) -> 2386.718 | K30: Mar-23 | L30: 1282.593 | N30: =SUM(L30:M30) -> 1282.593 | P30: Mar-23 | Q30: 1521.356 | S30: =SUM(Q30:R30) -> 1521.356
A31: Total | B31: =SUM(B19:B30) -> 5526.644 | C31: =SUM(C19:C30) -> 0 | D31: =SUM(D19:D30) -> 5526.644 | F31: Total | G31: =SUM(G19:G30) -> 4766.307 | H31: =SUM(H19:H30) -> 0 | I31: =SUM(I19:I30) -> 4766.307 | K31: Total | L31: =SUM(L19:L30) -> 11537.056 | M31: =SUM(M19:M30) -> 0 | N31: =SUM(N19:N30) -> 11537.056 | P31: Total | Q31: =SUM(Q19:Q30) -> 10696.682 | R31: =SUM(R19:R30) -> 0 | S31: =SUM(S19:S30) -> 10696.682
A34: Month | B34: KEC | C34: OTHER | D34: Total | F34: Month | G34: KEC | H34: OTHER | I34: Total | K34: Month | L34: KEC | M34: OTHER | N34: Total | P34: Month | Q34: KEC | R34: OTHER | S34: Total
A35: Jan-23 | B35: 2736.605 | D35: =SUM(B35:C35) -> 2736.605 | F35: Jan-23 | G35: 1975.695 | I35: =SUM(G35:H35) -> 1975.695 | K35: April-23 | L35: =1822.923-20 -> 1802.923 | N35: =SUM(L35:M35) -> 1802.923 | P35: April-23 | Q35: 2100.572 | S35: =SUM(Q35:R35) -> 2100.572
A36: Feb -23 | B36: 2972.848 | D36: =SUM(B36:C36) -> 2972.848 | F36: Feb -23 | G36: 3247.167 | I36: =SUM(G36:H36) -> 3247.167 | K36: May-23 | L36: =1323.186-1.869 -> 1321.317 | N36: =SUM(L36:M36) -> 1321.317 | P36: May-23 | Q36: 717.3 | S36: =SUM(Q36:R36) -> 717.3
A37: Mar-23 | B37: 1282.593 | D37: =SUM(B37:C37) -> 1282.593 | F37: Mar-23 | G37: 1521.356 | I37: =SUM(G37:H37) -> 1521.356 | K37: Jun-23 | L37: 2294.804 | N37: =SUM(L37:M37) -> 2294.804 | P37: Jun-23 | Q37: 2546.762 | S37: =SUM(Q37:R37) -> 2546.762
A38: April-23 | B38: =1822.923-20 -> 1802.923 | D38: =SUM(B38:C38) -> 1802.923 | F38: April-23 | G38: 2100.572 | I38: =SUM(G38:H38) -> 2100.572 | K38: July-23 | L38: 2819.069 | N38: =SUM(L38:M38) -> 2819.069 | P38: July-23 | Q38: 2561.738 | R38: 16.923 | S38: =SUM(Q38:R38) -> 2578.661
A39: May-23 | B39: =1323.186-1.869 -> 1321.317 | D39: =SUM(B39:C39) -> 1321.317 | F39: May-23 | G39: 717.3 | I39: =SUM(G39:H39) -> 717.3 | K39: Aug-23 | L39: 4024.154 | N39: =SUM(L39:M39) -> 4024.154 | P39: Aug-23 | Q39: =3801.575-33.751 -> 3767.824 | R39: =4.966+28.785 -> 33.751 | S39: =SUM(Q39:R39) -> 3801.575
A40: Jun-23 | B40: 2294.804 | D40: =SUM(B40:C40) -> 2294.804 | F40: Jun-23 | G40: 2546.762 | I40: =SUM(G40:H40) -> 2546.762 | K40: Sep-23 | L40: 2962.095 | N40: =SUM(L40:M40) -> 2962.095 | P40: Sep-23 | Q40: 2821.393 | R40: 114.421 | S40: =SUM(Q40:R40) -> 2935.814
A41: July-23 | B41: 2819.069 | D41: =SUM(B41:C41) -> 2819.069 | F41: July-23 | G41: 2561.738 | H41: 16.923 | I41: =SUM(G41:H41) -> 2578.661 | K41: Oct-23 | N41: =SUM(L41:M41) -> 0 | P41: Oct-23 | S41: =SUM(Q41:R41) -> 0
A42: Aug-23 | B42: 4024.154 | D42: =SUM(B42:C42) -> 4024.154 | F42: Aug-23 | G42: =3801.575-33.751 -> 3767.824 | H42: =4.966+28.785 -> 33.751 | I42: =SUM(G42:H42) -> 3801.575 | K42: Nov-23 | N42: =SUM(L42:M42) -> 0 | P42: Nov-23 | S42: =SUM(Q42:R42) -> 0
A43: Sep-23 | B43: 2962.095 | D43: =SUM(B43:C43) -> 2962.095 | F43: Sep-23 | G43: 2821.393 | H43: 114.421 | I43: =SUM(G43:H43) -> 2935.814 | K43: Dec-23 | N43: =SUM(L43:M43) -> 0 | P43: Dec-23 | S43: =SUM(Q43:R43) -> 0
A44: Oct-23 | D44: =SUM(B44:C44) -> 0 | F44: Oct-23 | I44: =SUM(G44:H44) -> 0 | K44: Jan-24 | N44: =SUM(L44:M44) -> 0 | P44: Jan-24 | S44: =SUM(Q44:R44) -> 0
A45: Nov-23 | D45: =SUM(B45:C45) -> 0 | F45: Nov-23 | I45: =SUM(G45:H45) -> 0 | K45: Feb -24 | N45: =SUM(L45:M45) -> 0 | P45: Feb -24 | S45: =SUM(Q45:R45) -> 0
A46: Dec-23 | D46: =SUM(B46:C46) -> 0 | F46: Dec-23 | I46: =SUM(G46:H46) -> 0 | K46: Mar-24 | N46: =SUM(L46:M46) -> 0 | P46: Mar-24 | S46: =SUM(Q46:R46) -> 0
A47: Total | B47: =SUM(B35:B46) -> 22216.408 | C47: =SUM(C35:C46) -> 0 | D47: =SUM(D35:D46) -> 22216.408 | F47: Total | G47: =SUM(G35:G46) -> 21259.807 | H47: =SUM(H35:H46) -> 165.095 | I47: =SUM(I35:I46) -> 21424.902 | K47: Total | L47: =SUM(L35:L46) -> 15224.362 | M47: =SUM(M35:M46) -> 0 | N47: =SUM(N35:N46) -> 15224.362 | P47: Total | Q47: =SUM(Q35:Q46) -> 14515.589 | R47: =SUM(R35:R46) -> 165.095 | S47: =SUM(S35:S46) -> 14680.684
A50: Billets receipts | I50: Billets Dispatched
B51: KEC | C51: VIL CHD TO VIL BUB | K51: VIL BUB TO OTHER
A52: Month | B52: KEC BUB | C52: KEC BUB | D52: KEC JBP | F52: OWN | G52: TOTAL | I52: Month | K52: KEC BUB | L52: KEC JBP | M52: OWN | N52: TOTAL
A53: Jan-22 | B53: 2411.04 | G53: =SUM(B53:F53) -> 2411.04 | I53: Jan-22 | N53: =SUM(J53:M53) -> 0
A54: Feb -22 | B54: 1411.09 | G54: =SUM(B54:F54) -> 1411.09 | I54: Feb -22 | K54: 1537.59 | N54: =SUM(I54:M54) -> 1537.59
A55: Mar-22 | C55: 1362.22 | D55: 573.13 | F55: 926.63 | G55: =SUM(B55:F55) -> 2861.98 | I55: Mar-22 | K55: 737.817 | N55: =SUM(I55:M55) -> 737.817
A56: April-22 | C56: 437.312 | D56: 392.608 | G56: =SUM(B56:F56) -> 829.92 | I56: April-22 | K56: =1108.87-181.72 -> 927.15 | L56: 181.72 | N56: =SUM(I56:M56) -> 1108.87
A57: May-22 | F57: 318.5 | G57: =SUM(B57:F57) -> 318.5 | I57: May-22 | N57: =SUM(I57:M57) -> 0
A58: Jun-22 | B58: =1242.62+1020.1 -> 2262.72 | G58: =SUM(B58:F58) -> 2262.72 | I58: Jun-22 | N58: =SUM(I58:M58) -> 0
A59: July-22 | B59: 728.2 | G59: =SUM(B59:F59) -> 728.2 | I59: July-22 | N59: =SUM(I59:M59) -> 0
A60: Aug-22 | F60: 61.3 | G60: =SUM(B60:F60) -> 61.3 | I60: Aug-22 | N60: =SUM(I60:M60) -> 0
A61: Sep-22 | G61: =SUM(B61:F61) -> 0 | I61: Sep-22 | N61: =SUM(I61:M61) -> 0
A62: Oct-22 | G62: =SUM(B62:F62) -> 0 | I62: Oct-22 | N62: =SUM(I62:M62) -> 0
A63: Nov-22 | G63: =SUM(B63:F63) -> 0 | I63: Nov-22 | N63: =SUM(I63:M63) -> 0
A64: Dec-22 | B64: 2772.276 | G64: =SUM(B64:F64) -> 2772.276 | I64: Dec-22 | N64: =SUM(I64:M64) -> 0
A65: Total | B65: =SUM(B53:B64) -> 9585.326 | C65: =SUM(C53:C64) -> 1799.532 | D65: =SUM(D53:D64) -> 965.738 | F65: =SUM(F53:F64) -> 1306.43 | G65: =SUM(G53:G64) -> 13657.026 | I65: Total | K65: =SUM(K53:K64) -> 3202.557 | L65: =SUM(L53:L64) -> 181.72 | N65: =SUM(N53:N64) -> 3384.277
A68: Billets receipts | I68: Billets Dispatched
B69: KEC | C69: VIL CHD TO VIL BUB | K69: VIL BUB TO OTHER
A70: Month | B70: KEC BUB | C70: KEC BUB | D70: KEC JBP | F70: OWN | G70: TOTAL | I70: Month | K70: KEC BUB | L70: KEC JBP | M70: OWN | N70: TOTAL
A71: Jan-23 | B71: =1903.05+0.413 -> 1903.463 | G71: =SUM(B71:F71) -> 1903.463 | I71: Jan-23 | N71: =SUM(J71:M71) -> 0
A72: Feb -23 | B72: 3997.729 | F72: 186.3 | G72: =SUM(B72:F72) -> 4184.029 | I72: Feb -23 | N72: =SUM(I72:M72) -> 0
A73: Mar-23 | B73: 76.29 | G73: =SUM(B73:F73) -> 76.29 | I73: Mar-23 | N73: =SUM(I73:M73) -> 0
A74: April-23 | B74: =1658.574+2.125 -> 1660.699 | G74: =SUM(B74:F74) -> 1660.699 | I74: April-23 | N74: =SUM(I74:M74) -> 0
A75: May-23 | B75: =1198.68+767.1+315.66+512.5 -> 2793.94 | G75: =SUM(B75:F75) -> 2793.94 | I75: May-23 | N75: =SUM(I75:M75) -> 0
A76: Jun-23 | B76: =528.839+543.442 -> 1072.281 | G76: =SUM(B76:F76) -> 1072.281 | I76: Jun-23 | N76: =SUM(I76:M76) -> 0
A77: July-23 | B77: 7684.1 | G77: =SUM(B77:F77) -> 7684.1 | I77: July-23 | N77: =SUM(I77:M77) -> 0
A78: Aug-23 | B78: 1815.808 | G78: =SUM(B78:F78) -> 1815.808 | I78: Aug-23 | K78: 461.07 | N78: =SUM(I78:M78) -> 461.07
A79: Sep-23 | B79: 765.12 | G79: =SUM(B79:F79) -> 765.12 | I79: Sep-23 | N79: =SUM(I79:M79) -> 0
A80: Oct-23 | G80: =SUM(B80:F80) -> 0 | I80: Oct-23 | N80: =SUM(I80:M80) -> 0
A81: Nov-23 | G81: =SUM(B81:F81) -> 0 | I81: Nov-23 | N81: =SUM(I81:M81) -> 0
A82: Dec-23 | G82: =SUM(B82:F82) -> 0 | I82: Dec-23 | N82: =SUM(I82:M82) -> 0
A83: Total | B83: =SUM(B71:B82) -> 21769.43 | C83: =SUM(C71:C82) -> 0 | D83: =SUM(D71:D82) -> 0 | F83: =SUM(F71:F82) -> 186.3 | G83: =SUM(G71:G82) -> 21955.73 | I83: Total | K83: =SUM(K71:K82) -> 461.07 | L83: =SUM(L71:L82) -> 0 | N83: =SUM(N71:N82) -> 461.07
A86: 01.03.23

Sheet Sheet1
A1: Vinar Butibori Production 29.05.23
A2: Month | B2: Production | C2: Dispatched
A3: Nov-22 | B3: 797.41 | C3: 357.093
A4: Dec-22 | B4: 2515.005 | C4: 2386.718
A5: Jan-23 | B5: 2736.605 | C5: 1975.695
A6: Feb -23 | B6: 2972.848 | C6: 3247.167
A7: Mar-23 | B7: 1282.593 | C7: 1521.356
A8: April-23 | B8: =1822.923-20 -> 1802.923 | C8: 2100.572
A9: May-23 | B9: 1144.151 | C9: 621.047
A10: Total | B10: =SUM(B3:B9) -> 13251.535 | C10: =SUM(C3:C9) -> 12209.648

Sheet PRODUCTIVITY ANALYSIS 2022-23
B1: Productivity analysis for Month of APRIL . 2023
B3: Mill | C3: Actual Working Days/Shifts | D3: Prod.Qty. in MT. | E3: Mill Coal | F3: Total Coal Consumption
B4: 20" | C4: 14 Day ( 14 Shifts ) | D4: =74.786+56.669+171.088+136.491+164.158+103.355+93.493+216.819+117.038+154.791+181.445+108.675+167.749+76.366-20 -> 1802.923 | E4: 20" => | F4: =+I75 -> 260.1 | T4: =+F4/D6 -> 0.14426573
B6: Total | C6: =+C4 -> 14 Day ( 14 Shifts ) | D6: =SUM(D4:D5) -> 1802.923 | F6: =SUM(F4:F5) -> 260.1
C7: Loss of Working days/Shifts | E7: Reasons for Non working.
C9: * 4 Day ( 4 Shifts ) | E9: Weekly off.
C11: * 7 Day ( 7 Shifts ) | E11: No section planning
C12: * 5 Day ( 5 Shifts ) | E12: No.Section Planning & SHUT DOWN DUE TO PENDING STRAIGHTENING MATERIAL
C17: * 0 Day (0 Shifts ) | E17: * Balance Shift & Day
D25: Production | F25: Kg /mt | H25: `
B26: 12to14 hrs | C26: Average per day | D26: =D6/13 -> 138.68638 | E26: Coal consumption aver/MT | F26: =+T4*1000 -> 144.26573
B27: 1 SHIFT | C27: Average per shift | D27: =+D26 -> 138.68638
B30: Month of APRIL. 2023 | D30: Production | G30: Coal Consumption
B31: Prod.Date | C31: Shift | D31: Mill | E31: Shift Qty | F31: Day Qty | G31: Furnace Heating | H31: Running | I31: TOTAL | J31: Average per | K31: TOTAL | L31: Average per
D32: 16"& 14" | H32: Mill Coal | I32: Consumption | J32: Kg /mt | K32: power unit | L32: mt
B33: 01.to 05.04.23 | C33: No section | F33: =+E33+E34 -> 0
C34: planning
B35: 06.04.23 | C35: Day- 20" Gear box nutbolt broken & Pass change | E35: 74.786 | F35: =+E35+E36 -> 74.786 | I35: 13.6 | J35: =I35/F35*1000 -> 181.85222 | K35: 8940 | L35: =K35/F35 -> 119.54109
B37: 07.04.23 | C37: Day- 20" Size Change | E37: 56.669 | F37: =+E37+E38 -> 56.669 | I37: 8.2 | J37: =I37/F37*1000 -> 144.69992 | K37: 5760 | L37: =K37/F37 -> 101.64287
B39: 08.04.23 | C39: Day- 20" | E39: 171.088 | F39: =+E39+E40 -> 171.088 | I39: 23.2 | J39: =I39/F39*1000 -> 135.60273 | K39: 14760 | L39: =K39/F39 -> 86.271392
B41: 09.04.23 | C41: Day- 20" | E41: =136.491-5 -> 131.491 | F41: =+E41+E42 -> 131.491 | I41: 18.7 | J41: =I41/F41*1000 -> 142.21506 | K41: 11040 | L41: =K41/F41 -> 83.960119
B43: 10.04.23 | C43: Day- 20" | E43: 164.158 | F43: =+E43+E44 -> 164.158 | I43: 22.3 | J43: =I43/F43*1000 -> 135.84473 | K43: 10980 | L43: =K43/F43 -> 66.88678
B45: 11.04.23 | C45: Day- 20" cooling bed jam | E45: =103.355-5 -> 98.355 | F45: =+E45+E46 -> 98.355 | I45: 15.2 | J45: =I45/F45*1000 -> 154.54222 | K45: 8280 | L45: =K45/F45 -> 84.184841
B47: 12.04.23 | C47: Weekly off
B49: 13.04.23 | C49: Day- 20" | E49: =93.493-5 -> 88.493 | F49: =+E49+E50 -> 88.493 | I49: 13.1 | J49: =I49/F49*1000 -> 148.03431 | K49: 6300 | L49: =K49/F49 -> 71.192072
C50: Section change
B51: 14.04.23 | C51: Day- 20" | E51: 216.819 | F51: =+E51+E52 -> 216.819 | I51: 28.4 | J51: =I51/F51*1000 -> 130.98483 | K51: 11340 | L51: =K51/F51 -> 52.301689
B53: 15.04.23 | C53: Day- 20" | E53: 117.038 | F53: =+E53+E54 -> 117.038 | I53: 16.3 | J53: =I53/F53*1000 -> 139.27101 | K53: 6840 | L53: =K53/F53 -> 58.442557
C54: Colling bed jam
B55: 16.04.23 | C55: SHUT DOWN DUE TO PENDING STRAIGHTENING MATERIAL | F55: =+E55+E56 -> 0
B57: 17.04.23 | C57: Day- 20" | E57: 154.791 | F57: =+E57+E58 -> 154.791 | I57: 23.4 | J57: =I57/F57*1000 -> 151.17158 | K57: 7980 | L57: =K57/F57 -> 51.553385
C58: Power off
B59: 18.04.23 | C59: Day- 20" | E59: 181.445 | F59: =+E59+E60 -> 181.445 | I59: 25.8 | J59: =I59/F59*1000 -> 142.19185 | K59: 10320 | L59: =K59/F59 -> 56.87674
B61: 19.04.23 | C61: Weekly off | F61: =+E61+E62 -> 0
B63: 20.04.23 | C63: No section planning | F63: =+E63+E64 -> 0
B65: 21.04.23 | C65: Day- 20" | E65: 108.675 | F65: =+E65+E66 -> 108.675 | I65: 15.7 | J65: =I65/F65*1000 -> 144.46745 | K65: 5640 | L65: =K65/F65 -> 51.897861
B67: 22/23.04.23 | C67: No section planning | F67: =+E67+E68 -> 0
B69: 24.04.23 | C69: Day- 20" | E69: 167.749 | F69: =+E69+E70 -> 167.749 | I69: 25.3 | J69: =I69/F69*1000 -> 150.82057 | K69: 9720 | L69: =K69/F69 -> 57.943714
B71: 25.04.23 | C71: Day- 20" | E71: =76.366-5 -> 71.366 | F71: =+E71+E72 -> 71.366 | I71: 10.9 | J71: =I71/F71*1000 -> 152.73379 | K71: 8160 | L71: =K71/F71 -> 114.34016
C72: Size change
B73: 26/30.04.23 | C73: No section planning & SHUT DOWN DUE TO PENDING STRAIGHTENING MATERIAL & 1 days weekly off | J73: =I73/F73*1000 -> #DIV/0! | L73: =K73/F73 -> #DIV/0!
D75: Total | E75: =SUM(E33:E74) -> 1802.923 | F75: =SUM(F33:F74) -> 1802.923 | G75: =SUM(G33:G74) -> 0 | H75: =SUM(H33:H74) -> 0 | I75: =SUM(I33:I74) -> 260.1 | J75: =I75/F75*1000 -> 144.26573 | K75: =SUM(K33:K74) -> 126060 | L75: =K75/F75 -> 69.919791
B80: Productivity analysis for Month of May . 2023
B82: Mill | C82: Actual Working Days/Shifts | D82: Prod.Qty. in MT. | E82: Mill Coal | F82: Total Coal Consumption
B83: 20" | C83: 10 Day ( 10 Shifts ) | D83: =872.311+120.913+150.927+179.035-1.869 -> 1321.317 | E83: 20" => | F83: =+I164 -> 193.9 | T83: =+F83/D85 -> 0.14674753
B85: Total | C85: =+C83 -> 10 Day ( 10 Shifts ) | D85: =SUM(D83:D84) -> 1321.317 | F85: =SUM(F83:F84) -> 193.9
C86: Loss of Working days/Shifts | E86: Reasons for Non working.
C88: * 5 Day ( 5 Shifts ) | E88: Weekly off.
C90: * 1 Day ( 1 Shifts ) | E90: Labour Day
C91: * 15 Day ( 15 Shifts ) | E91: No section planning
C96: * Day ( Shifts ) | E96: * Balance Shift & Day
D104: Production | F104: Kg /mt | H104: `
B105: 12to14 hrs | C105: Average per day | D105: =D85/10 -> 132.1317 | E105: Coal consumption aver/MT | F105: =+T83*1000 -> 146.74753
B106: 1 SHIFT | C106: Average per shift | D106: =+D105 -> 132.1317
B109: Month of May. 2023 | D109: Production | G109: Coal Consumption
B110: Prod.Date | C110: Shift | D110: Mill | E110: Shift Qty | F110: Day Qty | G110: Furnace Heating | H110: Running | I110: TOTAL | J110: Average per | K110: TOTAL | L110: Average per
D111: 16"& 14" | H111: Mill Coal | I111: Consumption | J111: Kg /mt | K111: power unit | L111: mt
B112: 01.05.23 | F112: =+E112+E113 -> 0
C113: Labour Day
B114: 01.to 19.05.23 | C114: No section | F114: =+E114+E115 -> 0 | J114: 0 | L114: 0
C115: planning
B116: 20.05.23 | C116: Day- 20" | E116: 135.734 | F116: =+E116+E117 -> 135.734 | I116: 22.5 | J116: =I116/F116*1000 -> 165.76539 | K116: 10260 | L116: =K116/F116 -> 75.58902
B118: 21.05.23 | C118: Day- 20" | E118: =117.46-1.5 -> 115.96 | F118: =+E118+E119 -> 115.96 | I118: 16.3 | J118: =I118/F118*1000 -> 140.56571 | K118: 10380 | L118: =K118/F118 -> 89.513625
B120: 22.05.23 | C120: Day- 20" | E120: =135.708-0.7 -> 135.008 | F120: =+E120+E121 -> 135.008 | I120: 18.2 | J120: =I120/F120*1000 -> 134.80683 | K120: 10980 | L120: =K120/F120 -> 81.328514
B122: 23.05.23 | C122: Day- 20" | E122: =139.326-1 -> 138.326 | F122: =+E122+E123 -> 138.326 | I122: 18.6 | J122: =I122/F122*1000 -> 134.46496 | K122: 9900 | L122: =K122/F122 -> 71.570059
B124: 24.05.23 | C124: WEEKLY OFF | F124: =+E124+E125 -> 0 | J124: 0 | L124: 0
B126: 25.05.23 | C126: Day- 20" | E126: =144.609-0.45 -> 144.159 | F126: =+E126+E127 -> 144.159 | I126: 21.1 | J126: =I126/F126*1000 -> 146.36617 | K126: 11400 | L126: =K126/F126 -> 79.07935
B128: 26.05.23 | C128: Day- 20" Size & Teo line problem | E128: =76.27-4.487 -> 71.783 | F128: =+E128+E129 -> 71.783 | I128: 13 | J128: =I128/F128*1000 -> 181.10137 | K128: 9360 | L128: =K128/F128 -> 130.39299
B130: 27.05.23 | C130: Day- 20" | E130: 131.341 | F130: =+E130+E131 -> 131.341 | I130: 19.7 | J130: =I130/F130*1000 -> 149.99124 | K130: 11820 | L130: =K130/F130 -> 89.994746
B132: 28.05.23 | C132: Day- 20" | E132: =120.913-1.869 -> 119.044 | F132: =+E132+E133 -> 119.044 | I132: 17.4 | J132: =I132/F132*1000 -> 146.16444 | K132: 9660 | L132: =K132/F132 -> 81.146467
B134: 29.05.23 | C134: Day- 20" | E134: 150.927 | F134: =+E134+E135 -> 150.927 | I134: 20.5 | J134: =I134/F134*1000 -> 135.82725 | K134: 10140 | L134: =K134/F134 -> 67.184798
B136: 30.05.23 | C136: Day- 20" | E136: 179.035 | F136: =+E136+E137 -> 179.035 | I136: 26.6 | J136: =I136/F136*1000 -> 148.5743 | K136: 11640 | L136: =K136/F136 -> 65.01522
B138: 31.05.23 | C138: WEEKLY OFF | F138: =+E138+E139 -> 0 | J138: =I138/F138*1000 -> #DIV/0! | L138: =K138/F138 -> #DIV/0!
F140: =+E140+E141 -> 0 | J140: =I140/F140*1000 -> #DIV/0! | L140: =K140/F140 -> #DIV/0!
F142: =+E142+E143 -> 0 | J142: =I142/F142*1000 -> #DIV/0! | L142: =K142/F142 -> #DIV/0!
F144: =+E144+E145 -> 0 | J144: =I144/F144*1000 -> #DIV/0! | L144: =K144/F144 -> #DIV/0!
F146: =+E146+E147 -> 0 | J146: =I146/F146*1000 -> #DIV/0! | L146: =K146/F146 -> #DIV/0!
F148: =+E148+E149 -> 0 | J148: =I148/F148*1000 -> #DIV/0! | L148: =K148/F148 -> #DIV/0!
F150: =+E150+E151 -> 0 | J150: =I150/F150*1000 -> #DIV/0! | L150: =K150/F150 -> #DIV/0!
F152: =+E152+E153 -> 0 | J152: =I152/F152*1000 -> #DIV/0! | L152: =K152/F152 -> #DIV/0!
F154: =+E154+E155 -> 0 | J154: =I154/F154*1000 -> #DIV/0! | L154: =K154/F154 -> #DIV/0!
F156: =+E156+E157 -> 0 | J156: =I156/F156*1000 -> #DIV/0! | L156: =K156/F156 -> #DIV/0!
F158: =+E158+E159 -> 0 | J158: =I158/F158*1000 -> #DIV/0! | L158: =K158/F158 -> #DIV/0!
F160: =+E160+E161 -> 0 | J160: =I160/F160*1000 -> #DIV/0! | L160: =K160/F160 -> #DIV/0!
F162: =+E162+E163 -> 0 | J162: =I162/F162*1000 -> #DIV/0! | L162: =K162/F162 -> #DIV/0!
D164: Total | E164: =SUM(E112:E163) -> 1321.317 | F164: =SUM(F112:F163) -> 1321.317 | G164: =SUM(G112:G163) -> 0 | H164: =SUM(H112:H163) -> 0 | I164: =SUM(I112:I163) -> 193.9 | J164: =I164/F164*1000 -> 146.74753 | K164: =SUM(K112:K163) -> 105540 | L164: =K164/F164 -> 79.874852
B168: Productivity analysis for Month of JUN . 2023
B170: Mill | C170: Actual Working Days/Shifts | D170: Prod.Qty. in MT. | E170: Mill Coal | F170: Total Coal Consumption
B171: 20" | C171: 1 9 Day ( 19 Shifts ) | D171: 2294.804 | E171: 20" => | F171: =+I254 -> 334.7 | T171: =+F171/D173 -> 0.14585124
B173: Total | C173: =+C171 -> 1 9 Day ( 19 Shifts ) | D173: =SUM(D171:D172) -> 2294.804 | F173: =SUM(F171:F172) -> 334.7
C174: Loss of Working days/Shifts | E174: Reasons for Non working.
C176: * 4 Day ( 4 Shifts ) | E176: Weekly off.
C178: * 6 Day ( 6 Shifts ) | E178: No Billets planning
C179: * 1 Day ( 1 Shifts ) | E179: Section Change
C184: * 0 Day ( 0 Shifts ) | E184: * Balance Shift & Day
D192: Production | F192: Kg /mt | H192: `
B193: 12to14 hrs | C193: Average per day | D193: =D173/19 -> 120.77916 | E193: Coal consumption aver/MT | F193: =+T171*1000 -> 145.85124
B194: 1 SHIFT | C194: Average per shift | D194: =+D193 -> 120.77916
B197: Month of Jun. 2023 | D197: Production | G197: Coal Consumption
B198: Prod.Date | C198: Shift | D198: Mill | E198: Shift Qty | F198: Day Qty | G198: Furnace Heating | H198: Running | I198: TOTAL | J198: Average per | K198: TOTAL | L198: Average per
...
