Workbook

Sheet SUMMARY 
A1: Vinar BUB Angle Section wt. & Kata wt. Difference 2023-2024 | I1: Dispatched
A2: MONTHS | B2: KATA WT | C2: SEC.WT | D2: (+) WT | E2: (-)WT | F2: Net (+/-) mt | G2: Net (+/-) % | I2: PG Qty | J2: NPG Qty | K2: TOTAL
A3: Apr,23 | B3: =+'APRIL-23'!D76 -> 2093.706 | C3: =+'APRIL-23'!E76 -> 2100.519 | D3: =+'APRIL-23'!F76 -> 3.004 | E3: =+'APRIL-23'!G76 -> -9.817 | F3: =SUM(D3:E3) -> -6.813 | G3: =F3/C3 -> -0.0032434841 | J3: =C3-I3 -> 2100.519 | K3: =+J3+I3 -> 2100.519
A4: 45064 | B4: =+'May -23 '!D30 -> 716.38 | C4: =+'May -23 '!E30 -> 717.3 | D4: =+'May -23 '!F30 -> 0.927 | E4: =+'May -23 '!G30 -> -1.847 | F4: =SUM(D4:E4) -> -0.92 | G4: =F4/C4 -> -0.0012825875 | J4: =C4-I4 -> 717.3 | K4: =+J4+I4 -> 717.3
A5: 45095 | B5: =+'JUN -23'!D97 -> 2545.97 | C5: =+'JUN -23'!E97 -> 2546.762 | D5: =+'JUN -23'!F97 -> 4.716 | E5: =+'JUN -23'!G97 -> -5.508 | F5: =SUM(D5:E5) -> -0.792 | G5: =F5/C5 -> -0.00031098312 | J5: =C5-I5 -> 2546.762 | K5: =+J5+I5 -> 2546.762
A6: 45125 | B6: =+'JULY -23 '!D94 -> 2575.02 | C6: =+'JULY -23 '!E94 -> 2578.611 | D6: =+'JULY -23 '!F94 -> 5.857 | E6: =+'JULY -23 '!G94 -> -9.448 | F6: =SUM(D6:E6) -> -3.591 | G6: =F6/C6 -> -0.0013926102 | J6: =C6-I6 -> 2578.611 | K6: =+J6+I6 -> 2578.611
A7: 45156 | B7: =+'AUG -23 '!D132 -> 3794.337 | C7: =+'AUG -23 '!E132 -> 3801.575 | D7: =+'AUG -23 '!F132 -> 7.62 | E7: =+'AUG -23 '!G132 -> -14.858 | F7: =SUM(D7:E7) -> -7.238 | G7: =F7/C7 -> -0.0019039477 | J7: =C7-I7 -> 3801.575 | K7: =+J7+I7 -> 3801.575
A8: 45187 | B8: =+'SEP -23'!D109 -> 2948.87 | C8: =+'SEP -23'!E109 -> 2935.752 | D8: =+'SEP -23'!F109 -> 15.553 | E8: =+'SEP -23'!G109 -> -2.435 | F8: =SUM(D8:E8) -> 13.118 | G8: =F8/C8 -> 0.0044683611 | J8: =C8-I8 -> 2935.752 | K8: =+J8+I8 -> 2935.752
A9: 45217 | B9: =+'OCT -23 '!D111 -> 3372.077 | C9: =+'OCT -23 '!E111 -> 3365.74 | D9: =+'OCT -23 '!F111 -> 13.32 | E9: =+'OCT -23 '!G111 -> -6.983 | F9: =SUM(D9:E9) -> 6.337 | G9: =F9/C9 -> 0.0018827955 | J9: =C9-I9 -> 3365.74 | K9: =+J9+I9 -> 3365.74
A10: 45248 | B10: =+'NOV -23 '!D128 -> 3765.076 | C10: =+'NOV -23 '!E128 -> 3768.776 | D10: =+'NOV -23 '!F128 -> 5.937285 | E10: =+'NOV -23 '!G128 -> -9.63729 | F10: =SUM(D10:E10) -> -3.700005 | G10: =F10/C10 -> -0.00098175243 | J10: =C10-I10 -> 3768.776 | K10: =+J10+I10 -> 3768.776
A11: 45278 | B11: =+'DEC -23'!D146 -> 4478.94 | C11: =+'DEC -23'!E146 -> 4497.1434 | D11: =+'DEC -23'!F146 -> 6.16204 | E11: =+'DEC -23'!G146 -> -24.365402 | F11: =+'DEC -23'!H146 -> -18.203362 | G11: =F11/C11 -> -0.004047761 | J11: =C11-I11 -> 4497.1434 | K11: =+J11+I11 -> 4497.1434
A12: 45310 | B12: =+'JAN -24 '!D147 -> 2047.18 | C12: =+'JAN -24 '!E147 -> 2053.242 | D12: =+'JAN -24 '!F147 -> 2.929 | E12: =+'JAN -24 '!G147 -> -8.991 | F12: =+'JAN -24 '!H147 -> -6.062 | G12: =F12/C12 -> -0.0029524041 | J12: =C12-I12 -> 2053.242 | K12: =+J12+I12 -> 2053.242
A13: 45342 | G13: =F13/C13 -> #DIV/0! | J13: =C13-I13 -> 0 | K13: =+J13+I13 -> 0
A14: 45371 | G14: =F14/C14 -> #DIV/0! | J14: =C14-I14 -> 0 | K14: =+J14+I14 -> 0
G15: =F15/C15 -> #DIV/0! | J15: =C15-I15 -> 0 | K15: =+J15+I15 -> 0
J16: =C16-I16 -> 0 | K16: =+J16+I16 -> 0
B18: =SUM(B3:B16) -> 28337.556 | C18: =SUM(C3:C16) -> 28365.42 | D18: =SUM(D3:D16) -> 66.025325 | E18: =SUM(E3:E16) -> -93.889692 | F18: =SUM(F3:F16) -> -27.864367 | G18: =F18/C18 -> -0.00098233575 | I18: =SUM(I3:I16) -> 0 | J18: =SUM(J3:J16) -> 28365.42 | K18: =SUM(K3:K16) -> 28365.42

Sheet APRIL-23
B2: SEC.& KATA WT,DIFFERENCE ANGLE aPRIL 2023 (vil bub)
B4: DISP.DATE | C4: PARTY | D4: KATA WT | E4: SEC.WT | F4: (+) WT | G4: (-)WT | H4: VEHICLE.NO. | I4: SECTION | J4: Net (+/-) %
B5: 04.04.23 | C5: KEC BUB | D5: 24.27 | E5: 24.507 | F5: =IF(D5-E5<=0,0,D5-E5) -> 0 | G5: =IF(D5-E5>=0,0,D5-E5) -> -0.237 | H5: MH31FC2568 | I5: MS-90X6 | J5: =G5/E5 -> -0.0096707063
B6: 04.04.23 | C6: KEC BUB | D6: 24.96 | E6: 25.229 | F6: =IF(D6-E6<=0,0,D6-E6) -> 0 | G6: =IF(D6-E6>=0,0,D6-E6) -> -0.269 | H6: MH40CM3182 | I6: MS-80X6 | J6: =G6/E6 -> -0.010662333
B7: 04.04.23 | C7: KEC BUB | D7: 24.21 | E7: 24.437 | F7: =IF(D7-E7<=0,0,D7-E7) -> 0 | G7: =IF(D7-E7>=0,0,D7-E7) -> -0.227 | H7: MH31FCC2213 | I7: MS-90X90X7,6 | J7: =G7/E7 -> -0.0092891926
B8: 05.04.23 | C8: KEC BUB | D8: 24.58 | E8: 24.488 | F8: =IF(D8-E8<=0,0,D8-E8) -> 0.092 | G8: =IF(D8-E8>=0,0,D8-E8) -> 0 | H8: MH31FC2620 | I8: HT-150X20 | J8: =F8/E8 -> 0.0037569422
B9: 05.04.23 | C9: KEC BUB | D9: 24.55 | E9: 24.471 | F9: =IF(D9-E9<=0,0,D9-E9) -> 0.079 | G9: =IF(D9-E9>=0,0,D9-E9) -> 0 | H9: MH31FC2629 | I9: HT-100X7,80X80X6 | J9: =F9/E9 -> 0.0032283111
B10: 06.04.23 | C10: KEC BUB | D10: 24.81 | E10: 24.877 | F10: =IF(D10-E10<=0,0,D10-E10) -> 0 | G10: =IF(D10-E10>=0,0,D10-E10) -> -0.067 | H10: MH31FC2568 | I10: HT-150X16 | J10: =G10/E10 -> -0.0026932508
B11: 06.04.23 | C11: KEC BUB | D11: 24.95 | E11: 24.968 | F11: =IF(D11-E11<=0,0,D11-E11) -> 0 | G11: =IF(D11-E11>=0,0,D11-E11) -> -0.018 | H11: MH40CM3181 | I11: HT-150X16 | J11: =G11/E11 -> -0.00072092278
B12: 06.04.23 | C12: KEC BUB | D12: 24.42 | E12: 24.567 | F12: =IF(D12-E12<=0,0,D12-E12) -> 0 | G12: =IF(D12-E12>=0,0,D12-E12) -> -0.147 | H12: MH31FC2213 | I12: MS-90X6 | J12: =G12/E12 -> -0.0059836366
B13: 06.04.23 | C13: KEC BUB | D13: 24.59 | E13: 24.858 | F13: =IF(D13-E13<=0,0,D13-E13) -> 0 | G13: =IF(D13-E13>=0,0,D13-E13) -> -0.268 | H13: MH31FC2566 | I13: MS-90X7 | J13: =G13/E13 -> -0.010781237
B14: 06.04.23 | C14: KEC BUB | D14: 24.39 | E14: 24.758 | F14: =IF(D14-E14<=0,0,D14-E14) -> 0 | G14: =IF(D14-E14>=0,0,D14-E14) -> -0.368 | H14: MH40CM3182 | I14: MS-90X6 | J14: =G14/E14 -> -0.014863882
B15: 08.04.23 | C15: KEC BUB | D15: 24.5 | E15: 24.488 | F15: =IF(D15-E15<=0,0,D15-E15) -> 0.012 | G15: =IF(D15-E15>=0,0,D15-E15) -> 0 | H15: MH31FC2623 | I15: HT-150X16 | J15: =F15/E15 -> 0.00049003594
B16: 08.04.23 | C16: KEC BUB | D16: 24.46 | E16: 24.62 | F16: =IF(D16-E16<=0,0,D16-E16) -> 0 | G16: =IF(D16-E16>=0,0,D16-E16) -> -0.16 | H16: MH361155 | I16: HT-150X15 | J16: =G16/E16 -> -0.0064987815
B17: 08.04.23 | C17: KEC BUB | D17: 24.47 | E17: 24.51 | F17: =IF(D17-E17<=0,0,D17-E17) -> 0 | G17: =IF(D17-E17>=0,0,D17-E17) -> -0.04 | H17: MH31FC2338 | I17: MS-80X6 | J17: =G17/E17 -> -0.0016319869
B18: 08.04.23 | C18: KEC BUB | D18: 24.5 | E18: 24.398 | F18: =IF(D18-E18<=0,0,D18-E18) -> 0.102 | G18: =IF(D18-E18>=0,0,D18-E18) -> 0 | H18: MH40CM3182 | I18: HT-150X12 | J18: =F18/E18 -> 0.0041806705
B19: 09.04.23 | C19: KEC BUB | D19: 25.12 | E19: 25.29 | F19: =IF(D19-E19<=0,0,D19-E19) -> 0 | G19: =IF(D19-E19>=0,0,D19-E19) -> -0.17 | H19: MH31FC2620 | I19: HT-150X15 | J19: =G19/E19 -> -0.0067220245
B20: 09.04.23 | C20: KEC BUB | D20: 24.63 | E20: 24.696 | F20: =IF(D20-E20<=0,0,D20-E20) -> 0 | G20: =IF(D20-E20>=0,0,D20-E20) -> -0.066 | H20: MH40N5505 | I20: HT-80X6 MS-10X6,8 80X6 | J20: =G20/E20 -> -0.0026724976
B21: 09.04.23 | C21: KEC BUB | D21: 25.08 | E21: 25.35 | F21: =IF(D21-E21<=0,0,D21-E21) -> 0 | G21: =IF(D21-E21>=0,0,D21-E21) -> -0.27 | H21: MH34AB1845 | I21: MS-9X6,80X6, 75X6 | J21: =G21/E21 -> -0.010650888
B22: 09.04.23 | C22: KEC BUB | D22: 24.16 | E22: 24.308 | F22: =IF(D22-E22<=0,0,D22-E22) -> 0 | G22: =IF(D22-E22>=0,0,D22-E22) -> -0.148 | H22: MH40AK0269 | I22: MS-100X6 | J22: =G22/E22 -> -0.0060885305
B23: 09.04.23 | C23: KEC BUB | D23: 31.26 | E23: 31.301 | F23: =IF(D23-E23<=0,0,D23-E23) -> 0 | G23: =IF(D23-E23>=0,0,D23-E23) -> -0.041 | H23: MH46AR8099 | I23: MS-65X5,90X5,75X6,5 | J23: =G23/E23 -> -0.0013098623
B24: 10.04.23 | C24: KEC BUB | D24: 31.82 | E24: 31.919 | F24: =IF(D24-E24<=0,0,D24-E24) -> 0 | G24: =IF(D24-E24>=0,0,D24-E24) -> -0.099 | H24: MH40Y4044 | I24: HT-75X5,6 90X6, | J24: =G24/E24 -> -0.0031016009
B25: 10.04.23 | C25: KEC BUB | D25: 24.49 | E25: 25.072 | F25: =IF(D25-E25<=0,0,D25-E25) -> 0 | G25: =IF(D25-E25>=0,0,D25-E25) -> -0.582 | H25: MH31FC2622 | I25: HT-75X6, MS-75X6 | J25: =G25/E25 -> -0.023213146
B26: 10.04.23 | C26: KEC BUB | D26: 31.26 | E26: 31.497 | F26: =IF(D26-E26<=0,0,D26-E26) -> 0 | G26: =IF(D26-E26>=0,0,D26-E26) -> -0.237 | H26: MH40Y2044 | I26: HT-90X6 | J26: =G26/E26 -> -0.0075245261
B27: 11.04.23 | C27: KEC BUB | D27: 25.21 | E27: 24.979 | F27: =IF(D27-E27<=0,0,D27-E27) -> 0.231 | G27: =IF(D27-E27>=0,0,D27-E27) -> 0 | H27: MH31FC5543 | I27: HT-100X7, 150X12 MS-75X6 | J27: =F27/E27 -> 0.0092477681
B28: 11.04.23 | C28: KEC BUB | D28: 31.91 | E28: 31.931 | F28: =IF(D28-E28<=0,0,D28-E28) -> 0 | G28: =IF(D28-E28>=0,0,D28-E28) -> -0.021 | H28: MH40Y3944 | I28: HT-90X6,90X5, 90X7 | J28: =G28/E28 -> -0.0006576681
B29: 11.04.23 | C29: KEC BUB | D29: 30.88 | E29: 31.021 | F29: =IF(D29-E29<=0,0,D29-E29) -> 0 | G29: =IF(D29-E29>=0,0,D29-E29) -> -0.141 | H29: MH46AR4423 | I29: HT-90X6 | J29: =G29/E29 -> -0.004545308
B30: 11.04.23 | C30: KEC BUB | D30: 24.69 | E30: 24.943 | F30: =IF(D30-E30<=0,0,D30-E30) -> 0 | G30: =IF(D30-E30>=0,0,D30-E30) -> -0.253 | H30: MH31FC2564 | I30: MS-100X6,8,9,MS-80X6 HT-150X15,12 | J30: =G30/E30 -> -0.010143126
B31: 12.04.23 | C31: KEC BUB | D31: 32.58 | E31: 32.52 | F31: =IF(D31-E31<=0,0,D31-E31) -> 0.06 | G31: =IF(D31-E31>=0,0,D31-E31) -> 0 | H31: MH46AR4423 | I31: HT-90X5, 90X7, 110X10 | J31: =F31/E31 -> 0.0018450185
B32: 12.04.23 | C32: KEC BUB | D32: 32.54 | E32: 32.949 | F32: =IF(D32-E32<=0,0,D32-E32) -> 0 | G32: =IF(D32-E32>=0,0,D32-E32) -> -0.409 | H32: MH46AF3590 | I32: HT-90X6,7 | J32: =G32/E32 -> -0.012413123
B33: 13.04.23 | C33: KEC BUB | D33: =24.83+0.306 -> 25.136 | E33: 25.145 | F33: =IF(D33-E33<=0,0,D33-E33) -> 0 | G33: =IF(D33-E33>=0,0,D33-E33) -> -0.009 | H33: MH31FC2568 | I33: HT-75X6 HT-150X12,15 MS-80X6 | J33: =G33/E33 -> -0.00035792404
B34: 13.04.23 | C34: KEC BUB | D34: 32.24 | E34: 32.291 | F34: =IF(D34-E34<=0,0,D34-E34) -> 0 | G34: =IF(D34-E34>=0,0,D34-E34) -> -0.051 | H34: MH46AF3590 | I34: HT-110X6,110X8, MS-90X6 | J34: =G34/E34 -> -0.0015793874
B35: 14.04.23 | C35: KEC BUB | D35: 30.75 | E35: 31.029 | F35: =IF(D35-E35<=0,0,D35-E35) -> 0 | G35: =IF(D35-E35>=0,0,D35-E35) -> -0.279 | H35: MH46AR8099 | I35: HT-100X6, 110X6,110X8 | J35: =G35/E35 -> -0.0089915885
B36: 14.04.23 | C36: KEC BUB | D36: 24.47 | E36: 24.602 | F36: =IF(D36-E36<=0,0,D36-E36) -> 0 | G36: =IF(D36-E36>=0,0,D36-E36) -> -0.132 | H36: MH31FC2215 | I36: MS-100X7, HT-80X6 150X12 | J36: =G36/E36 -> -0.0053654174
B37: 14.04.23 | C37: KEC BUB | D37: 31.85 | E37: 32.049 | F37: =IF(D37-E37<=0,0,D37-E37) -> 0 | G37: =IF(D37-E37>=0,0,D37-E37) -> -0.199 | H37: MH40Y3944 | I37: MS-90X6, 100X7 HT-100X6 HT-130X10 | J37: =G37/E37 -> -0.0062092421
B38: 14.04.23 | C38: KEC BUB | D38: 31.46 | E38: 31.454 | F38: =IF(D38-E38<=0,0,D38-E38) -> 0.006 | G38: =IF(D38-E38>=0,0,D38-E38) -> 0 | H38: MH40Y4044 | I38: HT-150X150X14, 110X8,MS-90X6 | J38: =F38/E38 -> 0.00019075475
B39: 15.04.23 | C39: KEC BUB | D39: 32.05 | E39: 32.032 | F39: =IF(D39-E39<=0,0,D39-E39) -> 0.018 | G39: =IF(D39-E39>=0,0,D39-E39) -> 0 | H39: MH40Y3944 | I39: HT-110X8, MS-100X6 | J39: =F39/E39 -> 0.00056193806
B40: 15.04.23 | C40: KEC BUB | D40: 32.13 | E40: 32.303 | F40: =IF(D40-E40<=0,0,D40-E40) -> 0 | G40: =IF(D40-E40>=0,0,D40-E40) -> -0.173 | H40: MH46AF3590 | I40: HT-110X9, 110X7, HT-100X6 | J40: =G40/E40 -> -0.0053555397
B41: 16.04.23 | C41: KEC BUB | D41: 32.45 | E41: 32.502 | F41: =IF(D41-E41<=0,0,D41-E41) -> 0 | G41: =IF(D41-E41>=0,0,D41-E41) -> -0.052 | H41: MH46AR4423 | I41: HT-110X8,75X6, 5 | J41: =G41/E41 -> -0.0015999015
B42: 16.04.23 | C42: KEC BUB | D42: 32.38 | E42: 32.287 | F42: =IF(D42-E42<=0,0,D42-E42) -> 0.093 | G42: =IF(D42-E42>=0,0,D42-E42) -> 0 | H42: MH40Y4044 | I42: HT-130X130X12 | J42: =F42/E42 -> 0.0028804163
B43: 17.04.23 | C43: KEC BUB | D43: 22.19 | E43: 22.059 | F43: =IF(D43-E43<=0,0,D43-E43) -> 0.131 | G43: =IF(D43-E43>=0,0,D43-E43) -> 0 | H43: MH31FC2622 | I43: HT-100X9,150X12, 100X7,75X6, MS-75X6, 90X7 | J43: =F43/E43 -> 0.0059386192
B44: 17.04.23 | C44: KEC BUB | D44: 32.92 | E44: 33.16 | F44: =IF(D44-E44<=0,0,D44-E44) -> 0 | G44: =IF(D44-E44>=0,0,D44-E44) -> -0.24 | H44: MH46AR4423 | I44: HT-10X6,90X7.6 MS-90X7 | J44: =G44/E44 -> -0.0072376357
B45: 17.04.23 | C45: KEC BUB | D45: 31.81 | E45: 32.131 | F45: =IF(D45-E45<=0,0,D45-E45) -> 0 | G45: =IF(D45-E45>=0,0,D45-E45) -> -0.321 | H45: MH40Y2044 | I45: HT-130X12, 90X5,90X7 MS-110X8 | J45: =G45/E45 -> -0.009990352
B46: 18.04.23 | C46: KEC BUB | D46: 32.63 | E46: 32.687 | F46: =IF(D46-E46<=0,0,D46-E46) -> 0 | G46: =IF(D46-E46>=0,0,D46-E46) -> -0.057 | H46: MH46AR4423 | I46: HT-110X7, 100X8 | J46: =G46/E46 -> -0.0017438125
B47: 18.04.23 | C47: KEC BUB | D47: 32.4 | E47: 32.609 | F47: =IF(D47-E47<=0,0,D47-E47) -> 0 | G47: =IF(D47-E47>=0,0,D47-E47) -> -0.209 | H47: MH40Y4044 | I47: HT-100X7 | J47: =G47/E47 -> -0.0064092735
B48: 18.04.23 | C48: KEC BUB | D48: 32.18 | E48: 32.093 | F48: =IF(D48-E48<=0,0,D48-E48) -> 0.087 | G48: =IF(D48-E48>=0,0,D48-E48) -> 0 | H48: MH40Y3944 | I48: HT-110X7, 100X6 | J48: =F48/E48 -> 0.0027108715
B49: 19.04.23 | C49: KEC BUB | D49: 31.92 | E49: 32.262 | F49: =IF(D49-E49<=0,0,D49-E49) -> 0 | G49: =IF(D49-E49>=0,0,D49-E49) -> -0.342 | H49: MH46AF3590 | I49: HT-100X7 | J49: =G49/E49 -> -0.010600707
B50: 19.04.23 | C50: KEC BUB | D50: 32.73 | E50: 32.626 | F50: =IF(D50-E50<=0,0,D50-E50) -> 0.104 | G50: =IF(D50-E50>=0,0,D50-E50) -> 0 | H50: MH40Y2044 | I50: HT-130X9, 130X10 | J50: =F50/E50 -> 0.0031876418
B51: 20.04.23 | C51: KEC BUB | D51: 31.71 | E51: 31.761 | F51: =IF(D51-E51<=0,0,D51-E51) -> 0 | G51: =IF(D51-E51>=0,0,D51-E51) -> -0.051 | H51: MH46AF3590 | I51: 130X130X12 | J51: =G51/E51 -> -0.0016057429
B52: 20.04.23 | C52: KEC BUB | D52: 32.4 | E52: 32.425 | F52: =IF(D52-E52<=0,0,D52-E52) -> 0 | G52: =IF(D52-E52>=0,0,D52-E52) -> -0.025 | H52: MH40Y3944 | I52: HT-130X12, 110X8,9 | J52: =G52/E52 -> -0.00077101002
B53: 20.04.23 | C53: KEC BUB | D53: 32.89 | E53: 32.903 | F53: =IF(D53-E53<=0,0,D53-E53) -> 0 | G53: =IF(D53-E53>=0,0,D53-E53) -> -0.013 | H53: MH40Y2044 | I53: HT-130X12, 110X8 | J53: =G53/E53 -> -0.00039510075
B54: 21.04.23 | C54: KEC BUB | D54: 32.16 | E54: 32.285 | F54: =IF(D54-E54<=0,0,D54-E54) -> 0 | G54: =IF(D54-E54>=0,0,D54-E54) -> -0.125 | H54: MH40Y3590 | I54: HT-130X12 | J54: =G54/E54 -> -0.0038717671
B55: 21.04.23 | C55: KEC BUB | D55: 32.67 | E55: 32.781 | F55: =IF(D55-E55<=0,0,D55-E55) -> 0 | G55: =IF(D55-E55>=0,0,D55-E55) -> -0.111 | H55: MH46AR4423 | I55: HT-110X8,10,7,6,9 | J55: =G55/E55 -> -0.0033861078
B56: 21.04.23 | C56: KEC BUB | D56: 21.65 | E56: 21.588 | F56: =IF(D56-E56<=0,0,D56-E56) -> 0.062 | G56: =IF(D56-E56>=0,0,D56-E56) -> 0 | H56: MH31FC2392 | I56: HT-150X12, 15, HT-80X6 MS-90X6,80X6 | J56: =F56/E56 -> 0.0028719659
B57: 21.04.23 | C57: KEC BUB | D57: 32.11 | E57: 32.181 | F57: =IF(D57-E57<=0,0,D57-E57) -> 0 | G57: =IF(D57-E57>=0,0,D57-E57) -> -0.071 | H57: MH40Y5844 | I57: HT-130X10 | J57: =G57/E57 -> -0.0022062708
B58: 22.04.23 | C58: KEC BUB | D58: 33.67 | E58: 33.628 | F58: =IF(D58-E58<=0,0,D58-E58) -> 0.042 | G58: =IF(D58-E58>=0,0,D58-E58) -> 0 | H58: MH40Y2044 | I58: HT-130X11 | J58: =F58/E58 -> 0.0012489592
B59: 22.04.23 | C59: KEC BUB | D59: 32.61 | E59: 32.658 | F59: =IF(D59-E59<=0,0,D59-E59) -> 0 | G59: =IF(D59-E59>=0,0,D59-E59) -> -0.048 | H59: MH40Y3944 | I59: HT-130X11 | J59: =G59/E59 -> -0.0014697777
B60: 22.04.23 | C60: KEC BUB | D60: 31.91 | E60: 31.932 | F60: =IF(D60-E60<=0,0,D60-E60) -> 0 | G60: =IF(D60-E60>=0,0,D60-E60) -> -0.022 | H60: MH46AF3590 | I60: MS-120X8, 110X7, 110X6, 120X10 HT-100X8 | J60: =G60/E60 -> -0.00068896405
B61: 23.04.23 | C61: KEC BUB | D61: 32.4 | E61: 32.155 | F61: =IF(D61-E61<=0,0,D61-E61) -> 0.245 | G61: =IF(D61-E61>=0,0,D61-E61) -> 0 | H61: MH46AF3590 | I61: HT-130X130X11 | J61: =F61/E61 -> 0.0076193438
B62: 23.04.23 | C62: KEC BUB | D62: 32.42 | E62: 33.789 | F62: =IF(D62-E62<=0,0,D62-E62) -> 0 | G62: =IF(D62-E62>=0,0,D62-E62) -> -1.369 | H62: MH40Y3944 | I62: HT-130X11, 130X9 | J62: =G62/E62 -> -0.040516144
B63: 23.04.23 | C63: KEC BUB | D63: 32.06 | E63: 32.115 | F63: =IF(D63-E63<=0,0,D63-E63) -> 0 | G63: =IF(D63-E63>=0,0,D63-E63) -> -0.055 | H63: MH40Y2044 | I63: HT-120X10, 120X8, 120X10, 90X7110X9 HT-110X8 | J63: =G63/E63 -> -0.0017125954
B64: 23.04.23 | C64: KEC BUB | D64: 32.24 | E64: 32.613 | F64: =IF(D64-E64<=0,0,D64-E64) -> 0 | G64: =IF(D64-E64>=0,0,D64-E64) -> -0.373 | H64: MH40Y4944 | I64: HT-130X12 | J64: =G64/E64 -> -0.011437157
B65: 24.04.23 | C65: KEC BUB | D65: 32.31 | E65: 32.295 | F65: =IF(D65-E65<=0,0,D65-E65) -> 0.015 | G65: =IF(D65-E65>=0,0,D65-E65) -> 0 | H65: MH46AF3590 | I65: HT-120X10, 110X9 | J65: =F65/E65 -> 0.00046446818
B66: 24.04.23 | C66: KEC BUB | D66: 32.13 | E66: 32.058 | F66: =IF(D66-E66<=0,0,D66-E66) -> 0.072 | G66: =IF(D66-E66>=0,0,D66-E66) -> 0 | H66: MH40Y3944 | I66: HT-130X9, 130X12, 130X9, 110X6 | J66: =F66/E66 -> 0.0022459293
B67: 24.04.23 | C67: KEC BUB | D67: 32.8 | E67: 32.05 | F67: =IF(D67-E67<=0,0,D67-E67) -> 0.75 | G67: =IF(D67-E67>=0,0,D67-E67) -> 0 | H67: MH40Y2044 | I67: HT-130X12, 120X9, 120X8 100X6 120X9 10X10 | J67: =F67/E67 -> 0.023400936
B68: 25.04.23 | C68: KEC BUB | D68: 32.83 | E68: 33.439 | F68: =IF(D68-E68<=0,0,D68-E68) -> 0 | G68: =IF(D68-E68>=0,0,D68-E68) -> -0.609 | H68: MH46AFR4423 | I68: HT-120X10, 130X10, 100X10 130X10 100X10 | J68: =G68/E68 -> -0.018212267
B69: 26.04.23 | C69: KEC BUB | D69: 32.69 | E69: 32.755 | F69: =IF(D69-E69<=0,0,D69-E69) -> 0 | G69: =IF(D69-E69>=0,0,D69-E69) -> -0.065 | H69: MH40Y9844 | I69: HT-130X10, 120X10, 120X9, 100X6, 100X7, 120X9 | J69: =G69/E69 -> -0.0019844299
B70: 26.04.23 | C70: KEC BUB | D70: 32.72 | E70: 32.635 | F70: =IF(D70-E70<=0,0,D70-E70) -> 0.085 | G70: =IF(D70-E70>=0,0,D70-E70) -> 0 | H70: MH46AF3590 | I70: HT-120X10,9 | J70: =F70/E70 -> 0.0026045657
B71: 27.04.23 | C71: KEC BUB | D71: 32.2 | E71: 31.968 | F71: =IF(D71-E71<=0,0,D71-E71) -> 0.232 | G71: =IF(D71-E71>=0,0,D71-E71) -> 0 | H71: MH40Y2044 | I71: HT-120X8, 120X9, | J71: =F71/E71 -> 0.0072572573
B72: 28.04.23 | C72: KEC BUB | D72: 33.5 | E72: 33.432 | F72: =IF(D72-E72<=0,0,D72-E72) -> 0.068 | G72: =IF(D72-E72>=0,0,D72-E72) -> 0 | H72: MH40Y2044 | I72: HT-80X6/5,130X8 | J72: =G72/E72 -> 0
B73: 29.04.23 | C73: KEC BUB | D73: 31.76 | E73: 31.888 | F73: =IF(D73-E73<=0,0,D73-E73) -> 0 | G73: =IF(D73-E73>=0,0,D73-E73) -> -0.128 | H73: MH46AF3590 | I73: HT-120X9,7, 80X6, 100X7 | J73: =G73/E73 -> -0.0040140492
B74: 30.04.23 | C74: KEC BUB | D74: 31.63 | E74: 32.08 | F74: =IF(D74-E74<=0,0,D74-E74) -> 0 | G74: =IF(D74-E74>=0,0,D74-E74) -> -0.45 | H74: MH40Y9844 | I74: 120X7, 130X9 | J74: =G74/E74 -> -0.014027431
B75: 30.04.23 | C75: KEC BUB | D75: 33.25 | E75: 32.832 | F75: =IF(D75-E75<=0,0,D75-E75) -> 0.418 | G75: =IF(D75-E75>=0,0,D75-E75) -> 0 | H75: MH40Y5844 | I75: HT-80X6, 80X5, 120X8, | J75: =F75/E75 -> 0.012731481
D76: =SUM(D5:D75) -> 2093.706 | E76: =SUM(E5:E75) -> 2100.519 | F76: =SUM(F5:F75) -> 3.004 | G76: =SUM(G5:G75) -> -9.817 | H76: =SUM(F76:G76) -> -6.813 | J76: =H76/E76 -> -0.0032434841

Sheet May -23 
B2: SEC.& KATA WT,DIFFERENCE ANGLE MAY 2023 (vil bub)
B4: DISP.DATE | C4: PARTY | D4: KATA WT | E4: SEC.WT | F4: (+) WT | G4: (-)WT | H4: VEHICLE.NO. | I4: SECTION | J4: Net (+/-) %
B5: 02.05.23 | C5: KEC BB | D5: 31.37 | E5: 31.229 | F5: =IF(D5-E5<=0,0,D5-E5) -> 0.141 | G5: =IF(D5-E5>=0,0,D5-E5) -> 0 | H5: MH46AF3590 | I5: HT-80X5, 120X8 | J5: =F5/E5 -> 0.0045150341
B6: 04.05.23 | C6: KEC BB | D6: 33.07 | E6: 33.187 | F6: =IF(D6-E6<=0,0,D6-E6) -> 0 | G6: =IF(D6-E6>=0,0,D6-E6) -> -0.117 | H6: MH40Y4944 | I6: HT-130X130X10 | J6: =G6/E6 -> -0.0035254768
B7: 04.05.23 | C7: KEC BB | D7: 33.32 | E7: 33.412 | F7: =IF(D7-E7<=0,0,D7-E7) -> 0 | G7: =IF(D7-E7>=0,0,D7-E7) -> -0.092 | H7: MH40Y4044 | I7: HT-130X130X10 | J7: =G7/E7 -> -0.0027535017
B8: 06.05.23 | C8: KEC BB | D8: 26.19 | E8: 26.204 | F8: =IF(D8-E8<=0,0,D8-E8) -> 0 | G8: =IF(D8-E8>=0,0,D8-E8) -> -0.014 | H8: MH40Y2044 | I8: HT-100X6, 130X9, 120X10, 130X8,10 80X6 110X6,7 | J8: =G8/E8 -> -0.00053426958
B9: 12.05.23 | C9: KEC BB | D9: 24.99 | E9: 24.821 | F9: =IF(D9-E9<=0,0,D9-E9) -> 0.169 | G9: =IF(D9-E9>=0,0,D9-E9) -> 0 | H9: MH40CM5134 | I9: HT-150X12 | J9: =F9/E9 -> 0.0068087507
B10: 13.05.23 | C10: KEC BB | D10: 24.59 | E10: 24.687 | F10: =IF(D10-E10<=0,0,D10-E10) -> 0 | G10: =IF(D10-E10>=0,0,D10-E10) -> -0.097 | H10: MH31FC2215 | I10: HT-150X18 | J10: =G10/E10 -> -0.0039291935
B11: 13.05.23 | C11: KEC BB | D11: 24.61 | E11: 24.355 | F11: =IF(D11-E11<=0,0,D11-E11) -> 0.255 | G11: =IF(D11-E11>=0,0,D11-E11) -> 0 | H11: MH31FC2567 | I11: HT-150X14/10 | J11: =F11/E11 -> 0.010470129
B12: 14.05.23 | C12: KEC BB | D12: 25.19 | E12: 25.115 | F12: =IF(D12-E12<=0,0,D12-E12) -> 0.075 | G12: =IF(D12-E12>=0,0,D12-E12) -> 0 | H12: MH40CM3181 | I12: HT-150X12 | J12: =F12/E12 -> 0.0029862632
B13: 14.05.23 | C13: KEC BB | D13: 25.01 | E13: 24.855 | F13: =IF(D13-E13<=0,0,D13-E13) -> 0.155 | G13: =IF(D13-E13>=0,0,D13-E13) -> 0 | H13: MH40CM5134 | I13: HT-150X150X14/16/10/15/10 | J13: =F13/E13 -> 0.0062361698
B14: 15.05.23 | C14: KEC BB | D14: 24.69 | E14: 24.615 | F14: =IF(D14-E14<=0,0,D14-E14) -> 0.075 | G14: =IF(D14-E14>=0,0,D14-E14) -> 0 | H14: MH31FC2627 | I14: HT-150X12/15/18 | J14: =F14/E14 -> 0.0030469226
B15: 15.05.23 | C15: KEC BB | D15: 24.89 | E15: 24.855 | F15: =IF(D15-E15<=0,0,D15-E15) -> 0.035 | G15: =IF(D15-E15>=0,0,D15-E15) -> 0 | H15: MH40CM3184 | I15: HT-150X16/18/20/12 | J15: =F15/E15 -> 0.0014081674
B16: 16.05.23 | C16: KEC BB | D16: 3.81 | E16: 3.817 | F16: =IF(D16-E16<=0,0,D16-E16) -> 0 | G16: =IF(D16-E16>=0,0,D16-E16) -> -0.007 | H16: MH40BG1844 | I16: HT-150X12 /17 110X8/7 80X6, | J16: =G16/E16 -> -0.001833901
B17: 24.05.23 | C17: KEC BB | D17: 24.5 | E17: 24.497 | F17: =IF(D17-E17<=0,0,D17-E17) -> 0.003 | G17: =IF(D17-E17>=0,0,D17-E17) -> 0 | H17: MH40CM3182 | I17: HT-150X16/18/15/12/10 130X10 100X9 | J17: =F17/E17 -> 0.00012246398
B18: 25.05.23 | C18: KEC BB | D18: 33.82 | E18: =13.279+20.6 -> 33.879 | F18: =IF(D18-E18<=0,0,D18-E18) -> 0 | G18: =IF(D18-E18>=0,0,D18-E18) -> -0.059 | H18: MH46AF3590 | I18: HT-100X100X8 | J18: =G18/E18 -> -0.0017414918
B19: 25.05.23 | C19: KEC BB | D19: 32.35 | E19: 32.556 | F19: =IF(D19-E19<=0,0,D19-E19) -> 0 | G19: =IF(D19-E19>=0,0,D19-E19) -> -0.206 | H19: MH40Y3944 | I19: HT-100X100X8/7 | J19: =G19/E19 -> -0.0063275587
B20: 26.05.23 | C20: KEC BB | D20: 33.51 | E20: 33.566 | F20: =IF(D20-E20<=0,0,D20-E20) -> 0 | G20: =IF(D20-E20>=0,0,D20-E20) -> -0.056 | H20: MH46AF3590 | I20: HT-100X6/7 | J20: =G20/E20 -> -0.0016683549
B21: 26.05.23 | C21: KEC BB | D21: 33.45 | E21: 33.61 | F21: =IF(D21-E21<=0,0,D21-E21) -> 0 | G21: =IF(D21-E21>=0,0,D21-E21) -> -0.16 | H21: MH40Y3944 | I21: HT-130X10/8/12 100X7 | J21: =G21/E21 -> -0.004760488
B22: 28.05.23 | C22: KEC BB | D22: 32.24 | E22: 32.445 | F22: =IF(D22-E22<=0,0,D22-E22) -> 0 | G22: =IF(D22-E22>=0,0,D22-E22) -> -0.205 | H22: MH46AF3590 | I22: HT-100X7/ 75X75X6 | J22: =G22/E22 -> -0.006318385
B23: 28.05.23 | C23: KEC BB | D23: 32.46 | E23: 32.732 | F23: =IF(D23-E23<=0,0,D23-E23) -> 0 | G23: =IF(D23-E23>=0,0,D23-E23) -> -0.272 | H23: MH40Y2044 | I23: HT-90X90X6/7/6 | J23: =G23/E23 -> -0.0083099108
B24: 29.05.23 | C24: KEC BB | D24: 31.91 | E24: 31.891 | F24: =IF(D24-E24<=0,0,D24-E24) -> 0.019 | G24: =IF(D24-E24>=0,0,D24-E24) -> 0 | H24: MH46AF3590 | I24: HT-75X75X6 90X90X7 110X9 | J24: =F24/E24 -> 0.00059577937
B25: 29.05.23 | C25: KEC BB | D25: 32.29 | E25: 32.304 | F25: =IF(D25-E25<=0,0,D25-E25) -> 0 | G25: =IF(D25-E25>=0,0,D25-E25) -> -0.014 | H25: MH40Y3944 | I25: HT-110X110X8/9 | J25: =G25/E25 -> -0.00043338286
B26: 29.05.23 | C26: KEC BB | D26: 32.24 | E26: 32.415 | F26: =IF(D26-E26<=0,0,D26-E26) -> 0 | G26: =IF(D26-E26>=0,0,D26-E26) -> -0.175 | H26: MH40Y2044 | I26: HT-110X110X8 90X90X6 | J26: =F26/E26 -> 0
B27: 30.05.23 | C27: KEC BB | D27: 31.61 | E27: 31.831 | F27: =IF(D27-E27<=0,0,D27-E27) -> 0 | G27: =IF(D27-E27>=0,0,D27-E27) -> -0.221 | H27: MH46AF3590 | I27: HT-90X6 100X7 110X110X10 /7 | J27: =G27/E27 -> -0.0069429173
B28: 30.05.23 | C28: KEC BB | D28: 31.97 | E28: 32.078 | F28: =IF(D28-E28<=0,0,D28-E28) -> 0 | G28: =IF(D28-E28>=0,0,D28-E28) -> -0.108 | H28: MH40Y2044 | I28: HT-110X8/ 75X6 90X7 100X7 | J28: =G28/E28 -> -0.0033667934
B29: 30.05.23 | C29: KEC BB | D29: 32.3 | E29: 32.344 | F29: =IF(D29-E29<=0,0,D29-E29) -> 0 | G29: =IF(D29-E29>=0,0,D29-E29) -> -0.044 | H29: MH40Y3944 | I29: MS-90X7 100X7 120X9 | J29: =G29/E29 -> -0.001360376
D30: =SUM(D5:D29) -> 716.38 | E30: =SUM(E5:E29) -> 717.3 | F30: =SUM(F5:F29) -> 0.927 | G30: =SUM(G5:G29) -> -1.847 | H30: =SUM(F30:G30) -> -0.92 | J30: =H30/E30 -> -0.0012825875

Sheet JUN -23
B2: SEC.& KATA WT,DIFFERENCE ANGLE JUN 2023 (vil bub)
B4: DISP.DATE | C4: PARTY | D4: KATA WT | E4: SEC.WT | F4: (+) WT | G4: (-)WT | H4: VEHICLE.NO. | I4: SECTION | J4: Net (+/-) %
B5: 01.06.23 | C5: KEC BB | D5: 24.38 | E5: 24.63 | F5: =IF(D5-E5<=0,0,D5-E5) -> 0 | G5: =IF(D5-E5>=0,0,D5-E5) -> -0.25 | H5: MH31FC2568 | I5: HT-130X130X10 | J5: =G5/E5 -> -0.010150223
B6: 01.06.23 | C6: KEC BB | D6: 32.27 | E6: 32.425 | F6: =IF(D6-E6<=0,0,D6-E6) -> 0 | G6: =IF(D6-E6>=0,0,D6-E6) -> -0.155 | H6: MH40Y2044 | I6: HT-75X75X5 120X12 100X8 100X7 90X7 | J6: =G6/E6 -> -0.0047802621
B7: 01.06.23 | C7: KEC BB | D7: 31.97 | E7: 32.097 | F7: =IF(D7-E7<=0,0,D7-E7) -> 0 | G7: =IF(D7-E7>=0,0,D7-E7) -> -0.127 | H7: MH40Y4944 | I7: MS-120X120X12 120X9 100X12 | J7: =G7/E7 -> -0.0039567561
B8: 01.06.23 | C8: KEC BB | D8: 24.63 | E8: 24.587 | F8: =IF(D8-E8<=0,0,D8-E8) -> 0.043 | G8: =IF(D8-E8>=0,0,D8-E8) -> 0 | H8: MH31FC2629 | I8: HT-100X100X7/75X75X6 75X75X5 | J8: =F8/E8 -> 0.0017488917
B9: 02.06.23 | C9: KEC BB | D9: 25.2 | E9: 25.27 | F9: =IF(D9-E9<=0,0,D9-E9) -> 0 | G9: =IF(D9-E9>=0,0,D9-E9) -> -0.07 | H9: MH31FC2567 | I9: HT-130X130X10 | J9: =G9/E9 -> -0.0027700831
B10: 03.06.23 | C10: KEC BB | D10: 29.85 | E10: 29.892 | F10: =IF(D10-E10<=0,0,D10-E10) -> 0 | G10: =IF(D10-E10>=0,0,D10-E10) -> -0.042 | H10: MH40Y2044 | I10: HT-120X9, 110X10,7 100X7, 8 , 12 | J10: =G10/E10 -> -0.0014050582
B11: 03.06.23 | C11: KEC BB | D11: 25.15 | E11: 25.151 | F11: =IF(D11-E11<=0,0,D11-E11) -> 0 | G11: =IF(D11-E11>=0,0,D11-E11) -> -0.001 | H11: MH31FC2213 | I11: HT-130X130X9 | J11: =G11/E11 -> -3.9759851e-05
B12: 03.06.23 | C12: KEC BB | D12: 24.87 | E12: 24.833 | F12: =IF(D12-E12<=0,0,D12-E12) -> 0.037 | G12: =IF(D12-E12>=0,0,D12-E12) -> 0 | H12: MH40CM4419 | I12: HT-100X100X8/7 130X9 110X8 | J12: =F12/E12 -> 0.0014899529
B13: 04.06.23 | C13: KEC BB | D13: 25.46 | E13: 25.236 | F13: =IF(D13-E13<=0,0,D13-E13) -> 0.224 | G13: =IF(D13-E13>=0,0,D13-E13) -> 0 | H13: MH40CM3182 | I13: HT-90X7 110X10 75X6 130X10 | J13: =F13/E13 -> 0.0088762086
B14: 04.06.23 | C14: KEC BB | D14: 24.72 | E14: 24.817 | F14: =IF(D14-E14<=0,0,D14-E14) -> 0 | G14: =IF(D14-E14>=0,0,D14-E14) -> -0.097 | H14: MH40CM3181 | I14: HT-100X7/6 | J14: =G14/E14 -> -0.003908611
B15: 04.06.23 | C15: KEC BB | D15: 24.74 | E15: 24.8 | F15: =IF(D15-E15<=0,0,D15-E15) -> 0 | G15: =IF(D15-E15>=0,0,D15-E15) -> -0.06 | H15: MH31FC2564 | I15: HT-90X6, 110X8 100X10 ,6 | J15: =G15/E15 -> -0.0024193548
B16: 04.06.23 | C16: KEC BB | D16: 31.97 | E16: 31.614 | F16: =IF(D16-E16<=0,0,D16-E16) -> 0.356 | G16: =IF(D16-E16>=0,0,D16-E16) -> 0 | H16: MH46AF3590 | I16: HT-120X9, 130X10, 130X9 | J16: =F16/E16 -> 0.011260834
B17: 05.06.23 | C17: KEC BB | D17: 25.17 | E17: 25.196 | F17: =IF(D17-E17<=0,0,D17-E17) -> 0 | G17: =IF(D17-E17>=0,0,D17-E17) -> -0.026 | H17: MH31FC2567 | I17: HT-120X9 | J17: =G17/E17 -> -0.0010319098
B18: 06.06.23 | C18: KEC BB | D18: 25.09 | E18: 25.123 | F18: =IF(D18-E18<=0,0,D18-E18) -> 0 | G18: =IF(D18-E18>=0,0,D18-E18) -> -0.033 | H18: MH31FC2216 | I18: HT-120X9 | J18: =G18/E18 -> -0.0013135374
B19: 06.06.23 | C19: KEC BB | D19: 31.91 | E19: 32.232 | F19: =IF(D19-E19<=0,0,D19-E19) -> 0 | G19: =IF(D19-E19>=0,0,D19-E19) -> -0.322 | H19: MH46AF3590 | I19: HT-100X7, 90X7 | J19: =G19/E19 -> -0.009990072
B20: 06.06.23 | C20: KEC BB | D20: 12.8 | E20: 12.934 | F20: =IF(D20-E20<=0,0,D20-E20) -> 0 | G20: =IF(D20-E20>=0,0,D20-E20) -> -0.134 | H20: MH40Y9844 | I20: HT-120X120X10 | J20: =G20/E20 -> -0.010360291
B21: 06.06.23 | C21: KEC BB | D21: 24.69 | E21: 24.666 | F21: =IF(D21-E21<=0,0,D21-E21) -> 0.024 | G21: =IF(D21-E21>=0,0,D21-E21) -> 0 | H21: MH31FC2629 | I21: HT-120X120X9 | J21: =F21/E21 -> 0.00097299927
B22: 08.06.23 | C22: KEC BB | D22: 25.41 | E22: 25.454 | F22: =IF(D22-E22<=0,0,D22-E22) -> 0 | G22: =IF(D22-E22>=0,0,D22-E22) -> -0.044 | H22: MH40CM3182 | I22: HT-120X9/10, 100X8/7 | J22: =G22/E22 -> -0.0017286085
B23: 08.06.23 | C23: KEC BB | D23: 24.99 | E23: 25.035 | F23: =IF(D23-E23<=0,0,D23-E23) -> 0 | G23: =IF(D23-E23>=0,0,D23-E23) -> -0.045 | H23: MH31FC2215 | I23: HT-120X9,110X8, 130X10, 100X7 | J23: =G23/E23 -> -0.0017974835
B24: 08.06.23 | C24: KEC JBP | D24: 32.51 | E24: 32.387 | F24: =IF(D24-E24<=0,0,D24-E24) -> 0.123 | G24: =IF(D24-E24>=0,0,D24-E24) -> 0 | H24: MH40BG0308 | I24: MS-75X75X8 | J24: =F24/E24 -> 0.0037978201
B25: 08.06.23 | C25: KEC JBP | D25: 32.56 | E25: 32.768 | F25: =IF(D25-E25<=0,0,D25-E25) -> 0 | G25: =IF(D25-E25>=0,0,D25-E25) -> -0.208 | H25: MH49AT1953 | I25: MS-75X75X8 | J25: =G25/E25 -> -0.0063476562
B26: 08.06.23 | C26: KEC JBP | D26: 20.46 | E26: 20.448 | F26: =IF(D26-E26<=0,0,D26-E26) -> 0.012 | G26: =IF(D26-E26>=0,0,D26-E26) -> 0 | H26: MH40N7379 | I26: MS-75X75X8 | J26: =F26/E26 -> 0.00058685446
B27: 09.06.23 | C27: KEC JBP | D27: 32.77 | E27: 32.801 | F27: =IF(D27-E27<=0,0,D27-E27) -> 0 | G27: =IF(D27-E27>=0,0,D27-E27) -> -0.031 | H27: MH49AY0506 | I27: MS-75X75X8 | J27: =G27/E27 -> -0.00094509314
B28: 09.06.23 | C28: KEC JBP | D28: 32.99 | E28: 32.765 | F28: =IF(D28-E28<=0,0,D28-E28) -> 0.225 | G28: =IF(D28-E28>=0,0,D28-E28) -> 0 | H28: MH49AY0503 | I28: MS-75X75X8 | J28: =F28/E28 -> 0.0068670838
B29: 09.06.23 | C29: KEC JBP | D29: 32.71 | E29: 32.627 | F29: =IF(D29-E29<=0,0,D29-E29) -> 0.083 | G29: =IF(D29-E29>=0,0,D29-E29) -> 0 | H29: MH49AT2926 | I29: MS-75X75X8 90X90X6 | J29: =F29/E29 -> 0.0025439054
B30: 09.06.23 | C30: KEC JBP | D30: 32.45 | E30: 32.517 | F30: =IF(D30-E30<=0,0,D30-E30) -> 0 | G30: =IF(D30-E30>=0,0,D30-E30) -> -0.067 | H30: MH40AK6005 | I30: MS-75X75X8 | J30: =G30/E30 -> -0.0020604607
B31: 10.06.23 | C31: KEC JBP | D31: 32.44 | E31: 32.53 | F31: =IF(D31-E31<=0,0,D31-E31) -> 0 | G31: =IF(D31-E31>=0,0,D31-E31) -> -0.09 | H31: MH40AK2189 | I31: MS-90X6 75X8/6/8 | J31: =G31/E31 -> -0.0027666769
B32: 10.06.23 | C32: KEC JBP | D32: 32.83 | E32: 32.975 | F32: =IF(D32-E32<=0,0,D32-E32) -> 0 | G32: =IF(D32-E32>=0,0,D32-E32) -> -0.145 | H32: MH49AT2907 | I32: MS-90X6 75X8/6/8 | J32: =G32/E32 -> -0.0043972707
B33: 11.06.23 | C33: KEC BB | D33: 25.14 | E33: 25.113 | F33: =IF(D33-E33<=0,0,D33-E33) -> 0.027 | G33: =IF(D33-E33>=0,0,D33-E33) -> 0 | H33: MH34M6622 | I33: MS-90X6 | J33: =F33/E33 -> 0.0010751404
B34: 11.06.23 | C34: KEC BB | D34: 32.22 | E34: 32.358 | F34: =IF(D34-E34<=0,0,D34-E34) -> 0 | G34: =IF(D34-E34>=0,0,D34-E34) -> -0.138 | H34: MH40Y4944 | I34: HT-80X80X6/5 MS-120X8 | J34: =G34/E34 -> -0.0042647877
B35: 12.06.23 | C35: KEC BB | D35: 25.04 | E35: 24.8 | F35: =IF(D35-E35<=0,0,D35-E35) -> 0.24 | G35: =IF(D35-E35>=0,0,D35-E35) -> 0 | H35: MH40CM3180 | I35: HT-130X130X10,100X10,120X9 | J35: =F35/E35 -> 0.0096774194
B36: 13.06.23 | C36: KEC BB | D36: 32.89 | E36: 32.91 | F36: =IF(D36-E36<=0,0,D36-E36) -> 0 | G36: =IF(D36-E36>=0,0,D36-E36) -> -0.02 | H36: MH40Y3944 | I36: HT-150X12, 80X6/5, 80X5 | J36: =G36/E36 -> -0.00060771802
B37: 13.06.23 | C37: KEC BB | D37: 32.48 | E37: 32.686 | F37: =IF(D37-E37<=0,0,D37-E37) -> 0 | G37: =IF(D37-E37>=0,0,D37-E37) -> -0.206 | H37: MH40Y4944 | I37: HT-15X12, 15, 16, 18 80X6, 100X7 120X9 | J37: =G37/E37 -> -0.0063023925
B38: 14.06.23 | C38: KEC BB | D38: 24.87 | E38: 25.209 | F38: =IF(D38-E38<=0,0,D38-E38) -> 0 | G38: =IF(D38-E38>=0,0,D38-E38) -> -0.339 | H38: MH31FC2620 | I38: HT-130X130X10 | J38: =G38/E38 -> -0.013447578
B39: 14.06.23 | C39: KEC BB | D39: 24.87 | E39: 24.571 | F39: =IF(D39-E39<=0,0,D39-E39) -> 0.299 | G39: =IF(D39-E39>=0,0,D39-E39) -> 0 | H39: MH31FC2216 | I39: HT-150X10,12,15,16,18 | J39: =F39/E39 -> 0.012168817
B40: 14.06.23 | C40: KEC BB | D40: 24.73 | E40: 24.801 | F40: =IF(D40-E40<=0,0,D40-E40) -> 0 | G40: =IF(D40-E40>=0,0,D40-E40) -> -0.071 | H40: MH31FC2623 | I40: MS-120X9 HT-130X9 | J40: =G40/E40 -> -0.0028627878
B41: 14.06.23 | C41: KEC BB | D41: 25.05 | E41: 24.969 | F41: =IF(D41-E41<=0,0,D41-E41) -> 0.081 | G41: =IF(D41-E41>=0,0,D41-E41) -> 0 | H41: MH40CM3183 | I41: HT-130X9 | J41: =F41/E41 -> 0.0032440226
B42: 14.06.23 | C42: KEC BB | D42: 31.4 | E42: 31.462 | F42: =IF(D42-E42<=0,0,D42-E42) -> 0 | G42: =IF(D42-E42>=0,0,D42-E42) -> -0.062 | H42: MH40Y3944 | I42: MS-120X8 | J42: =G42/E42 -> -0.0019706312
B43: 15.06.23 | C43: KEC BB | D43: 25.16 | E43: 25.205 | F43: =IF(D43-E43<=0,0,D43-E43) -> 0 | G43: =IF(D43-E43>=0,0,D43-E43) -> -0.045 | H43: MH31FC2622 | I43: MS-120X8 | J43: =G43/E43 -> -0.00178536
B44: 15.06.23 | C44: KEC BB | D44: 24.71 | E44: 25.017 | F44: =IF(D44-E44<=0,0,D44-E44) -> 0 | G44: =IF(D44-E44>=0,0,D44-E44) -> -0.307 | H44: MH31FC2338 | I44: HT-120X120X9/150X12 110X9 MS-70X5 | J44: =G44/E44 -> -0.012271655
B45: 16.06.23 | C45: KEC BB | D45: 24.44 | E45: 24.347 | F45: =IF(D45-E45<=0,0,D45-E45) -> 0.093 | G45: =IF(D45-E45>=0,0,D45-E45) -> 0 | H45: MH31FC2620 | I45: MS-120X8-120X8 | J45: =F45/E45 -> 0.0038197725
B46: 16.06.23 | C46: KEC BB | D46: 24.69 | E46: 24.403 | F46: =IF(D46-E46<=0,0,D46-E46) -> 0.287 | G46: =IF(D46-E46>=0,0,D46-E46) -> 0 | H46: MH31FC2567 | I46: HT-120X120X9 150X12 110X9/65X65 | J46: =F46/E46 -> 0.011760849
B47: 16.06.23 | C47: KEC BB | D47: 33.16 | E47: 33.255 | F47: =IF(D47-E47<=0,0,D47-E47) -> 0 | G47: =IF(D47-E47>=0,0,D47-E47) -> -0.095 | H47: MH40Y3944 | I47: HT-150X12, 80X6/5, 80X5 | J47: =G47/E47 -> -0.0028567133
B48: 17.06.23 | C48: KEC BB | D48: 24.89 | E48: 24.912 | F48: =IF(D48-E48<=0,0,D48-E48) -> 0 | G48: =IF(D48-E48>=0,0,D48-E48) -> -0.022 | H48: MH31FC2564 | I48: HT-100X100X10, 120X9 110X10 | J48: =G48/E48 -> -0.00088310854
B49: 19.06.23 | C49: KEC BB | D49: 24.75 | E49: 24.877 | F49: =IF(D49-E49<=0,0,D49-E49) -> 0 | G49: =IF(D49-E49>=0,0,D49-E49) -> -0.127 | H49: MH40CM3183 | I49: HT-150X150X15 | J49: =G49/E49 -> -0.0051051172
B50: 19.06.23 | C50: KEC BB | D50: 24.96 | E50: 24.958 | F50: =IF(D50-E50<=0,0,D50-E50) -> 0.002 | G50: =IF(D50-E50>=0,0,D50-E50) -> 0 | H50: MH31FC2217 | I50: HT-150X150X15 | J50: =F50/E50 -> 8.0134626e-05
B51: 19.06.23 | C51: KEC BB | D51: 24.8 | E51: 24.877 | F51: =IF(D51-E51<=0,0,D51-E51) -> 0 | G51: =IF(D51-E51>=0,0,D51-E51) -> -0.077 | H51: MH40CM4419 | I51: HT-150X150X15 | J51: =G51/E51 -> -0.0030952285
B52: 19.06.23 | C52: KEC BB | D52: 25.23 | E52: 25.279 | F52: =IF(D52-E52<=0,0,D52-E52) -> 0 | G52: =IF(D52-E52>=0,0,D52-E52) -> -0.049 | H52: MH31FC2215 | I52: HT-150X150X15 | J52: =G52/E52 -> -0.0019383678
B53: 19.06.23 | C53: KEC BB | D53: 24.77 | E53: 24.656 | F53: =IF(D53-E53<=0,0,D53-E53) -> 0.114 | G53: =IF(D53-E53>=0,0,D53-E53) -> 0 | H53: MH40CM5134 | I53: HT-120X120X8 | J53: =F53/E53 -> 0.004623621
B54: 20.06.23 | C54: KEC BB | D54: 25.38 | E54: 25.386 | F54: =IF(D54-E54<=0,0,D54-E54) -> 0 | G54: =IF(D54-E54>=0,0,D54-E54) -> -0.006 | H54: MH31FC2621 | I54: HT-150X150X15/12 | J54: =G54/E54 -> -0.00023635074
B55: 20.06.23 | C55: KEC BB | D55: 24.21 | E55: 24.337 | F55: =IF(D55-E55<=0,0,D55-E55) -> 0 | G55: =IF(D55-E55>=0,0,D55-E55) -> -0.127 | H55: MH31FC2213 | I55: HT-120X8/10/9 80X6 | J55: =G55/E55 -> -0.0052183917
B56: 20.06.23 | C56: KEC BB | D56: 32.57 | E56: 32.664 | F56: =IF(D56-E56<=0,0,D56-E56) -> 0 | G56: =IF(D56-E56>=0,0,D56-E56) -> -0.094 | H56: MH40Y3944 | I56: HT-110X8/10/9 120X10 150X16 MS-90X6/7 75X5/6 150X15X20 | J56: =G56/E56 -> -0.0028777859
B57: 22.06.23 | C57: KEC BB | D57: 31.2 | E57: 31.095 | F57: =IF(D57-E57<=0,0,D57-E57) -> 0.105 | G57: =IF(D57-E57>=0,0,D57-E57) -> 0 | H57: MH46AR8099 | I57: HT-150X12 | J57: =F57/E57 -> 0.0033767487
B58: 22.06.23 | C58: KEC BB | D58: 31.71 | E58: 31.833 | F58: =IF(D58-E58<=0,0,D58-E58) -> 0 | G58: =IF(D58-E58>=0,0,D58-E58) -> -0.123 | H58: MH40Y4944 | I58: HT-150X12,100X8, 110X6, | J58: =G58/E58 -> -0.0038639148
B59: 22.06.23 | C59: KEC JBP | D59: 17.27 | E59: 17.305 | F59: =IF(D59-E59<=0,0,D59-E59) -> 0 | G59: =IF(D59-E59>=0,0,D59-E59) -> -0.035 | H59: MH49AT4594 | I59: MS-75X75X8, 90X8, 75X5, 75X6 | J59: =G59/E59 -> -0.0020225368
B60: 23.06.23 | C60: KEC BB | D60: 24.97 | E60: 25.086 | F60: =IF(D60-E60<=0,0,D60-E60) -> 0 | G60: =IF(D60-E60>=0,0,D60-E60) -> -0.116 | H60: MH40CM3183 | I60: HT-150X150X15 | J60: =G60/E60 -> -0.0046240931
B61: 23.06.23 | C61: KEC BB | D61: 24.51 | E61: 24.526 | F61: =IF(D61-E61<=0,0,D61-E61) -> 0 | G61: =IF(D61-E61>=0,0,D61-E61) -> -0.016 | H61: MH40CM3181 | I61: HT-120X120X9, HT-150X12 | J61: =G61/E61 -> -0.00065236891
B62: 23.06.23 | C62: KEC BB | D62: 24.9 | E62: 25.027 | F62: =IF(D62-E62<=0,0,D62-E62) -> 0 | G62: =IF(D62-E62>=0,0,D62-E62) -> -0.127 | H62: MH31FC2622 | I62: HT-150X15 | J62: =G62/E62 -> -0.0050745195
B63: 23.06.23 | C63: KEC BB | D63: 24.78 | E63: 24.937 | F63: =IF(D63-E63<=0,0,D63-E63) -> 0 | G63: =IF(D63-E63>=0,0,D63-E63) -> -0.157 | H63: MH31FC2623 | I63: HT-150X15 | J63: =G63/E63 -> -0.0062958656
B64: 23.06.23 | C64: KEC BB | D64: 33.04 | E64: 32.853 | F64: =IF(D64-E64<=0,0,D64-E64) -> 0.187 | G64: =IF(D64-E64>=0,0,D64-E64) -> 0 | H64: MH40Y3944 | I64: 150X12,90X6 | J64: =F64/E64 -> 0.005692022
B65: 23.06.23 | C65: KEC BB | D65: 24.3 | E65: 24.257 | F65: =IF(D65-E65<=0,0,D65-E65) -> 0.043 | G65: =IF(D65-E65>=0,0,D65-E65) -> 0 | H65: MH31FC2568 | I65: HT-130X10,15 80X6 150X15 | J65: =F65/E65 -> 0.0017726842
B66: 23.06.23 | C66: KEC BB | D66: 25.21 | E66: 25.192 | F66: =IF(D66-E66<=0,0,D66-E66) -> 0.018 | G66: =IF(D66-E66>=0,0,D66-E66) -> 0 | H66: MH31FC2564 | I66: HT-150X12 | J66: =F66/E66 -> 0.00071451254
B67: 23.06.23 | C67: KEC BB | D67: 29.82 | E67: 29.873 | F67: =IF(D67-E67<=0,0,D67-E67) -> 0 | G67: =IF(D67-E67>=0,0,D67-E67) -> -0.053 | H67: MH40Y4944 | I67: HT-75X75X5/6MS-90X6/ 7 | J67: =G67/E67 -> -0.0017741774
B68: 24.06.23 | C68: KEC BB | D68: 24.91 | E68: 24.91 | F68: =IF(D68-E68<=0,0,D68-E68) -> 0 | G68: =IF(D68-E68>=0,0,D68-E68) -> 0 | H68: MH40CM3184 | I68: HT-150X15 | J68: =G68/E68 -> 0
B69: 24.06.23 | C69: KEC BB | D69: 24.94 | E69: 24.914 | F69: =IF(D69-E69<=0,0,D69-E69) -> 0.026 | G69: =IF(D69-E69>=0,0,D69-E69) -> 0 | H69: MH40CM3182 | I69: HT-150X12 | J69: =F69/E69 -> 0.0010435899
B70: 24.06.23 | C70: KEC BB | D70: 32.09 | E70: 32.067 | F70: =IF(D70-E70<=0,0,D70-E70) -> 0.023 | G70: =IF(D70-E70>=0,0,D70-E70) -> 0 | H70: MH40Y4044 | I70: HT-90X6 | J70: =F70/E70 -> 0.00071724826
B71: 24.06.23 | C71: KEC BB | D71: 25.15 | E71: 25.012 | F71: =IF(D71-E71<=0,0,D71-E71) -> 0.138 | G71: =IF(D71-E71>=0,0,D71-E71) -> 0 | H71: MH31FC2620 | I71: MS-120X8 HT-150X12, MS-120X8 | J71: =F71/E71 -> 0.0055173517
B72: 24.06.23 | C72: KEC BB | D72: 24.81 | E72: 24.901 | F72: =IF(D72-E72<=0,0,D72-E72) -> 0 | G72: =IF(D72-E72>=0,0,D72-E72) -> -0.091 | H72: MH31FC2567 | I72: MS-130X9 | J72: =G72/E72 -> -0.0036544717
B73: 24.06.23 | C73: KEC BB | D73: 24.32 | E73: 24.147 | F73: =IF(D73-E73<=0,0,D73-E73) -> 0.173 | G73: =IF(D73-E73>=0,0,D73-E73) -> 0 | H73: MH40CM3180 | I73: HT-150X15 | J73: =F73/E73 -> 0.0071644511
B74: 24.06.23 | C74: KEC BB | D74: 32.02 | E74: 32.43 | F74: =IF(D74-E74<=0,0,D74-E74) -> 0 | G74: =IF(D74-E74>=0,0,D74-E74) -> -0.41 | H74: MH40Y4944 | I74: HT-70X5/6 HT-90X6 | J74: =G74/E74 -> -0.012642615
B75: 25.06.23 | C75: KEC BB | D75: 28.89 | E75: 29.121 | F75: =IF(D75-E75<=0,0,D75-E75) -> 0 | G75: =IF(D75-E75>=0,0,D75-E75) -> -0.231 | H75: MH40Y4044 | I75: HT-150X20 75X5 150X15 150X12 | J75: =G75/E75 -> -0.0079324199
B76: 25.06.23 | C76: KEC BB | D76: 24.97 | E76: 25.033 | F76: =IF(D76-E76<=0,0,D76-E76) -> 0 | G76: =IF(D76-E76>=0,0,D76-E76) -> -0.063 | H76: MH31FC2215 | I76: HT-150X12 MS-130X9 HT-110X10 | J76: =G76/E76 -> -0.002516678
B77: 25.06.23 | C77: KEC BB | D77: 32.78 | E77: 32.619 | F77: =IF(D77-E77<=0,0,D77-E77) -> 0.161 | G77: =IF(D77-E77>=0,0,D77-E77) -> 0 | H77: MH40Y3944 | I77: HT-110X9 110X8 80X6 130X9 150X10 | J77: =F77/E77 -> 0.0049357736
B78: 25.06.23 | C78: KEC BB | D78: 24.25 | E78: 24.182 | F78: =IF(D78-E78<=0,0,D78-E78) -> 0.068 | G78: =IF(D78-E78>=0,0,D78-E78) -> 0 | H78: MH31FC2568 | I78: HT-80X6, MS-130X9 150X10 | J78: =F78/E78 -> 0.0028120089
B79: 26.06.23 | C79: KEC BB | D79: 32.74 | E79: 32.55 | F79: =IF(D79-E79<=0,0,D79-E79) -> 0.19 | G79: =IF(D79-E79>=0,0,D79-E79) -> 0 | H79: MH40Y3944 | I79: HT-110X8 110X7 | J79: =F79/E79 -> 0.0058371736
B80: 26.06.23 | C80: KEC BB | D80: 31.94 | E80: 31.928 | F80: =IF(D80-E80<=0,0,D80-E80) -> 0.012 | G80: =IF(D80-E80>=0,0,D80-E80) -> 0 | H80: MH46AF3590 | I80: HT/MS-75X56 110X8 70X5 | J80: =F80/E80 -> 0.00037584565
B81: 26.06.23 | C81: KEC BB | D81: 25.43 | E81: 25.386 | F81: =IF(D81-E81<=0,0,D81-E81) -> 0.044 | G81: =IF(D81-E81>=0,0,D81-E81) -> 0 | H81: MH31FC2217 | I81: HT-150X15, 120X9 | J81: =F81/E81 -> 0.0017332388
B82: 27.06.23 | C82: KEC BB | D82: 32.02 | E82: 31.896 | F82: =IF(D82-E82<=0,0,D82-E82) -> 0.124 | G82: =IF(D82-E82>=0,0,D82-E82) -> 0 | H82: MH46AF3590 | I82: HT-110X9 | J82: =F82/E82 -> 0.0038876348
B83: 27.06.23 | C83: KEC BB | D83: 25.38 | E83: 25.334 | F83: =IF(D83-E83<=0,0,D83-E83) -> 0.046 | G83: =IF(D83-E83>=0,0,D83-E83) -> 0 | H83: MH40CM3184 | I83: HT150X15, 10 MS-130X9 , 120X9 HT-130X10 | J83: =F83/E83 -> 0.0018157417
B84: 27.06.23 | C84: KEC BB | D84: 32.08 | E84: 31.902 | F84: =IF(D84-E84<=0,0,D84-E84) -> 0.178 | G84: =IF(D84-E84>=0,0,D84-E84) -> 0 | H84: MH40Y9844 | I84: HT-110X9, 110X7 110X8 150X15 | J84: =F84/E84 -> 0.0055795875
B85: 28.06.23 | C85: KEC BB | D85: 31.98 | E85: 32.035 | F85: =IF(D85-E85<=0,0,D85-E85) -> 0 | G85: =IF(D85-E85>=0,0,D85-E85) -> -0.055 | H85: MH46AF3590 | I85: HT-90X90X6, 7 | J85: =G85/E85 -> -0.0017168722
B86: 28.06.23 | C86: KEC BB | D86: 25.07 | E86: 24.947 | F86: =IF(D86-E86<=0,0,D86-E86) -> 0.123 | G86: =IF(D86-E86>=0,0,D86-E86) -> 0 | H86: MH31FC2621 | I86: HT-110X110X8, 10 | J86: =F86/E86 -> 0.0049304526
B87: 28.06.23 | C87: KEC BB | D87: 25.13 | E87: 25.068 | F87: =IF(D87-E87<=0,0,D87-E87) -> 0.062 | G87: =IF(D87-E87>=0,0,D87-E87) -> 0 | H87: MH31FC2023 | I87: HT-110X8 150X10 130X9 150X15 130X9 | J87: =F87/E87 -> 0.0024732727
B88: 28.06.23 | C88: KEC BB | D88: 32.26 | E88: 32.308 | F88: =IF(D88-E88<=0,0,D88-E88) -> 0 | G88: =IF(D88-E88>=0,0,D88-E88) -> -0.048 | H88: MH40Y9844 | I88: HT-100X8 | J88: =G88/E88 -> -0.0014857001
B89: 29.06.23 | C89: KEC BB | D89: 32.22 | E89: 32.295 | F89: =IF(D89-E89<=0,0,D89-E89) -> 0 | G89: =IF(D89-E89>=0,0,D89-E89) -> -0.075 | H89: MH46AF3590 | J89: =G89/E89 -> -0.0023223409
B90: 29.06.23 | C90: KEC BB | D90: 32.74 | E90: =32.448+0.006 -> 32.454 | F90: =IF(D90-E90<=0,0,D90-E90) -> 0.286 | G90: =IF(D90-E90>=0,0,D90-E90) -> 0 | H90: MH40Y3944 | J90: =F90/E90 -> 0.008812473
B91: 29.06.23 | C91: KEC BB | D91: 32.03 | E91: 31.9 | F91: =IF(D91-E91<=0,0,D91-E91) -> 0.13 | G91: =IF(D91-E91>=0,0,D91-E91) -> 0 | H91: MH40AK5044 | J91: =F91/E91 -> 0.0040752351
B92: 30.06.23 | C92: KEC BB | D92: 32 | E92: 32.095 | F92: =IF(D92-E92<=0,0,D92-E92) -> 0 | G92: =IF(D92-E92>=0,0,D92-E92) -> -0.095 | H92: MH46AF3590 | J92: =G92/E92 -> -0.0029599626
B93: 30.06.23 | C93: KEC BB | D93: 31.09 | E93: 31.116 | F93: =IF(D93-E93<=0,0,D93-E93) -> 0 | G93: =IF(D93-E93>=0,0,D93-E93) -> -0.026 | H93: MH40Y3944 | J93: =G93/E93 -> -0.00083558298
B94: 30.06.23 | C94: KEC BB | D94: 24.69 | E94: 24.634 | F94: =IF(D94-E94<=0,0,D94-E94) -> 0.056 | G94: =IF(D94-E94>=0,0,D94-E94) -> 0 | H94: MH40CM3183 | J94: =F94/E94 -> 0.0022732808
B95: 30.06.23 | C95: KEC BB | D95: 24.91 | E95: 24.965 | F95: =IF(D95-E95<=0,0,D95-E95) -> 0 | G95: =IF(D95-E95>=0,0,D95-E95) -> -0.055 | H95: MH31FC2215 | J95: =G95/E95 -> -0.0022030843
B96: 30.06.23 | C96: KEC BB | D96: 32.02 | E96: 31.767 | F96: =IF(D96-E96<=0,0,D96-E96) -> 0.253 | G96: =IF(D96-E96>=0,0,D96-E96) -> 0 | H96: MH46AR8099 | J96: =F96/E96 -> 0.0079642396
D97: =SUM(D5:D96) -> 2545.97 | E97: =SUM(E5:E96) -> 2546.762 | F97: =SUM(F5:F96) -> 4.716 | G97: =SUM(G5:G96) -> -5.508 | H97: =SUM(F97:G97) -> -0.792 | J97: =H97/E97 -> -0.00031098312

Sheet JULY -23 
B2: SEC.& KATA WT,DIFFERENCE ANGLE JULY 2023 (vil bub)
B4: DISP.DATE | C4: PARTY | D4: KATA WT | E4: SEC.WT | F4: (+) WT | G4: (-)WT | H4: VEHICLE.NO. | I4: SECTION | J4: Net (+/-) %
B5: 01.07.23 | C5: KEC BB | D5: 31.83 | E5: 31.916 | F5: =IF(D5-E5<=0,0,D5-E5) -> 0 | G5: =IF(D5-E5>=0,0,D5-E5) -> -0.086 | H5: MH40Y3944 | J5: =G5/E5 -> -0.0026945733
B6: 01.07.23 | C6: KEC BB | D6: 24 | E6: 24.731 | F6: =IF(D6-E6<=0,0,D6-E6) -> 0 | G6: =IF(D6-E6>=0,0,D6-E6) -> -0.731 | H6: MH40CM3180 | J6: =G6/E6 -> -0.029558045
B7: 01.07.23 | C7: KEC BB | D7: 32.48 | E7: 32.208 | F7: =IF(D7-E7<=0,0,D7-E7) -> 0.272 | G7: =IF(D7-E7>=0,0,D7-E7) -> 0 | H7: MH40Y4044 | J7: =F7/E7 -> 0.0084451068
B8: 01.07.23 | C8: KEC BB | D8: 32.76 | E8: 32.788 | F8: =IF(D8-E8<=0,0,D8-E8) -> 0 | G8: =IF(D8-E8>=0,0,D8-E8) -> -0.028 | H8: MH04FD6732 | J8: =G8/E8 -> -0.00085397096
B9: 02.07.23 | C9: KEC BB | D9: 25.37 | E9: 25.25 | F9: =IF(D9-E9<=0,0,D9-E9) -> 0.12 | G9: =IF(D9-E9>=0,0,D9-E9) -> 0 | H9: MH40CM3182 | J9: =F9/E9 -> 0.0047524752
B10: 02.07.23 | C10: KEC BB | D10: 31.96 | E10: 31.939 | F10: =IF(D10-E10<=0,0,D10-E10) -> 0.021 | G10: =IF(D10-E10>=0,0,D10-E10) -> 0 | H10: MH40Y3944 | J10: =F10/E10 -> 0.00065750337
B11: 02.07.23 | C11: KEC BB | D11: 32.15 | E11: 32.595 | F11: =IF(D11-E11<=0,0,D11-E11) -> 0 | G11: =IF(D11-E11>=0,0,D11-E11) -> -0.445 | H11: MH40AK4183 | J11: =G11/E11 -> -0.013652401
B12: 02.07.23 | C12: KEC BB | D12: 31.6 | E12: 31.669 | F12: =IF(D12-E12<=0,0,D12-E12) -> 0 | G12: =IF(D12-E12>=0,0,D12-E12) -> -0.069 | H12: MH40Y4044 | J12: =G12/E12 -> -0.0021787868
B13: 02.07.23 | C13: KEC BB | D13: 32.57 | E13: 32.544 | F13: =IF(D13-E13<=0,0,D13-E13) -> 0.026 | G13: =IF(D13-E13>=0,0,D13-E13) -> 0 | H13: MH40AK6075 | J13: =F13/E13 -> 0.00079891839
B14: 03.07.23 | C14: KEC BB | D14: 24.92 | E14: 24.947 | F14: =IF(D14-E14<=0,0,D14-E14) -> 0 | G14: =IF(D14-E14>=0,0,D14-E14) -> -0.027 | H14: MH40CM3181 | J14: =G14/E14 -> -0.0010822945
B15: 03.07.23 | C15: KEC BB | D15: 32.11 | E15: 32.56 | F15: =IF(D15-E15<=0,0,D15-E15) -> 0 | G15: =IF(D15-E15>=0,0,D15-E15) -> -0.45 | H15: MH49AT0403 | J15: =G15/E15 -> -0.013820639
B16: 03.07.23 | C16: KEC BB | D16: 25.12 | E16: 25.01 | F16: =IF(D16-E16<=0,0,D16-E16) -> 0.11 | G16: =IF(D16-E16>=0,0,D16-E16) -> 0 | H16: MH31FC2623 | J16: =F16/E16 -> 0.0043982407
B17: 03.07.23 | C17: KEC BB | D17: 31.87 | E17: 32.33 | F17: =IF(D17-E17<=0,0,D17-E17) -> 0 | G17: =IF(D17-E17>=0,0,D17-E17) -> -0.46 | H17: MH40Y3944 | J17: =G17/E17 -> -0.014228271
B18: 03.07.23 | C18: KEC BB | D18: 32.57 | E18: 32.538 | F18: =IF(D18-E18<=0,0,D18-E18) -> 0.032 | G18: =IF(D18-E18>=0,0,D18-E18) -> 0 | H18: MH46AF3590 | J18: =F18/E18 -> 0.00098346549
B19: 04.07.23 | C19: KEC BB | D19: 31.33 | E19: 31.394 | F19: =IF(D19-E19<=0,0,D19-E19) -> 0 | G19: =IF(D19-E19>=0,0,D19-E19) -> -0.064 | H19: MH46AF3590 | J19: =G19/E19 -> -0.0020386061
B20: 04.07.23 | C20: KEC BB | D20: 25.45 | E20: 25.351 | F20: =IF(D20-E20<=0,0,D20-E20) -> 0.099 | G20: =IF(D20-E20>=0,0,D20-E20) -> 0 | H20: MH46H6074 | J20: =F20/E20 -> 0.0039051714
B21: 04.07.23 | C21: KEC BB | D21: 24.54 | E21: 24.836 | F21: =IF(D21-E21<=0,0,D21-E21) -> 0 | G21: =IF(D21-E21>=0,0,D21-E21) -> -0.296 | H21: MH46H6281 | J21: =G21/E21 -> -0.011918183
B22: 05.07.23 | C22: KEC BB | D22: 31.99 | E22: 32.101 | F22: =IF(D22-E22<=0,0,D22-E22) -> 0 | G22: =IF(D22-E22>=0,0,D22-E22) -> -0.111 | H22: MH40AK1958 | J22: =G22/E22 -> -0.0034578362
B23: 06.07.23 | C23: KEC BB | D23: 25.04 | E23: 25.092 | F23: =IF(D23-E23<=0,0,D23-E23) -> 0 | G23: =IF(D23-E23>=0,0,D23-E23) -> -0.052 | H23: MH31FC2216 | J23: =G23/E23 -> -0.0020723737
B24: 06.07.23 | C24: KEC BB | D24: 24.97 | E24: 25.073 | F24: =IF(D24-E24<=0,0,D24-E24) -> 0 | G24: =IF(D24-E24>=0,0,D24-E24) -> -0.103 | H24: MH40CM3180 | J24: =G24/E24 -> -0.0041080046
B25: 06.07.23 | C25: KEC BB | D25: 30.79 | E25: 31.078 | F25: =IF(D25-E25<=0,0,D25-E25) -> 0 | G25: =IF(D25-E25>=0,0,D25-E25) -> -0.288 | H25: MH46AF3590 | J25: =G25/E25 -> -0.0092670056
B26: 06.07.23 | C26: KEC BB | D26: 24.33 | E26: 24.741 | F26: =IF(D26-E26<=0,0,D26-E26) -> 0 | G26: =IF(D26-E26>=0,0,D26-E26) -> -0.411 | H26: MH31FC2392 | J26: =G26/E26 -> -0.016612101
B27: 06.07.23 | C27: KEC BB | D27: 19.45 | E27: 19.672 | F27: =IF(D27-E27<=0,0,D27-E27) -> 0 | G27: =IF(D27-E27>=0,0,D27-E27) -> -0.222 | H27: MH49AT1947 | J27: =G27/E27 -> -0.011285075
B28: 07.07.23 | C28: KEC BB | D28: 24.58 | E28: 24.716 | F28: =IF(D28-E28<=0,0,D28-E28) -> 0 | G28: =IF(D28-E28>=0,0,D28-E28) -> -0.136 | H28: MH31FC2216 | J28: =G28/E28 -> -0.0055025085
B29: 07.07.23 | C29: KEC BB | D29: 24.3 | E29: 24.567 | F29: =IF(D29-E29<=0,0,D29-E29) -> 0 | G29: =IF(D29-E29>=0,0,D29-E29) -> -0.267 | H29: MH40CM3180 | J29: =G29/E29 -> -0.010868238
B30: 07.07.23 | C30: KEC BB | D30: 32 | E30: 32.101 | F30: =IF(D30-E30<=0,0,D30-E30) -> 0 | G30: =IF(D30-E30>=0,0,D30-E30) -> -0.101 | H30: MH46AF3590 | J30: =G30/E30 -> -0.0031463194
B31: 08.07.23 | C31: KEC BB | D31: 32.49 | E31: 32.827 | F31: =IF(D31-E31<=0,0,D31-E31) -> 0 | G31: =IF(D31-E31>=0,0,D31-E31) -> -0.337 | H31: MH46AF3590 | J31: =G31/E31 -> -0.01026594
B32: 08.07.23 | C32: KEC BB | D32: 24.75 | E32: 24.751 | F32: =IF(D32-E32<=0,0,D32-E32) -> 0 | G32: =IF(D32-E32>=0,0,D32-E32) -> -0.001 | H32: MH40CM3184 | J32: =G32/E32 -> -4.0402408e-05
B33: 09.07.23 | C33: KEC BB | D33: 30.41 | E33: 30.725 | F33: =IF(D33-E33<=0,0,D33-E33) -> 0 | G33: =IF(D33-E33>=0,0,D33-E33) -> -0.315 | H33: MH46AF3590 | J33: =G33/E33 -> -0.010252238
B34: 09.07.23 | C34: KEC BB | D34: 17.03 | E34: 16.923 | F34: =IF(D34-E34<=0,0,D34-E34) -> 0.107 | G34: =IF(D34-E34>=0,0,D34-E34) -> 0 | H34: CG07JD0717 | J34: =F34/E34 -> 0.006322756
B35: 10.07.23 | C35: KEC BB | D35: 24.71 | E35: 24.921 | F35: =IF(D35-E35<=0,0,D35-E35) -> 0 | G35: =IF(D35-E35>=0,0,D35-E35) -> -0.211 | H35: MH31FC2337 | J35: =G35/E35 -> -0.0084667549
B36: 10.07.23 | C36: KEC BB | D36: 31.41 | E36: 31.44 | F36: =IF(D36-E36<=0,0,D36-E36) -> 0 | G36: =IF(D36-E36>=0,0,D36-E36) -> -0.03 | H36: MH46AF3590 | J36: =G36/E36 -> -0.00095419847
B37: 10.07.23 | C37: KEC BB | D37: 24.55 | E37: 24.752 | F37: =IF(D37-E37<=0,0,D37-E37) -> 0 | G37: =IF(D37-E37>=0,0,D37-E37) -> -0.202 | H37: MH31FC2623 | J37: =G37/E37 -> -0.0081609567
B38: 10.07.23 | C38: KEC BB | D38: 33.14 | E38: 32.822 | F38: =IF(D38-E38<=0,0,D38-E38) -> 0.318 | G38: =IF(D38-E38>=0,0,D38-E38) -> 0 | H38: MH40Y2044 | J38: =F38/E38 -> 0.0096886235
B39: 10.07.23 | C39: KEC BB | D39: 11.24 | E39: 11.253 | F39: =IF(D39-E39<=0,0,D39-E39) -> 0 | G39: =IF(D39-E39>=0,0,D39-E39) -> -0.013 | H39: MH40N7379 | J39: =G39/E39 -> -0.0011552475
B40: 11.07.23 | C40: KEC BB | D40: 24.71 | E40: 24.707 | F40: =IF(D40-E40<=0,0,D40-E40) -> 0.003 | G40: =IF(D40-E40>=0,0,D40-E40) -> 0 | H40: MH40CM3183 | J40: =F40/E40 -> 0.00012142308
B41: 11.07.23 | C41: KEC BB | D41: 31.04 | E41: 31.425 | F41: =IF(D41-E41<=0,0,D41-E41) -> 0 | G41: =IF(D41-E41>=0,0,D41-E41) -> -0.385 | H41: MH40Y2044 | J41: =G41/E41 -> -0.012251392
B42: 11.07.23 | C42: KEC BB | D42: 30.63 | E42: 30.971 | F42: =IF(D42-E42<=0,0,D42-E42) -> 0 | G42: =IF(D42-E42>=0,0,D42-E42) -> -0.341 | H42: MH40Y1047 | J42: =G42/E42 -> -0.0110103
B43: 11.07.23 | C43: KEC BB | D43: 33.84 | E43: 34.221 | F43: =IF(D43-E43<=0,0,D43-E43) -> 0 | G43: =IF(D43-E43>=0,0,D43-E43) -> -0.381 | H43: MH46AF3590 | J43: =G43/E43 -> -0.011133515
B44: 12.07.23 | C44: KEC BB | D44: 31.93 | E44: 31.806 | F44: =IF(D44-E44<=0,0,D44-E44) -> 0.124 | G44: =IF(D44-E44>=0,0,D44-E44) -> 0 | H44: MH46AF3590 | J44: =F44/E44 -> 0.0038986355
B45: 12.07.23 | C45: KEC BB | D45: 32.04 | E45: 32.32 | F45: =IF(D45-E45<=0,0,D45-E45) -> 0 | G45: =IF(D45-E45>=0,0,D45-E45) -> -0.28 | H45: MH40Y4944 | J45: =G45/E45 -> -0.0086633663
B46: 13.07.23 | C46: KEC BB | D46: 24.4 | E46: 24.26 | F46: =IF(D46-E46<=0,0,D46-E46) -> 0.14 | G46: =IF(D46-E46>=0,0,D46-E46) -> 0 | H46: MH31FC2213 | J46: =F46/E46 -> 0.0057708162
B47: 13.07.23 | C47: KEC BB | D47: 31.56 | E47: 31.561 | F47: =IF(D47-E47<=0,0,D47-E47) -> 0 | G47: =IF(D47-E47>=0,0,D47-E47) -> -0.001 | H47: MH40Y2044 | J47: =G47/E47 -> -3.1684674e-05
B48: 13.07.23 | C48: KEC BB | D48: 31.18 | E48: 31.199 | F48: =IF(D48-E48<=0,0,D48-E48) -> 0 | G48: =IF(D48-E48>=0,0,D48-E48) -> -0.019 | H48: MH46AF3590 | J48: =G48/E48 -> -0.00060899388
B49: 13.07.23 | C49: KEC BB | D49: 32.18 | E49: 32.26 | F49: =IF(D49-E49<=0,0,D49-E49) -> 0 | G49: =IF(D49-E49>=0,0,D49-E49) -> -0.08 | H49: MH40AK2189 | J49: =G49/E49 -> -0.0024798512
B50: 14.07.23 | C50: KEC BB | D50: 31.55 | E50: 31.633 | F50: =IF(D50-E50<=0,0,D50-E50) -> 0 | G50: =IF(D50-E50>=0,0,D50-E50) -> -0.083 | H50: MH40Y2044 | J50: =G50/E50 -> -0.0026238422
B51: 14.07.23 | C51: KEC BB | D51: 31.51 | E51: 31.919 | F51: =IF(D51-E51<=0,0,D51-E51) -> 0 | G51: =IF(D51-E51>=0,0,D51-E51) -> -0.409 | H51: MH40Y3944 | J51: =G51/E51 -> -0.012813685
B52: 15.07.23 | C52: KEC BB | D52: 24.99 | E52: 24.865 | F52: =IF(D52-E52<=0,0,D52-E52) -> 0.125 | G52: =IF(D52-E52>=0,0,D52-E52) -> 0 | H52: MH31FC2215 | J52: =F52/E52 -> 0.0050271466
B53: 15.07.23 | C53: KEC BB | D53: 31.77 | E53: 31.728 | F53: =IF(D53-E53<=0,0,D53-E53) -> 0.042 | G53: =IF(D53-E53>=0,0,D53-E53) -> 0 | H53: MH46AF3590 | J53: =F53/E53 -> 0.0013237519
B54: 15.07.23 | C54: KEC BB | D54: 13.94 | E54: 13.836 | F54: =IF(D54-E54<=0,0,D54-E54) -> 0.104 | G54: =IF(D54-E54>=0,0,D54-E54) -> 0 | H54: MH40N7423 | J54: =F54/E54 -> 0.0075166233
B55: 15.07.23 | C55: KEC BB | D55: 31.56 | E55: 31.515 | F55: =IF(D55-E55<=0,0,D55-E55) -> 0.045 | G55: =IF(D55-E55>=0,0,D55-E55) -> 0 | H55: MH40Y3944 | J55: =F55/E55 -> 0.0014278915
B56: 16.07.23 | C56: KEC BB | D56: 24.65 | E56: 24.604 | F56: =IF(D56-E56<=0,0,D56-E56) -> 0.046 | G56: =IF(D56-E56>=0,0,D56-E56) -> 0 | H56: MH31FC2337 | J56: =F56/E56 -> 0.0018696147
B57: 16.07.23 | C57: KEC BB | D57: 32.39 | E57: 32.028 | F57: =IF(D57-E57<=0,0,D57-E57) -> 0.362 | G57: =IF(D57-E57>=0,0,D57-E57) -> 0 | H57: MH40AK9944 | J57: =F57/E57 -> 0.01130261
B58: 16.07.23 | C58: KEC BB | D58: 31.94 | E58: 31.923 | F58: =IF(D58-E58<=0,0,D58-E58) -> 0.017 | G58: =IF(D58-E58>=0,0,D58-E58) -> 0 | H58: MH40Y4944 | J58: =F58/E58 -> 0.0005325314
B59: 17.07.23 | C59: KEC BB | D59: 32.48 | E59: 32.384 | F59: =IF(D59-E59<=0,0,D59-E59) -> 0.096 | G59: =IF(D59-E59>=0,0,D59-E59) -> 0 | H59: MH40Y2044 | J59: =F59/E59 -> 0.0029644269
B60: 17.07.23 | C60: KEC BB | D60: 31.5 | E60: 31.605 | F60: =IF(D60-E60<=0,0,D60-E60) -> 0 | G60: =IF(D60-E60>=0,0,D60-E60) -> -0.105 | H60: MH46AF3590 | J60: =G60/E60 -> -0.0033222591
B61: 18.07.23 | C61: KEC BB | D61: 20.79 | E61: 20.565 | F61: =IF(D61-E61<=0,0,D61-E61) -> 0.225 | G61: =IF(D61-E61>=0,0,D61-E61) -> 0 | H61: MH40Y4944 | J61: =F61/E61 -> 0.010940919
B62: 18.07.23 | C62: KEC BB | D62: 32.37 | E62: 32.148 | F62: =IF(D62-E62<=0,0,D62-E62) -> 0.222 | G62: =IF(D62-E62>=0,0,D62-E62) -> 0 | H62: MH40Y2044 | J62: =F62/E62 -> 0.0069055618
B63: 20.07.23 | C63: KEC BB | D63: 32.53 | E63: 32.444 | F63: =IF(D63-E63<=0,0,D63-E63) -> 0.086 | G63: =IF(D63-E63>=0,0,D63-E63) -> 0 | H63: MH40Y5644 | J63: =F63/E63 -> 0.0026507212
B64: 21.07.23 | C64: KEC BB | D64: 25.35 | E64: 25.153 | F64: =IF(D64-E64<=0,0,D64-E64) -> 0.197 | G64: =IF(D64-E64>=0,0,D64-E64) -> 0 | H64: MH31FC2568 | J64: =F64/E64 -> 0.0078320677
B65: 21.07.23 | C65: KEC BB | D65: 31.35 | E65: 31.342 | F65: =IF(D65-E65<=0,0,D65-E65) -> 0.008 | G65: =IF(D65-E65>=0,0,D65-E65) -> 0 | H65: MH40BG0309 | J65: =F65/E65 -> 0.00025524855
B66: 21.07.23 | C66: KEC BB | D66: 32.92 | E66: 32.839 | F66: =IF(D66-E66<=0,0,D66-E66) -> 0.081 | G66: =IF(D66-E66>=0,0,D66-E66) -> 0 | H66: MH40Y4944 | J66: =F66/E66 -> 0.0024665794
B67: 21.07.23 | C67: KEC BB | D67: 31.29 | E67: 31.308 | F67: =IF(D67-E67<=0,0,D67-E67) -> 0 | G67: =IF(D67-E67>=0,0,D67-E67) -> -0.018 | H67: MH40Y3144 | J67: =G67/E67 -> -0.00057493292
B68: 22.07.23 | C68: KEC BB | D68: 24.65 | E68: 24.631 | F68: =IF(D68-E68<=0,0,D68-E68) -> 0.019 | G68: =IF(D68-E68>=0,0,D68-E68) -> 0 | H68: MH31FC2338 | J68: =F68/E68 -> 0.00077138565
B69: 22.07.23 | C69: KEC BB | D69: 32.05 | E69: 31.8 | F69: =IF(D69-E69<=0,0,D69-E69) -> 0.25 | G69: =IF(D69-E69>=0,0,D69-E69) -> 0 | H69: MH40Y4944 | J69: =F69/E69 -> 0.0078616352
B70: 22.07.23 | C70: KEC BB | D70: 32.71 | E70: 32.712 | F70: =IF(D70-E70<=0,0,D70-E70) -> 0 | G70: =IF(D70-E70>=0,0,D70-E70) -> -0.002 | H70: MH49AT1947 | J70: =G70/E70 -> -6.1139643e-05
B71: 23.07.23 | C71: KEC BB | D71: 33.25 | E71: 32.86 | F71: =IF(D71-E71<=0,0,D71-E71) -> 0.39 | G71: =IF(D71-E71>=0,0,D71-E71) -> 0 | H71: MH40Y3944 | J71: =F71/E71 -> 0.011868533
B72: 23.07.23 | C72: KEC BB | D72: 33.14 | E72: 33.094 | F72: =IF(D72-E72<=0,0,D72-E72) -> 0.046 | G72: =IF(D72-E72>=0,0,D72-E72) -> 0 | H72: MH40Y3144 | J72: =F72/E72 -> 0.0013899801
B73: 24.07.23 | C73: KEC BB | D73: 32.83 | E73: 32.429 | F73: =IF(D73-E73<=0,0,D73-E73) -> 0.401 | G73: =IF(D73-E73>=0,0,D73-E73) -> 0 | H73: MH40Y0987 | J73: =F73/E73 -> 0.012365475
B74: 24.07.23 | C74: KEC BB | D74: 32.46 | E74: 32.265 | F74: =IF(D74-E74<=0,0,D74-E74) -> 0.195 | G74: =IF(D74-E74>=0,0,D74-E74) -> 0 | H74: MH40Y3944 | J74: =F74/E74 -> 0.0060437006
B75: 24.07.23 | C75: KEC BB | D75: 32.37 | E75: 32.249 | F75: =IF(D75-E75<=0,0,D75-E75) -> 0.121 | G75: =IF(D75-E75>=0,0,D75-E75) -> 0 | H75: MH40Y3144 | J75: =F75/E75 -> 0.0037520543
B76: 25.07.23 | C76: KEC BB | D76: 24.8 | E76: 24.762 | F76: =IF(D76-E76<=0,0,D76-E76) -> 0.038 | G76: =IF(D76-E76>=0,0,D76-E76) -> 0 | H76: MH40CM3180 | J76: =F76/E76 -> 0.0015346095
B77: 25.07.23 | C77: KEC BB | D77: 24.05 | E77: 24.152 | F77: =IF(D77-E77<=0,0,D77-E77) -> 0 | G77: =IF(D77-E77>=0,0,D77-E77) -> -0.102 | H77: MH40CM3184 | J77: =G77/E77 -> -0.0042232527
B78: 25.07.23 | C78: KEC BB | D78: 25.02 | E78: 24.979 | F78: =IF(D78-E78<=0,0,D78-E78) -> 0.041 | G78: =IF(D78-E78>=0,0,D78-E78) -> 0 | H78: MH31FC2564 | J78: =F78/E78 -> 0.0016413788
B79: 25.07.23 | C79: KEC BB | D79: 32.34 | E79: 32.014 | F79: =IF(D79-E79<=0,0,D79-E79) -> 0.326 | G79: =IF(D79-E79>=0,0,D79-E79) -> 0 | H79: MH40BG0544 | J79: =F79/E79 -> 0.010183045
B80: 25.07.23 | C80: KEC BB | D80: 31.42 | E80: 31.781 | F80: =IF(D80-E80<=0,0,D80-E80) -> 0 | G80: =IF(D80-E80>=0,0,D80-E80) -> -0.361 | H80: MH40Y3144 | J80: =G80/E80 -> -0.011358988
B81: 25.07.23 | C81: KEC BB | D81: 32.25 | E81: 31.925 | F81: =IF(D81-E81<=0,0,D81-E81) -> 0.325 | G81: =IF(D81-E81>=0,0,D81-E81) -> 0 | H81: MH40AK1960 | J81: =F81/E81 -> 0.01018011
B82: 26.07.23 | C82: KEC BB | D82: 32.55 | E82: 32.353 | F82: =IF(D82-E82<=0,0,D82-E82) -> 0.197 | G82: =IF(D82-E82>=0,0,D82-E82) -> 0 | H82: MH40Y2044 | J82: =F82/E82 -> 0.0060890798
B83: 27.07.23 | C83: KEC BB | D83: 31.35 | E83: 31.461 | F83: =IF(D83-E83<=0,0,D83-E83) -> 0 | G83: =IF(D83-E83>=0,0,D83-E83) -> -0.111 | H83: MH40Y3944 | J83: =G83/E83 -> -0.0035281777
B84: 28.07.23 | C84: KEC BB | D84: 31.9 | E84: 32.221 | F84: =IF(D84-E84<=0,0,D84-E84) -> 0 | G84: =IF(D84-E84>=0,0,D84-E84) -> -0.321 | H84: MH40Y4044 | J84: =G84/E84 -> -0.0099624469
B85: 29.07.23 | C85: KEC BB | D85: 24.77 | E85: 24.751 | F85: =IF(D85-E85<=0,0,D85-E85) -> 0.019 | G85: =IF(D85-E85>=0,0,D85-E85) -> 0 | H85: MH31FC2215 | J85: =F85/E85 -> 0.00076764575
B86: 29.07.23 | C86: KEC BB | D86: 13.03 | E86: 12.656 | F86: =IF(D86-E86<=0,0,D86-E86) -> 0.374 | G86: =IF(D86-E86>=0,0,D86-E86) -> 0 | H86: MH40BG0308 | J86: =F86/E86 -> 0.029551201
B87: 29.07.23 | C87: KEC BB | D87: 31.71 | E87: 31.634 | F87: =IF(D87-E87<=0,0,D87-E87) -> 0.076 | G87: =IF(D87-E87>=0,0,D87-E87) -> 0 | H87: MH40Y3944 | J87: =F87/E87 -> 0.0024024783
B88: 29.07.23 | C88: KEC BB | D88: 31.08 | E88: 31.239 | F88: =IF(D88-E88<=0,0,D88-E88) -> 0 | G88: =IF(D88-E88>=0,0,D88-E88) -> -0.159 | H88: MH40AK5144 | J88: =G88/E88 -> -0.0050897916
B89: 30.07.23 | C89: KEC BB | D89: 30.61 | E89: 30.869 | F89: =IF(D89-E89<=0,0,D89-E89) -> 0 | G89: =IF(D89-E89>=0,0,D89-E89) -> -0.259 | H89: MH40AK5044 | J89: =G89/E89 -> -0.0083902945
B90: 30.07.23 | C90: KEC BB | D90: 31.01 | E90: 31.31 | F90: =IF(D90-E90<=0,0,D90-E90) -> 0 | G90: =IF(D90-E90>=0,0,D90-E90) -> -0.3 | H90: MH40Y3944 | J90: =G90/E90 -> -0.0095816033
B91: 30.07.23 | C91: KEC BB | D91: 31.88 | E91: 31.869 | F91: =IF(D91-E91<=0,0,D91-E91) -> 0.011 | G91: =IF(D91-E91>=0,0,D91-E91) -> 0 | H91: MH40Y4944 | J91: =F91/E91 -> 0.00034516301
B92: 31.07.23 | C92: KEC BB | D92: 31.76 | E92: 31.935 | F92: =IF(D92-E92<=0,0,D92-E92) -> 0 | G92: =IF(D92-E92>=0,0,D92-E92) -> -0.175 | H92: MH40Y3944 | J92: =G92/E92 -> -0.005479881
B93: 31.07.23 | C93: KEC BB | D93: 31.83 | E93: 31.93 | F93: =IF(D93-E93<=0,0,D93-E93) -> 0 | G93: =IF(D93-E93>=0,0,D93-E93) -> -0.1 | H93: MH40Y2044 | J93: =G93/E93 -> -0.0031318509
D94: =SUM(D5:D93) -> 2575.02 | E94: =SUM(E5:E93) -> 2578.611 | F94: =SUM(F5:F93) -> 5.857 | G94: =SUM(G5:G93) -> -9.448 | H94: =SUM(F94:G94) -> -3.591 | J94: =H94/E94 -> -0.0013926102

Sheet AUG -23  
B2: SEC.& KATA WT,DIFFERENCE ANGLE AUG 2023 (vil bub)
B4: DISP.DATE | C4: PARTY | D4: KATA WT | E4: SEC.WT | F4: (+) WT | G4: (-)WT | H4: VEHICLE.NO. | I4: SECTION | J4: Net (+/-) %
B5: 01.08.23 | C5: KEC BB | D5: 32.43 | E5: 32.643 | F5: =IF(D5-E5<=0,0,D5-E5) -> 0 | G5: =IF(D5-E5>=0,0,D5-E5) -> -0.213 | H5: MH40Y3944 | J5: =G5/E5 -> -0.0065251356
B6: 01.08.23 | C6: KEC BB | D6: 31.77 | E6: 31.719 | F6: =IF(D6-E6<=0,0,D6-E6) -> 0.051 | G6: =IF(D6-E6>=0,0,D6-E6) -> 0 | H6: MH40Y4944 | J6: =F6/E6 -> 0.0016078691
B7: 01.08.23 | C7: KEC BB | D7: 25.05 | E7: 24.878 | F7: =IF(D7-E7<=0,0,D7-E7) -> 0.172 | G7: =IF(D7-E7>=0,0,D7-E7) -> 0 | H7: MH31FC2623 | J7: =F7/E7 -> 0.006913739
B8: 01.08.23 | C8: KEC BB | D8: 25.17 | E8: 25.215 | F8: =IF(D8-E8<=0,0,D8-E8) -> 0 | G8: =IF(D8-E8>=0,0,D8-E8) -> -0.045 | H8: MH31FC2622 | J8: =G8/E8 -> -0.001784652
B9: 01.08.23 | C9: KEC BB | D9: 31.52 | E9: 31.412 | F9: =IF(D9-E9<=0,0,D9-E9) -> 0.108 | G9: =IF(D9-E9>=0,0,D9-E9) -> 0 | H9: MH40Y3144 | J9: =F9/E9 -> 0.0034381765
B10: 03.08.23 | C10: KEC BB | D10: 24.57 | E10: 24.815 | F10: =IF(D10-E10<=0,0,D10-E10) -> 0 | G10: =IF(D10-E10>=0,0,D10-E10) -> -0.245 | H10: MH40CM3180 | J10: =G10/E10 -> -0.0098730606
B11: 03.08.23 | C11: KEC BB | D11: 32.64 | E11: 32.88 | F11: =IF(D11-E11<=0,0,D11-E11) -> 0 | G11: =IF(D11-E11>=0,0,D11-E11) -> -0.24 | H11: MH40Y3144 | J11: =G11/E11 -> -0.0072992701
B12: 03.08.23 | C12: KEC BB | D12: 32.01 | E12: 32.215 | F12: =IF(D12-E12<=0,0,D12-E12) -> 0 | G12: =IF(D12-E12>=0,0,D12-E12) -> -0.205 | H12: MH40Y3944 | J12: =G12/E12 -> -0.0063634953
B13: 03.08.23 | C13: KEC BB | D13: 31.04 | E13: 31.266 | F13: =IF(D13-E13<=0,0,D13-E13) -> 0 | G13: =IF(D13-E13>=0,0,D13-E13) -> -0.226 | H13: MH40BG0544 | J13: =G13/E13 -> -0.0072282991
B14: 04.08.23 | C14: KEC BB | D14: 25.1 | E14: 25.153 | F14: =IF(D14-E14<=0,0,D14-E14) -> 0 | G14: =IF(D14-E14>=0,0,D14-E14) -> -0.053 | H14: MH40CD3182 | J14: =G14/E14 -> -0.0021071045
B15: 04.08.23 | C15: KEC BB | D15: 32.74 | E15: 32.431 | F15: =IF(D15-E15<=0,0,D15-E15) -> 0.309 | G15: =IF(D15-E15>=0,0,D15-E15) -> 0 | H15: MH40Y9744 | J15: =F15/E15 -> 0.0095279208
B16: 04.08.23 | C16: KEC BB | D16: 31.73 | E16: 31.625 | F16: =IF(D16-E16<=0,0,D16-E16) -> 0.105 | G16: =IF(D16-E16>=0,0,D16-E16) -> 0 | H16: MH40Y2044 | J16: =F16/E16 -> 0.0033201581
B17: 04.08.23 | C17: KEC BB | D17: 24.89 | E17: 24.754 | F17: =IF(D17-E17<=0,0,D17-E17) -> 0.136 | G17: =IF(D17-E17>=0,0,D17-E17) -> 0 | H17: MH31FC2629 | J17: =F17/E17 -> 0.0054940616
B18: 05.08.23 | C18: KEC BB | D18: 25.01 | E18: 24.702 | F18: =IF(D18-E18<=0,0,D18-E18) -> 0.308 | G18: =IF(D18-E18>=0,0,D18-E18) -> 0 | H18: MH31FC2338 | J18: =F18/E18 -> 0.012468626
B19: 05.08.23 | C19: KEC BB | D19: 25.29 | E19: 25.297 | F19: =IF(D19-E19<=0,0,D19-E19) -> 0 | G19: =IF(D19-E19>=0,0,D19-E19) -> -0.007 | H19: MH40CM3180 | J19: =G19/E19 -> -0.00027671265
B20: 05.08.23 | C20: KEC BB | D20: 22.13 | E20: 22.11 | F20: =IF(D20-E20<=0,0,D20-E20) -> 0.02 | G20: =IF(D20-E20>=0,0,D20-E20) -> 0 | H20: MH40BG0307 | J20: =F20/E20 -> 0.00090456807
B21: 05.08.23 | C21: KEC BB | D21: 32.59 | E21: 32.277 | F21: =IF(D21-E21<=0,0,D21-E21) -> 0.313 | G21: =IF(D21-E21>=0,0,D21-E21) -> 0 | H21: MH40Y3944 | J21: =F21/E21 -> 0.0096973077
B22: 05.08.23 | C22: KEC BB | D22: 31.76 | E22: 31.907 | F22: =IF(D22-E22<=0,0,D22-E22) -> 0 | G22: =IF(D22-E22>=0,0,D22-E22) -> -0.147 | H22: MH40Y4044 | J22: =G22/E22 -> -0.0046071395
B23: 05.08.23 | C23: KEC BB | D23: 31.22 | E23: 31.484 | F23: =IF(D23-E23<=0,0,D23-E23) -> 0 | G23: =IF(D23-E23>=0,0,D23-E23) -> -0.264 | H23: MH40Y9944 | J23: =G23/E23 -> -0.0083852115
B24: 06.08.23 | C24: KEC BB | D24: 25.09 | E24: 25.176 | F24: =IF(D24-E24<=0,0,D24-E24) -> 0 | G24: =IF(D24-E24>=0,0,D24-E24) -> -0.086 | H24: MH40CM4419 | J24: =G24/E24 -> -0.0034159517
B25: 06.08.23 | C25: KEC BB | D25: 25.21 | E25: 25.208 | F25: =IF(D25-E25<=0,0,D25-E25) -> 0.002 | G25: =IF(D25-E25>=0,0,D25-E25) -> 0 | H25: MH31FC2620 | J25: =F25/E25 -> 7.9339892e-05
B26: 06.08.23 | C26: KEC BB | D26: 31.2 | E26: 31.727 | F26: =IF(D26-E26<=0,0,D26-E26) -> 0 | G26: =IF(D26-E26>=0,0,D26-E26) -> -0.527 | H26: MH40Y4044 | J26: =G26/E26 -> -0.016610458
B27: 06.08.23 | C27: KEC BB | D27: 32.1 | E27: 32.664 | F27: =IF(D27-E27<=0,0,D27-E27) -> 0 | G27: =IF(D27-E27>=0,0,D27-E27) -> -0.564 | H27: MH46AF3590 | J27: =G27/E27 -> -0.017266716
B28: 06.08.23 | C28: KEC BB | D28: 32.8 | E28: 32.964 | F28: =IF(D28-E28<=0,0,D28-E28) -> 0 | G28: =IF(D28-E28>=0,0,D28-E28) -> -0.164 | H28: MH40AK1958 | J28: =G28/E28 -> -0.0049751244
B29: 07.08.23 | C29: KEC BB | D29: 32.72 | E29: 32.787 | F29: =IF(D29-E29<=0,0,D29-E29) -> 0 | G29: =IF(D29-E29>=0,0,D29-E29) -> -0.067 | H29: MH40Y3944 | J29: =G29/E29 -> -0.0020434928
B30: 07.08.23 | C30: KEC BB | D30: 24.88 | E30: 24.955 | F30: =IF(D30-E30<=0,0,D30-E30) -> 0 | G30: =IF(D30-E30>=0,0,D30-E30) -> -0.075 | H30: MH31FC2216 | J30: =G30/E30 -> -0.0030054097
B31: 07.08.23 | C31: KEC BB | D31: 25.34 | E31: 25.324 | F31: =IF(D31-E31<=0,0,D31-E31) -> 0.016 | G31: =IF(D31-E31>=0,0,D31-E31) -> 0 | H31: MH31FC2215 | J31: =F31/E31 -> 0.00063181172
B32: 07.08.23 | C32: KEC BB | D32: 29.98 | E32: 30.052 | F32: =IF(D32-E32<=0,0,D32-E32) -> 0 | G32: =IF(D32-E32>=0,0,D32-E32) -> -0.072 | H32: MH46AR8099 | J32: =G32/E32 -> -0.0023958472
B33: 07.08.23 | C33: KEC BB | D33: 32.86 | E33: 33.168 | F33: =IF(D33-E33<=0,0,D33-E33) -> 0 | G33: =IF(D33-E33>=0,0,D33-E33) -> -0.308 | H33: MH40AK5044 | J33: =G33/E33 -> -0.0092860589
B34: 07.08.23 | C34: KEC BB | D34: 11.67 | E34: 11.626 | F34: =IF(D34-E34<=0,0,D34-E34) -> 0.044 | G34: =IF(D34-E34>=0,0,D34-E34) -> 0 | H34: MH40AK6003 | J34: =F34/E34 -> 0.0037846207
B35: 08.08.23 | C35: KEC BB | D35: 24.89 | E35: 25.077 | F35: =IF(D35-E35<=0,0,D35-E35) -> 0 | G35: =IF(D35-E35>=0,0,D35-E35) -> -0.187 | H35: MH31FC2567 | J35: =G35/E35 -> -0.0074570323
A36: 0 | B36: 08.08.23 | C36: KEC BB | D36: 25.23 | E36: 25.28 | F36: =IF(D36-E36<=0,0,D36-E36) -> 0 | G36: =IF(D36-E36>=0,0,D36-E36) -> -0.05 | H36: MH31FC2568 | J36: =G36/E36 -> -0.0019778481
B37: 08.08.23 | C37: KEC BB | D37: 31.91 | E37: 31.839 | F37: =IF(D37-E37<=0,0,D37-E37) -> 0.071 | G37: =IF(D37-E37>=0,0,D37-E37) -> 0 | H37: MH40Y4944 | J37: =F37/E37 -> 0.0022299695
B38: 08.08.23 | C38: KEC BB | D38: 32.58 | E38: 32.993 | F38: =IF(D38-E38<=0,0,D38-E38) -> 0 | G38: =IF(D38-E38>=0,0,D38-E38) -> -0.413 | H38: MH40Y3944 | J38: =G38/E38 -> -0.012517807
B39: 08.08.23 | C39: KEC BB | D39: 32.68 | E39: 33.097 | F39: =IF(D39-E39<=0,0,D39-E39) -> 0 | G39: =IF(D39-E39>=0,0,D39-E39) -> -0.417 | H39: MH40Y3144 | J39: =G39/E39 -> -0.012599329
B40: 09.08.23 | C40: KEC BB | D40: 30.64 | E40: 30.645 | F40: =IF(D40-E40<=0,0,D40-E40) -> 0 | G40: =IF(D40-E40>=0,0,D40-E40) -> -0.005 | H40: MH40AK5144 | J40: =G40/E40 -> -0.00016315875
B41: 09.08.23 | C41: KEC BB | D41: 25.33 | E41: 25.494 | F41: =IF(D41-E41<=0,0,D41-E41) -> 0 | G41: =IF(D41-E41>=0,0,D41-E41) -> -0.164 | H41: MH31FC2216 | J41: =G41/E41 -> -0.0064328862
B42: 09.08.23 | C42: KEC BB | D42: 25.24 | E42: 25.281 | F42: =IF(D42-E42<=0,0,D42-E42) -> 0 | G42: =IF(D42-E42>=0,0,D42-E42) -> -0.041 | H42: MH40CM4419 | J42: =G42/E42 -> -0.0016217713
B43: 09.08.23 | C43: KEC BB | D43: 13.02 | E43: 12.973 | F43: =IF(D43-E43<=0,0,D43-E43) -> 0.047 | G43: =IF(D43-E43>=0,0,D43-E43) -> 0 | H43: MH49AT0506 | J43: =F43/E43 -> 0.0036229091
B44: 09.08.23 | C44: KEC BB | D44: 32.05 | E44: 32.328 | F44: =IF(D44-E44<=0,0,D44-E44) -> 0 | G44: =IF(D44-E44>=0,0,D44-E44) -> -0.278 | H44: MH46AF3590 | J44: =G44/E44 -> -0.0085993566
B45: 10.08.23 | C45: KEC BB | D45: 25.45 | E45: 25.345 | F45: =IF(D45-E45<=0,0,D45-E45) -> 0.105 | G45: =IF(D45-E45>=0,0,D45-E45) -> 0 | H45: MH31FC2622 | J45: =F45/E45 -> 0.004142829
B46: 10.08.23 | C46: KEC BB | D46: 32.69 | E46: 33.02 | F46: =IF(D46-E46<=0,0,D46-E46) -> 0 | G46: =IF(D46-E46>=0,0,D46-E46) -> -0.33 | H46: MH40AK1958 | J46: =G46/E46 -> -0.0099939431
B47: 10.08.23 | C47: KEC BB | D47: 32.53 | E47: 32.777 | F47: =IF(D47-E47<=0,0,D47-E47) -> 0 | G47: =IF(D47-E47>=0,0,D47-E47) -> -0.247 | H47: MH40N7379 | J47: =G47/E47 -> -0.007535772
B48: 10.08.23 | C48: KEC BB | D48: 25.27 | E48: 25.128 | F48: =IF(D48-E48<=0,0,D48-E48) -> 0.142 | G48: =IF(D48-E48>=0,0,D48-E48) -> 0 | H48: MH40CM3134 | J48: =F48/E48 -> 0.0056510665
B49: 10.08.23 | C49: KEC BB | D49: 31.91 | E49: 31.928 | F49: =IF(D49-E49<=0,0,D49-E49) -> 0 | G49: =IF(D49-E49>=0,0,D49-E49) -> -0.018 | H49: MH46AF3590 | J49: =G49/E49 -> -0.00056376848
B50: 11.08.23 | C50: KEC BB | D50: 31.61 | E50: 31.987 | F50: =IF(D50-E50<=0,0,D50-E50) -> 0 | G50: =IF(D50-E50>=0,0,D50-E50) -> -0.377 | H50: MH40AK5044 | J50: =G50/E50 -> -0.011786038
B51: 11.08.23 | C51: KEC BB | D51: 24.7 | E51: 24.52 | F51: =IF(D51-E51<=0,0,D51-E51) -> 0.18 | G51: =IF(D51-E51>=0,0,D51-E51) -> 0 | H51: MH31FC2216 | J51: =F51/E51 -> 0.0073409462
B52: 11.08.23 | C52: KEC BB | D52: 31.45 | E52: 31.621 | F52: =IF(D52-E52<=0,0,D52-E52) -> 0 | G52: =IF(D52-E52>=0,0,D52-E52) -> -0.171 | H52: MH46AF3590 | J52: =G52/E52 -> -0.0054077986
B53: 11.08.23 | C53: KEC BB | D53: 32.32 | E53: 32.37 | F53: =IF(D53-E53<=0,0,D53-E53) -> 0 | G53: =IF(D53-E53>=0,0,D53-E53) -> -0.05 | H53: MH40Y5844 | J53: =G53/E53 -> -0.0015446401
B54: 11.08.23 | C54: KEC BB | D54: 24.5 | E54: 24.417 | F54: =IF(D54-E54<=0,0,D54-E54) -> 0.083 | G54: =IF(D54-E54>=0,0,D54-E54) -> 0 | H54: MH40CM4419 | J54: =F54/E54 -> 0.003399271
B55: 12.08.23 | C55: KEC BB | D55: 31.93 | E55: 32.166 | F55: =IF(D55-E55<=0,0,D55-E55) -> 0 | G55: =IF(D55-E55>=0,0,D55-E55) -> -0.236 | H55: MH46AF3590 | J55: =G55/E55 -> -0.0073369396
B56: 12.08.23 | C56: KEC BB | D56: 32.98 | E56: 33.252 | F56: =IF(D56-E56<=0,0,D56-E56) -> 0 | G56: =IF(D56-E56>=0,0,D56-E56) -> -0.272 | H56: MH40AK5044 | J56: =G56/E56 -> -0.0081799591
B57: 12.08.23 | C57: KEC BB | D57: 32.09 | E57: 32.361 | F57: =IF(D57-E57<=0,0,D57-E57) -> 0 | G57: =IF(D57-E57>=0,0,D57-E57) -> -0.271 | H57: MH40Y3944 | J57: =G57/E57 -> -0.0083742777
B58: 12.08.23 | C58: KEC BB | D58: 31.92 | E58: 32.376 | F58: =IF(D58-E58<=0,0,D58-E58) -> 0 | G58: =IF(D58-E58>=0,0,D58-E58) -> -0.456 | H58: MH40Y4944 | J58: =G58/E58 -> -0.014084507
B59: 13.08.23 | C59: KEC BB | D59: 31.97 | E59: 32.404 | F59: =IF(D59-E59<=0,0,D59-E59) -> 0 | G59: =IF(D59-E59>=0,0,D59-E59) -> -0.434 | H59: MH40Y3144 | J59: =G59/E59 -> -0.013393408
B60: 13.08.23 | C60: KEC BB | D60: 32.37 | E60: 32.472 | F60: =IF(D60-E60<=0,0,D60-E60) -> 0 | G60: =IF(D60-E60>=0,0,D60-E60) -> -0.102 | H60: MH46AF3590 | J60: =G60/E60 -> -0.0031411678
B61: 13.08.23 | C61: KEC BB | D61: 32.75 | E61: 32.686 | F61: =IF(D61-E61<=0,0,D61-E61) -> 0.064 | G61: =IF(D61-E61>=0,0,D61-E61) -> 0 | H61: MH40AK5044 | J61: =F61/E61 -> 0.0019580248
B62: 14.08.23 | C62: KEC BB | D62: 31.76 | E62: 31.588 | F62: =IF(D62-E62<=0,0,D62-E62) -> 0.172 | G62: =IF(D62-E62>=0,0,D62-E62) -> 0 | H62: MH40Y4044 | J62: =F62/E62 -> 0.0054451057
B63: 14.08.23 | C63: KEC BB | D63: 32.05 | E63: 31.989 | F63: =IF(D63-E63<=0,0,D63-E63) -> 0.061 | G63: =IF(D63-E63>=0,0,D63-E63) -> 0 | H63: MH46AF3590 | J63: =F63/E63 -> 0.0019069055
B64: 16.08.23 | C64: KEC BB | D64: 32.06 | E64: 32.334 | F64: =IF(D64-E64<=0,0,D64-E64) -> 0 | G64: =IF(D64-E64>=0,0,D64-E64) -> -0.274 | H64: MH40Y4044 | J64: =G64/E64 -> -0.0084740521
B65: 16.08.23 | C65: KEC BB | D65: 32.75 | E65: 32.956 | F65: =IF(D65-E65<=0,0,D65-E65) -> 0 | G65: =IF(D65-E65>=0,0,D65-E65) -> -0.206 | H65: MH46AF3590 | J65: =G65/E65 -> -0.0062507586
B66: 17.08.23 | C66: KEC BB | D66: 32.43 | E66: 32.589 | F66: =IF(D66-E66<=0,0,D66-E66) -> 0 | G66: =IF(D66-E66>=0,0,D66-E66) -> -0.159 | H66: MH40Y4044 | J66: =G66/E66 -> -0.0048789469
B67: 17.08.23 | C67: KEC BB | D67: 27.19 | E67: 27.568 | F67: =IF(D67-E67<=0,0,D67-E67) -> 0 | G67: =IF(D67-E67>=0,0,D67-E67) -> -0.378 | H67: MH40BG0308 | J67: =G67/E67 -> -0.01371155
B68: 17.08.23 | C68: KEC BB | D68: 31.71 | E68: 31.835 | F68: =IF(D68-E68<=0,0,D68-E68) -> 0 | G68: =IF(D68-E68>=0,0,D68-E68) -> -0.125 | H68: MH46AF3590 | J68: =G68/E68 -> -0.003926496
B69: 17.08.23 | C69: KEC BB | D69: 32.41 | E69: 32.46 | F69: =IF(D69-E69<=0,0,D69-E69) -> 0 | G69: =IF(D69-E69>=0,0,D69-E69) -> -0.05 | H69: MH40Y4944 | J69: =G69/E69 -> -0.0015403574
B70: 18.08.23 | C70: KEC BB | D70: 30.36 | E70: 30.585 | F70: =IF(D70-E70<=0,0,D70-E70) -> 0 | G70: =IF(D70-E70>=0,0,D70-E70) -> -0.225 | H70: MH40Y4044 | J70: =G70/E70 -> -0.0073565473
B71: 18.08.23 | C71: KEC BB | D71: 32.02 | E71: 32.33 | F71: =IF(D71-E71<=0,0,D71-E71) -> 0 | G71: =IF(D71-E71>=0,0,D71-E71) -> -0.31 | H71: MH46AF3590 | J71: =G71/E71 -> -0.0095886174
B72: 18.08.23 | C72: KEC BB | D72: 31.1 | E72: 31.163 | F72: =IF(D72-E72<=0,0,D72-E72) -> 0 | G72: =IF(D72-E72>=0,0,D72-E72) -> -0.063 | H72: MH40Y4944 | J72: =G72/E72 -> -0.0020216282
B73: 18.08.23 | C73: KEC BB | D73: 31.79 | E73: 31.869 | F73: =IF(D73-E73<=0,0,D73-E73) -> 0 | G73: =IF(D73-E73>=0,0,D73-E73) -> -0.079 | H73: MH40Y9844 | J73: =G73/E73 -> -0.002478898
B74: 18.08.23 | C74: KEC BB | D74: 32.69 | E74: 32.986 | F74: =IF(D74-E74<=0,0,D74-E74) -> 0 | G74: =IF(D74-E74>=0,0,D74-E74) -> -0.296 | H74: MH40AK5044 | J74: =G74/E74 -> -0.0089735039
B75: 18.08.23 | C75: KEC BB | D75: 28.59 | E75: 28.785 | F75: =IF(D75-E75<=0,0,D75-E75) -> 0 | G75: =IF(D75-E75>=0,0,D75-E75) -> -0.195 | H75: MH40YN2550 | J75: =G75/E75 -> -0.0067743616
B76: 18.08.23 | C76: KEC BB | D76: 1.52 | E76: 1.335 | F76: =IF(D76-E76<=0,0,D76-E76) -> 0.185 | G76: =IF(D76-E76>=0,0,D76-E76) -> 0 | H76: MH31CQ2844 | J76: =F76/E76 -> 0.13857678
B77: 19.08.23 | C77: KEC BB | D77: 32.51 | E77: 32.619 | F77: =IF(D77-E77<=0,0,D77-E77) -> 0 | G77: =IF(D77-E77>=0,0,D77-E77) -> -0.109 | H77: MH40Y4044 | J77: =G77/E77 -> -0.0033416107
B78: 19.08.23 | C78: KEC BB | D78: 32.94 | E78: 32.988 | F78: =IF(D78-E78<=0,0,D78-E78) -> 0 | G78: =IF(D78-E78>=0,0,D78-E78) -> -0.048 | H78: MH46AF3590 | J78: =G78/E78 -> -0.0014550746
B79: 19.08.23 | C79: KEC BB | D79: 30.27 | E79: 30.421 | F79: =IF(D79-E79<=0,0,D79-E79) -> 0 | G79: =IF(D79-E79>=0,0,D79-E79) -> -0.151 | H79: MH40Y3944 | J79: =G79/E79 -> -0.0049636764
B80: 20.08.23 | C80: KEC BB | D80: 32.84 | E80: 33.095 | F80: =IF(D80-E80<=0,0,D80-E80) -> 0 | G80: =IF(D80-E80>=0,0,D80-E80) -> -0.255 | H80: MH40Y4044 | J80: =G80/E80 -> -0.0077050914
B81: 20.08.23 | C81: KEC BB | D81: 38.53 | E81: 38.99 | F81: =IF(D81-E81<=0,0,D81-E81) -> 0 | G81: =IF(D81-E81>=0,0,D81-E81) -> -0.46 | H81: MH49AT4596 | J81: =G81/E81 -> -0.011797897
B82: 20.08.23 | C82: KEC BB | D82: 32.44 | E82: 32.414 | F82: =IF(D82-E82<=0,0,D82-E82) -> 0.026 | G82: =IF(D82-E82>=0,0,D82-E82) -> 0 | H82: MH40AK2944 | J82: =F82/E82 -> 0.00080212254
B83: 21.08.23 | C83: KEC BB | D83: 31.79 | E83: 31.964 | F83: =IF(D83-E83<=0,0,D83-E83) -> 0 | G83: =IF(D83-E83>=0,0,D83-E83) -> -0.174 | H83: MH46AF3590 | J83: =G83/E83 -> -0.0054436241
B84: 21.08.23 | C84: KEC BB | D84: 3.61 | E84: 3.631 | F84: =IF(D84-E84<=0,0,D84-E84) -> 0 | G84: =IF(D84-E84>=0,0,D84-E84) -> -0.021 | H84: MH31CQ2844 | J84: =G84/E84 -> -0.0057835307
B85: 21.08.23 | C85: KEC BB | D85: 31.1 | E85: 31.354 | F85: =IF(D85-E85<=0,0,D85-E85) -> 0 | G85: =IF(D85-E85>=0,0,D85-E85) -> -0.254 | H85: MH40Y4944 | J85: =G85/E85 -> -0.0081010397
B86: 22.08.23 | C86: KEC BB | D86: 32.11 | E86: 32.385 | F86: =IF(D86-E86<=0,0,D86-E86) -> 0 | G86: =IF(D86-E86>=0,0,D86-E86) -> -0.275 | H86: MH46AF3590 | J86: =G86/E86 -> -0.0084915856
B87: 22.08.23 | C87: KEC BB | D87: 32.44 | E87: 32.323 | F87: =IF(D87-E87<=0,0,D87-E87) -> 0.117 | G87: =IF(D87-E87>=0,0,D87-E87) -> 0 | H87: MH40Y2044 | J87: =F87/E87 -> 0.0036197135
B88: 22.08.23 | C88: KEC BB | D88: 32.95 | E88: 33.03 | F88: =IF(D88-E88<=0,0,D88-E88) -> 0 | G88: =IF(D88-E88>=0,0,D88-E88) -> -0.08 | H88: MH49AT1950 | J88: =G88/E88 -> -0.0024220406
B89: 22.08.23 | C89: KEC BB | D89: 32.37 | E89: 32.373 | F89: =IF(D89-E89<=0,0,D89-E89) -> 0 | G89: =IF(D89-E89>=0,0,D89-E89) -> -0.003 | H89: MH40N7378 | J89: =G89/E89 -> -9.2669817e-05
B90: 22.08.23 | C90: KEC BB | D90: 32.75 | E90: 32.659 | F90: =IF(D90-E90<=0,0,D90-E90) -> 0.091 | G90: =IF(D90-E90>=0,0,D90-E90) -> 0 | H90: MH40AK6002 | J90: =F90/E90 -> 0.0027863682
B91: 22.08.23 | C91: KEC BB | D91: 29.28 | E91: 29.354 | F91: =IF(D91-E91<=0,0,D91-E91) -> 0 | G91: =IF(D91-E91>=0,0,D91-E91) -> -0.074 | H91: MH46AF3590 | J91: =G91/E91 -> -0.0025209511
B92: 23.08.23 | C92: KEC BB | D92: 32.65 | E92: 32.942 | F92: =IF(D92-E92<=0,0,D92-E92) -> 0 | G92: =IF(D92-E92>=0,0,D92-E92) -> -0.292 | H92: MH40Y5644 | J92: =G92/E92 -> -0.0088640641
B93: 23.08.23 | C93: KEC BB | D93: 32.29 | E93: 33.149 | F93: =IF(D93-E93<=0,0,D93-E93) -> 0 | G93: =IF(D93-E93>=0,0,D93-E93) -> -0.859 | H93: MH49AT0506 | J93: =G93/E93 -> -0.025913301
B94: 23.08.23 | C94: KEC BB | D94: 32.73 | E94: 32.603 | F94: =IF(D94-E94<=0,0,D94-E94) -> 0.127 | G94: =IF(D94-E94>=0,0,D94-E94) -> 0 | H94: MH40AK6074 | J94: =F94/E94 -> 0.0038953471
B95: 23.08.23 | C95: KEC BB | D95: 32.11 | E95: 32.127 | F95: =IF(D95-E95<=0,0,D95-E95) -> 0 | G95: =IF(D95-E95>=0,0,D95-E95) -> -0.017 | H95: MH40Y4944 | J95: =G95/E95 -> -0.00052914994
B96: 23.08.23 | C96: KEC BB | D96: 32.96 | E96: 33.266 | F96: =IF(D96-E96<=0,0,D96-E96) -> 0 | G96: =IF(D96-E96>=0,0,D96-E96) -> -0.306 | H96: MH49AT0509 | J96: =G96/E96 -> -0.0091985811
B97: 23.08.23 | C97: KEC BB | D97: 32.89 | E97: 32.823 | F97: =IF(D97-E97<=0,0,D97-E97) -> 0.067 | G97: =IF(D97-E97>=0,0,D97-E97) -> 0 | H97: MH40BG0307 | J97: =F97/E97 -> 0.0020412516
B98: 23.08.23 | C98: KEC BB | D98: 33.33 | E98: 33.264 | F98: =IF(D98-E98<=0,0,D98-E98) -> 0.066 | G98: =IF(D98-E98>=0,0,D98-E98) -> 0 | H98: MH40AK9944 | J98: =F98/E98 -> 0.001984127
B99: 24.08.23 | C99: KEC BB | D99: 32.73 | E99: 32.727 | F99: =IF(D99-E99<=0,0,D99-E99) -> 0.003 | G99: =IF(D99-E99>=0,0,D99-E99) -> 0 | H99: MH46AF3590 | J99: =F99/E99 -> 9.1667431e-05
B100: 24.08.23 | C100: KEC BB | D100: 32 | E100: 31.981 | F100: =IF(D100-E100<=0,0,D100-E100) -> 0.019 | G100: =IF(D100-E100>=0,0,D100-E100) -> 0 | H100: MH40Y5844 | J100: =F100/E100 -> 0.00059410275
B101: 24.08.23 | C101: KEC BB | D101: 22.32 | E101: 22.309 | F101: =IF(D101-E101<=0,0,D101-E101) -> 0.011 | G101: =IF(D101-E101>=0,0,D101-E101) -> 0 | H101: MH46BG0386 | J101: =F101/E101 -> 0.00049307454
B102: 24.08.23 | C102: KEC BB | D102: 26.1 | E102: 26.251 | F102: =IF(D102-E102<=0,0,D102-E102) -> 0 | G102: =IF(D102-E102>=0,0,D102-E102) -> -0.151 | H102: MH49AT0503 | J102: =G102/E102 -> -0.0057521618
...

Sheet SEP -23
B2: SEC.& KATA WT,DIFFERENCE ANGLE SEP 2023 (vil bub)
B4: DISP.DATE | C4: PARTY | D4: KATA WT | E4: SEC.WT | F4: (+) WT | G4: (-)WT | H4: VEHICLE.NO. | I4: Net (+/-) % | J4: PG/NPG
B5: 01.09.23 | C5: KEC BB | D5: =L5-0.01 -> 26.72 | E5: 26.387 | F5: =IF(D5-E5<=0,0,D5-E5) -> 0.333 | G5: =IF(D5-E5>=0,0,D5-E5) -> 0 | H5: MH40CM5395 | I5: =F5/E5 -> 0.012619851 | J5: NPG | L5: 26.73
B6: 01.09.23 | C6: KEC BBE | D6: =L6-0.01 -> 32.76 | E6: 32.654 | F6: =IF(D6-E6<=0,0,D6-E6) -> 0.106 | G6: =IF(D6-E6>=0,0,D6-E6) -> 0 | H6: MH04FD0626 | I6: =F6/E6 -> 0.0032461567 | J6: NPG | L6: 32.77
B7: 01.09.23 | C7: KEC BB | D7: =L7-0.01 -> 33.64 | E7: 33.099 | F7: =IF(D7-E7<=0,0,D7-E7) -> 0.541 | G7: =IF(D7-E7>=0,0,D7-E7) -> 0 | H7: MH40Y3944 | I7: =F7/E7 -> 0.016344905 | J7: NPG | L7: 33.65
B8: 02.09.23 | C8: KEC BB | D8: =L8-0.01 -> 25.32 | E8: 24.934 | F8: =IF(D8-E8<=0,0,D8-E8) -> 0.386 | G8: =IF(D8-E8>=0,0,D8-E8) -> 0 | H8: DD01P9222 | I8: =F8/E8 -> 0.015480869 | J8: NPG | L8: 25.33
B9: 02.09.23 | C9: KEC BB | D9: =L9-0.01 -> 24.99 | E9: 24.695 | F9: =IF(D9-E9<=0,0,D9-E9) -> 0.295 | G9: =IF(D9-E9>=0,0,D9-E9) -> 0 | H9: MH43Y8877 | I9: =F9/E9 -> 0.011945738 | J9: NPG | L9: 25
B10: 02.09.23 | C10: KEC BB | D10: =L10-0.01 -> 24.34 | E10: 24.489 | F10: =IF(D10-E10<=0,0,D10-E10) -> 0 | G10: =IF(D10-E10>=0,0,D10-E10) -> -0.149 | H10: RJ06GC1521 | I10: =G10/E10 -> -0.0060843644 | J10: NPG | L10: 24.35
B11: 03.09.23 | C11: KEC BBE | D11: =L11-0.01 -> 32.44 | E11: 31.828 | F11: =IF(D11-E11<=0,0,D11-E11) -> 0.612 | G11: =IF(D11-E11>=0,0,D11-E11) -> 0 | H11: MH40BL2575 | I11: =F11/E11 -> 0.019228352 | J11: NPG | L11: 32.45
B12: 03.09.23 | C12: KEC BB | D12: =L12-0.01 -> 32.32 | E12: 31.87 | F12: =IF(D12-E12<=0,0,D12-E12) -> 0.45 | G12: =IF(D12-E12>=0,0,D12-E12) -> 0 | H12: MH46AF3590 | I12: =F12/E12 -> 0.014119862 | J12: NPG | L12: 32.33
B13: 03.09.23 | C13: KEC BB | D13: =L13-0.01 -> 24.64 | E13: 24.715 | F13: =IF(D13-E13<=0,0,D13-E13) -> 0 | G13: =IF(D13-E13>=0,0,D13-E13) -> -0.075 | H13: MH40CM5195 | I13: =G13/E13 -> -0.0030345944 | J13: NPG | L13: 24.65
B14: 03.09.23 | C14: KEC BB | D14: =L14-0.01 -> 24.91 | E14: 24.505 | F14: =IF(D14-E14<=0,0,D14-E14) -> 0.405 | G14: =IF(D14-E14>=0,0,D14-E14) -> 0 | H14: NL02Q2829 | I14: =F14/E14 -> 0.016527239 | J14: NPG | L14: 24.92
B15: 03.09.23 | C15: KEC BB | D15: =L15-0.01 -> 25.05 | E15: 25.057 | F15: =IF(D15-E15<=0,0,D15-E15) -> 0 | G15: =IF(D15-E15>=0,0,D15-E15) -> -0.007 | H15: NL01AE1488 | I15: =F15/E15 -> 0 | J15: NPG | L15: 25.06
B16: 04.09.23 | C16: KEC BB | D16: =L16-0.01 -> 16.19 | E16: 15.912 | F16: =IF(D16-E16<=0,0,D16-E16) -> 0.278 | G16: =IF(D16-E16>=0,0,D16-E16) -> 0 | H16: MH49AT1947 | I16: =F16/E16 -> 0.017471091 | J16: NPG | L16: 16.2
B17: 04.09.23 | C17: KEC BB | D17: =L17-0.01 -> 32.16 | E17: 32.021 | F17: =IF(D17-E17<=0,0,D17-E17) -> 0.139 | G17: =IF(D17-E17>=0,0,D17-E17) -> 0 | H17: MH40Y9844 | I17: =F17/E17 -> 0.0043409013 | J17: NPG | L17: 32.17
B18: 04.09.23 | C18: KEC BB | D18: =L18-0.01 -> 24.74 | E18: 24.351 | F18: =IF(D18-E18<=0,0,D18-E18) -> 0.389 | G18: =IF(D18-E18>=0,0,D18-E18) -> 0 | H18: MH46BF4104 | I18: =F18/E18 -> 0.015974703 | J18: NPG | L18: 24.75
B19: 04.09.23 | C19: KEC BB | D19: =L19-0.01 -> 24.92 | E19: 24.791 | F19: =IF(D19-E19<=0,0,D19-E19) -> 0.129 | G19: =IF(D19-E19>=0,0,D19-E19) -> 0 | H19: MH49AT6261 | I19: =F19/E19 -> 0.0052035013 | J19: NPG | L19: 24.93
B20: 05.09.23 | C20: KEC BB | D20: =L20-0.01 -> 24.6 | E20: 24.315 | F20: =IF(D20-E20<=0,0,D20-E20) -> 0.285 | G20: =IF(D20-E20>=0,0,D20-E20) -> 0 | H20: MH46BU7742 | I20: =F20/E20 -> 0.01172116 | J20: NPG | L20: 24.61
B21: 05.09.23 | C21: KEC BB | D21: =L21-0.01 -> 31.16 | E21: 31.042 | F21: =IF(D21-E21<=0,0,D21-E21) -> 0.118 | G21: =IF(D21-E21>=0,0,D21-E21) -> 0 | H21: MH46AF3590 | I21: =F21/E21 -> 0.0038013015 | J21: NPG | L21: 31.17
B22: 05.09.23 | C22: KEC BB | D22: =L22-0.01 -> 24.14 | E22: 24.251 | F22: =IF(D22-E22<=0,0,D22-E22) -> 0 | G22: =IF(D22-E22>=0,0,D22-E22) -> -0.111 | H22: MH46H3436 | I22: =G22/E22 -> -0.0045771308 | J22: NPG | L22: 24.15
B23: 05.09.23 | C23: KEC BB | D23: =L23-0.01 -> 32.63 | E23: 32.565 | F23: =IF(D23-E23<=0,0,D23-E23) -> 0.065 | G23: =IF(D23-E23>=0,0,D23-E23) -> 0 | H23: MH40Y3144 | I23: =F23/E23 -> 0.001996008 | J23: NPG | L23: 32.64
B24: 06.09.23 | C24: KEC BB | D24: =L24-0.01 -> 24.66 | E24: 24.596 | F24: =IF(D24-E24<=0,0,D24-E24) -> 0.064 | G24: =IF(D24-E24>=0,0,D24-E24) -> 0 | H24: NL01AC2480 | I24: =F24/E24 -> 0.0026020491 | J24: NPG | L24: 24.67
B25: 06.09.23 | C25: KEC BB | D25: =L25-0.01 -> 32.87 | E25: 32.724 | F25: =IF(D25-E25<=0,0,D25-E25) -> 0.146 | G25: =IF(D25-E25>=0,0,D25-E25) -> 0 | H25: MH40AK6002 | I25: =F25/E25 -> 0.0044615573 | J25: PG | L25: 32.88
B26: 06.09.23 | C26: KEC BB | D26: =L26-0.01 -> 32.32 | E26: 32.359 | F26: =IF(D26-E26<=0,0,D26-E26) -> 0 | G26: =IF(D26-E26>=0,0,D26-E26) -> -0.039 | H26: MH49AT0397 | I26: =G26/E26 -> -0.0012052288 | J26: PG | L26: 32.33
B27: 07.09.23 | C27: KEC BB | D27: =L27-0.01 -> 32.91 | E27: 32.873 | F27: =IF(D27-E27<=0,0,D27-E27) -> 0.037 | G27: =IF(D27-E27>=0,0,D27-E27) -> 0 | H27: MH40Y4944 | I27: =F27/E27 -> 0.0011255438 | J27: PG | L27: 32.92
B28: 07.09.23 | C28: KEC BB | D28: =L28-0.01 -> 24.32 | E28: 24.539 | F28: =IF(D28-E28<=0,0,D28-E28) -> 0 | G28: =IF(D28-E28>=0,0,D28-E28) -> -0.219 | H28: MH46BF0155 | I28: =G28/E28 -> -0.0089245691 | J28: NPG | L28: 24.33
B29: 07.09.23 | C29: KEC BB | D29: =L29-0.01 -> 32.21 | E29: 32.111 | F29: =IF(D29-E29<=0,0,D29-E29) -> 0.099 | G29: =IF(D29-E29>=0,0,D29-E29) -> 0 | H29: MH40BG0396 | I29: =F29/E29 -> 0.0030830557 | J29: NPG | L29: 32.22
B30: 08.09.23 | C30: KEC BB | D30: =L30-0.01 -> 32.55 | E30: 32.984 | F30: =IF(D30-E30<=0,0,D30-E30) -> 0 | G30: =IF(D30-E30>=0,0,D30-E30) -> -0.434 | H30: MH40AK6074 | I30: =G30/E30 -> -0.013157895 | J30: PG | L30: 32.56
B31: 08.09.23 | C31: KEC BB | D31: =L31-0.01 -> 32.35 | E31: 32.565 | F31: =IF(D31-E31<=0,0,D31-E31) -> 0 | G31: =IF(D31-E31>=0,0,D31-E31) -> -0.215 | H31: MH40Y3944 | I31: =G31/E31 -> -0.0066021803 | J31: NPG | L31: 32.36
B32: 08.09.23 | C32: KEC BB | D32: =L32-0.01 -> 31.9 | E32: 31.908 | F32: =IF(D32-E32<=0,0,D32-E32) -> 0 | G32: =IF(D32-E32>=0,0,D32-E32) -> -0.008 | H32: MH40Y3144 | I32: =F32/E32 -> 0 | J32: NPG | L32: 31.91
B33: 09.09.23 | C33: KEC BB | D33: =L33-0.01 -> 24.7 | E33: 24.771 | F33: =IF(D33-E33<=0,0,D33-E33) -> 0 | G33: =IF(D33-E33>=0,0,D33-E33) -> -0.071 | H33: MH46CL0553 | I33: =G33/E33 -> -0.0028662549 | J33: NPG | L33: 24.71
B34: 09.09.23 | C34: KEC BB | D34: =L34-0.01 -> 32.95 | E34: 32.843 | F34: =IF(D34-E34<=0,0,D34-E34) -> 0.107 | G34: =IF(D34-E34>=0,0,D34-E34) -> 0 | H34: MH40Y4944 | I34: =F34/E34 -> 0.0032579241 | J34: NPG | L34: 32.96
B35: 09.09.23 | C35: KEC JBP | D35: =L35-0.01 -> 21.35 | E35: 21.286 | F35: =IF(D35-E35<=0,0,D35-E35) -> 0.064 | G35: =IF(D35-E35>=0,0,D35-E35) -> 0 | H35: MH49AT2913 | I35: =F35/E35 -> 0.0030066711 | J35: PG | L35: 21.36
A36: 0 | B36: 10.09.23 | C36: KEC BBE | D36: =L36-0.01 -> 28.46 | E36: 28.385 | F36: =IF(D36-E36<=0,0,D36-E36) -> 0.075 | G36: =IF(D36-E36>=0,0,D36-E36) -> 0 | H36: MH40Y0781 | I36: =F36/E36 -> 0.0026422406 | J36: NPG | L36: 28.47
B37: 10.09.23 | C37: KEC BB | D37: =L37-0.01 -> 31.55 | E37: 31.529 | F37: =IF(D37-E37<=0,0,D37-E37) -> 0.021 | G37: =IF(D37-E37>=0,0,D37-E37) -> 0 | H37: MH40Y5644 | I37: =F37/E37 -> 0.00066605347 | J37: NPG | L37: 31.56
B38: 10.09.23 | C38: KEC BB | D38: =L38-0.01 -> 31.86 | E38: 31.86 | F38: =IF(D38-E38<=0,0,D38-E38) -> 0 | G38: =IF(D38-E38>=0,0,D38-E38) -> 0 | H38: MH46AR8099 | I38: =F38/E38 -> 0 | J38: NPG | L38: 31.87
B39: 11.09.23 | C39: KEC BB | D39: =L39-0.01 -> 31.9 | E39: 31.911 | F39: =IF(D39-E39<=0,0,D39-E39) -> 0 | G39: =IF(D39-E39>=0,0,D39-E39) -> -0.011 | H39: MH40Y4944 | I39: =G39/E39 -> -0.00034470872 | J39: NPG | L39: 31.91
B40: 11.09.23 | C40: KEC BB | D40: =L40-0.01 -> 32.61 | E40: 32.429 | F40: =IF(D40-E40<=0,0,D40-E40) -> 0.181 | G40: =IF(D40-E40>=0,0,D40-E40) -> 0 | H40: MH40Y3144 | I40: =F40/E40 -> 0.005581424 | J40: NPG | L40: 32.62
B41: 12.09.23 | C41: KEC BB | D41: =L41-0.01 -> 33.03 | E41: 32.797 | F41: =IF(D41-E41<=0,0,D41-E41) -> 0.233 | G41: =IF(D41-E41>=0,0,D41-E41) -> 0 | H41: MH40Y4944 | I41: =F41/E41 -> 0.0071043083 | J41: NPG | L41: 33.04
B42: 12.09.23 | C42: KEC BB | D42: =L42-0.01 -> 23 | E42: 23.013 | F42: =IF(D42-E42<=0,0,D42-E42) -> 0 | G42: =IF(D42-E42>=0,0,D42-E42) -> -0.013 | H42: MH46AR3342 | I42: =G42/E42 -> -0.0005648981 | J42: NPG | L42: 23.01
B43: 12.09.23 | C43: KEC BB | D43: =L43-0.01 -> 24.84 | E43: 24.616 | F43: =IF(D43-E43<=0,0,D43-E43) -> 0.224 | G43: =IF(D43-E43>=0,0,D43-E43) -> 0 | H43: MH23AU1166 | I43: =F43/E43 -> 0.0090997725 | J43: NPG | L43: 24.85
B44: 12.09.23 | C44: KEC BB | D44: =L44-0.01 -> 29.33 | E44: 29.387 | F44: =IF(D44-E44<=0,0,D44-E44) -> 0 | G44: =IF(D44-E44>=0,0,D44-E44) -> -0.057 | H44: MH40Y3144 | I44: =G44/E44 -> -0.0019396332 | J44: NPG | L44: 29.34
B45: 13.09.23 | C45: KEC BB | D45: =L45-0.01 -> 24.86 | E45: 24.836 | F45: =IF(D45-E45<=0,0,D45-E45) -> 0.024 | G45: =IF(D45-E45>=0,0,D45-E45) -> 0 | H45: MH46AF2874 | I45: =F45/E45 -> 0.00096633919 | J45: NPG | L45: 24.87
B46: 13.09.23 | C46: KEC BB | D46: =L46-0.01 -> 25.17 | E46: 24.836 | F46: =IF(D46-E46<=0,0,D46-E46) -> 0.334 | G46: =IF(D46-E46>=0,0,D46-E46) -> 0 | H46: DD01H9358 | I46: =F46/E46 -> 0.01344822 | J46: NPG | L46: 25.18
B47: 13.09.23 | C47: KEC BB | D47: =L47-0.01 -> 24.56 | E47: 24.352 | F47: =IF(D47-E47<=0,0,D47-E47) -> 0.208 | G47: =IF(D47-E47>=0,0,D47-E47) -> 0 | H47: MH46AR4835 | I47: =F47/E47 -> 0.0085413929 | J47: NPG | L47: 24.57
B48: 13.09.23 | C48: KEC JBP | D48: =L48-0.01 -> 32.69 | E48: 32.455 | F48: =IF(D48-E48<=0,0,D48-E48) -> 0.235 | G48: =IF(D48-E48>=0,0,D48-E48) -> 0 | H48: MH40N7423 | I48: =F48/E48 -> 0.0072407949 | J48: NPG | L48: 32.7
B49: 14.09.23 | C49: KEC BB | D49: =L49-0.01 -> 24.31 | E49: 24.098 | F49: =IF(D49-E49<=0,0,D49-E49) -> 0.212 | G49: =IF(D49-E49>=0,0,D49-E49) -> 0 | H49: MH40CM5196 | I49: =F49/E49 -> 0.0087974106 | J49: NPG | L49: 24.32
B50: 14.09.23 | C50: KEC BB | D50: =L50-0.01 -> 24.38 | E50: 24.497 | F50: =IF(D50-E50<=0,0,D50-E50) -> 0 | G50: =IF(D50-E50>=0,0,D50-E50) -> -0.117 | H50: MH46BB8956 | I50: =G50/E50 -> -0.004776095 | J50: NPG | L50: 24.39
B51: 14.09.23 | C51: KEC BB | D51: =L51-0.01 -> 24.66 | E51: 24.657 | F51: =IF(D51-E51<=0,0,D51-E51) -> 0.003 | G51: =IF(D51-E51>=0,0,D51-E51) -> 0 | H51: MH40CM6395 | I51: =F51/E51 -> 0.0001216693 | J51: NPG | L51: 24.67
B52: 14.09.23 | C52: KEC BB | D52: =L52-0.01 -> 24.31 | E52: 24.274 | F52: =IF(D52-E52<=0,0,D52-E52) -> 0.036 | G52: =IF(D52-E52>=0,0,D52-E52) -> 0 | H52: DN09P9897 | I52: =F52/E52 -> 0.0014830683 | J52: NPG | L52: 24.32
B53: 15.09.23 | C53: KEC JBP | D53: =L53-0.01 -> 32.38 | E53: 32.326 | F53: =IF(D53-E53<=0,0,D53-E53) -> 0.054 | G53: =IF(D53-E53>=0,0,D53-E53) -> 0 | H53: MH49AT0410 | I53: =F53/E53 -> 0.001670482 | J53: PG | L53: 32.39
B54: 15.09.23 | C54: KEC JBP | D54: =L54-0.01 -> 33.21 | E54: 32.717 | F54: =IF(D54-E54<=0,0,D54-E54) -> 0.493 | G54: =IF(D54-E54>=0,0,D54-E54) -> 0 | H54: MH49AT0406 | I54: =F54/E54 -> 0.015068619 | J54: PG | L54: 33.22
B55: 15.09.23 | C55: KEC JBP | D55: =L55-0.01 -> 33.01 | E55: 32.688 | F55: =IF(D55-E55<=0,0,D55-E55) -> 0.322 | G55: =IF(D55-E55>=0,0,D55-E55) -> 0 | H55: MH40AK6075 | I55: =F55/E55 -> 0.0098507097 | J55: PG | L55: 33.02
B56: 15.09.23 | C56: KEC JBP | D56: =L56-0.01 -> 33.18 | E56: 32.796 | F56: =IF(D56-E56<=0,0,D56-E56) -> 0.384 | G56: =IF(D56-E56>=0,0,D56-E56) -> 0 | H56: MH49AT0399 | I56: =F56/E56 -> 0.011708745 | J56: PG | L56: 33.19
B57: 16.09.23 | C57: KEC BB | D57: =L57-0.01 -> 33.04 | E57: 32.877 | F57: =IF(D57-E57<=0,0,D57-E57) -> 0.163 | G57: =IF(D57-E57>=0,0,D57-E57) -> 0 | H57: MH40Y4944 | I57: =F57/E57 -> 0.0049578733 | J57: NPG | L57: 33.05
B58: 16.09.23 | C58: KEC BB | D58: =L58-0.01 -> 24.81 | E58: 24.611 | F58: =IF(D58-E58<=0,0,D58-E58) -> 0.199 | G58: =IF(D58-E58>=0,0,D58-E58) -> 0 | H58: MH16CD6667 | I58: =F58/E58 -> 0.0080858153 | J58: NPG | L58: 24.82
B59: 16.09.23 | C59: KEC BB | D59: =L59-0.01 -> 23.84 | E59: 23.517 | F59: =IF(D59-E59<=0,0,D59-E59) -> 0.323 | G59: =IF(D59-E59>=0,0,D59-E59) -> 0 | H59: MH46AR5345 | I59: =F59/E59 -> 0.013734745 | J59: NPG | L59: 23.85
B60: 16.09.23 | C60: KEC BB | D60: =L60-0.01 -> 24.01 | E60: 24.059 | F60: =IF(D60-E60<=0,0,D60-E60) -> 0 | G60: =IF(D60-E60>=0,0,D60-E60) -> -0.049 | H60: NL01L5654 | I60: =G60/E60 -> -0.0020366599 | J60: NPG | L60: 24.02
B61: 16.09.23 | C61: KEC JBP | D61: =L61-0.01 -> 23.73 | E61: 23.539 | F61: =IF(D61-E61<=0,0,D61-E61) -> 0.191 | G61: =IF(D61-E61>=0,0,D61-E61) -> 0 | H61: MH42AT0510 | I61: =F61/E61 -> 0.0081141935 | J61: PG | L61: 23.74
B62: 18.09.23 | C62: KEC BB | D62: =L62-0.01 -> 24.53 | E62: 24.461 | F62: =IF(D62-E62<=0,0,D62-E62) -> 0.069 | G62: =IF(D62-E62>=0,0,D62-E62) -> 0 | H62: DD01H9169 | I62: =F62/E62 -> 0.0028208168 | J62: NPG | L62: 24.54
B63: 18.09.23 | C63: KEC BB | D63: =L63-0.01 -> 32.51 | E63: 32.491 | F63: =IF(D63-E63<=0,0,D63-E63) -> 0.019 | G63: =IF(D63-E63>=0,0,D63-E63) -> 0 | H63: MH46AF3590 | I63: =F63/E63 -> 0.00058477732 | J63: NPG | L63: 32.52
B64: 18.09.23 | C64: KEC BB | D64: =L64-0.01 -> 32.2 | E64: 32.136 | F64: =IF(D64-E64<=0,0,D64-E64) -> 0.064 | G64: =IF(D64-E64>=0,0,D64-E64) -> 0 | H64: MH40Y4044 | I64: =F64/E64 -> 0.001991536 | J64: NPG | L64: 32.21
B65: 18.09.23 | C65: KEC BB | D65: =L65-0.01 -> 24.1 | E65: 24.112 | F65: =IF(D65-E65<=0,0,D65-E65) -> 0 | G65: =IF(D65-E65>=0,0,D65-E65) -> -0.012 | H65: MH23AU9477 | I65: =G65/E65 -> -0.0004976775 | J65: NPG | L65: 24.11
B66: 18.09.23 | C66: KEC BB | D66: =L66-0.01 -> 24.74 | E66: 24.589 | F66: =IF(D66-E66<=0,0,D66-E66) -> 0.151 | G66: =IF(D66-E66>=0,0,D66-E66) -> 0 | H66: MH46BF7799 | I66: =F66/E66 -> 0.0061409573 | J66: NPG | L66: 24.75
B67: 18.09.23 | C67: KEC JBP | D67: =L67-0.01 -> 33.8 | E67: 33.22 | F67: =IF(D67-E67<=0,0,D67-E67) -> 0.58 | G67: =IF(D67-E67>=0,0,D67-E67) -> 0 | H67: MH49AT0406 | I67: =F67/E67 -> 0.017459362 | J67: PG | L67: 33.81
B68: 19.09.23 | C68: KEC BB | D68: =L68-0.01 -> 24.57 | E68: 24.435 | F68: =IF(D68-E68<=0,0,D68-E68) -> 0.135 | G68: =IF(D68-E68>=0,0,D68-E68) -> 0 | H68: MH23W5112 | I68: =F68/E68 -> 0.0055248619 | J68: NPG | L68: 24.58
B69: 19.09.23 | C69: KEC JBP | D69: =L69-0.01 -> 19.65 | E69: 19.528 | F69: =IF(D69-E69<=0,0,D69-E69) -> 0.122 | G69: =IF(D69-E69>=0,0,D69-E69) -> 0 | H69: MH49AT0410 | I69: =F69/E69 -> 0.0062474396 | J69: PG | L69: 19.66
B70: 19.09.23 | C70: KEC JBP | D70: =L70-0.01 -> 32.78 | E70: 32.621 | F70: =IF(D70-E70<=0,0,D70-E70) -> 0.159 | G70: =IF(D70-E70>=0,0,D70-E70) -> 0 | H70: MH49AT0501 | I70: =F70/E70 -> 0.0048741608 | J70: NPG | L70: 32.79
B71: 19.09.23 | C71: KEC JBP | D71: =L71-0.01 -> 32.25 | E71: 31.742 | F71: =IF(D71-E71<=0,0,D71-E71) -> 0.508 | G71: =IF(D71-E71>=0,0,D71-E71) -> 0 | H71: MH40BG0307 | I71: =F71/E71 -> 0.016004033 | J71: PG | L71: 32.26
B72: 19.09.23 | C72: KEC BB | D72: =L72-0.01 -> 31.11 | E72: 31.123 | F72: =IF(D72-E72<=0,0,D72-E72) -> 0 | G72: =IF(D72-E72>=0,0,D72-E72) -> -0.013 | H72: MH40Y3944 | I72: =G72/E72 -> -0.00041769752 | J72: NPG | L72: 31.12
B73: 19.09.23 | C73: KEC BB | D73: =L73-0.01 -> 23.72 | E73: 23.702 | F73: =IF(D73-E73<=0,0,D73-E73) -> 0.018 | G73: =IF(D73-E73>=0,0,D73-E73) -> 0 | H73: MH46BB5715 | I73: =F73/E73 -> 0.00075942958 | J73: NPG | L73: 23.73
B74: 19.09.23 | C74: KEC BB | D74: =L74-0.01 -> 24.96 | E74: 24.638 | F74: =IF(D74-E74<=0,0,D74-E74) -> 0.322 | G74: =IF(D74-E74>=0,0,D74-E74) -> 0 | H74: MH40AK7728 | I74: =F74/E74 -> 0.013069243 | J74: NPG | L74: 24.97
B75: 20.09.23 | C75: KEC BB | D75: =L75-0.01 -> 24.12 | E75: 24.112 | F75: =IF(D75-E75<=0,0,D75-E75) -> 0.008 | G75: =IF(D75-E75>=0,0,D75-E75) -> 0 | H75: GJ15AV6565 | I75: =F75/E75 -> 0.000331785 | J75: NPG | L75: 24.13
B76: 20.09.23 | C76: KEC JBP | D76: =L76-0.01 -> 33.39 | E76: 33.082 | F76: =IF(D76-E76<=0,0,D76-E76) -> 0.308 | G76: =IF(D76-E76>=0,0,D76-E76) -> 0 | H76: MH40AK4183 | I76: =F76/E76 -> 0.0093101989 | J76: PG | L76: 33.4
B77: 20.09.23 | C77: KEC JBP | D77: =L77-0.01 -> 33.47 | E77: 33.083 | F77: =IF(D77-E77<=0,0,D77-E77) -> 0.387 | G77: =IF(D77-E77>=0,0,D77-E77) -> 0 | H77: MH49AT0503 | I77: =F77/E77 -> 0.011697851 | J77: PG | L77: 33.48
B78: 20.09.23 | C78: KEC JBP | D78: =L78-0.01 -> 32.92 | E78: 32.587 | F78: =IF(D78-E78<=0,0,D78-E78) -> 0.333 | G78: =IF(D78-E78>=0,0,D78-E78) -> 0 | H78: MH49AT3053 | I78: =F78/E78 -> 0.010218799 | J78: PG | L78: 32.93
B79: 21.09.23 | C79: KEC JBP | D79: =L79-0.01 -> 33.43 | E79: 32.849 | F79: =IF(D79-E79<=0,0,D79-E79) -> 0.581 | G79: =IF(D79-E79>=0,0,D79-E79) -> 0 | H79: MH40N7423 | I79: =F79/E79 -> 0.017686992 | J79: PG | L79: 33.44
B80: 21.09.23 | C80: KEC JBP | D80: =L80-0.01 -> 32.92 | E80: 32.552 | F80: =IF(D80-E80<=0,0,D80-E80) -> 0.368 | G80: =IF(D80-E80>=0,0,D80-E80) -> 0 | H80: MH49AT1950 | I80: =F80/E80 -> 0.011304989 | J80: PG | L80: 32.93
B81: 21.09.23 | C81: KEC BB | D81: =L81-0.01 -> 31.99 | E81: 31.998 | F81: =IF(D81-E81<=0,0,D81-E81) -> 0 | G81: =IF(D81-E81>=0,0,D81-E81) -> -0.008 | H81: MH40Y3944 | I81: =G81/E81 -> -0.00025001563 | J81: NPG | L81: 32
B82: 21.09.23 | C82: KEC BB | D82: =L82-0.01 -> 24.51 | E82: 24.555 | F82: =IF(D82-E82<=0,0,D82-E82) -> 0 | G82: =IF(D82-E82>=0,0,D82-E82) -> -0.045 | H82: DD01N9807 | I82: =G82/E82 -> -0.0018326206 | J82: NPG | L82: 24.52
B83: 21.09.23 | C83: KEC BB | D83: =L83-0.01 -> 24.15 | E83: 24.096 | F83: =IF(D83-E83<=0,0,D83-E83) -> 0.054 | G83: =IF(D83-E83>=0,0,D83-E83) -> 0 | H83: DD01P9772 | I83: =F83/E83 -> 0.0022410359 | J83: NPG | L83: 24.16
B84: 22.09.23 | C84: KEC BB | D84: =L84-0.01 -> 31.75 | E84: 31.671 | F84: =IF(D84-E84<=0,0,D84-E84) -> 0.079 | G84: =IF(D84-E84>=0,0,D84-E84) -> 0 | H84: MH40Y3944 | I84: =F84/E84 -> 0.0024943955 | J84: NPG | L84: 31.76
B85: 22.09.23 | C85: KEC BB | D85: =L85-0.01 -> 24.36 | E85: 24.339 | F85: =IF(D85-E85<=0,0,D85-E85) -> 0.021 | G85: =IF(D85-E85>=0,0,D85-E85) -> 0 | H85: NL01AE2966 | I85: =F85/E85 -> 0.00086281277 | J85: NPG | L85: 24.37
B86: 22.09.23 | C86: KEC BB | D86: =L86-0.01 -> 24.55 | E86: 24.597 | F86: =IF(D86-E86<=0,0,D86-E86) -> 0 | G86: =IF(D86-E86>=0,0,D86-E86) -> -0.047 | H86: MH04GR9022 | I86: =G86/E86 -> -0.0019108021 | J86: NPG | L86: 24.56
B87: 22.09.23 | C87: KEC BB | D87: =L87-0.01 -> 32.7 | E87: 32.738 | F87: =IF(D87-E87<=0,0,D87-E87) -> 0 | G87: =IF(D87-E87>=0,0,D87-E87) -> -0.038 | H87: MH46AF3590 | I87: =G87/E87 -> -0.0011607306 | J87: NPG | L87: 32.71
B88: 22.09.23 | C88: KEC JBP | D88: =L88-0.01 -> 9.78 | E88: 9.743 | F88: =IF(D88-E88<=0,0,D88-E88) -> 0.037 | G88: =IF(D88-E88>=0,0,D88-E88) -> 0 | H88: MH40AK1958 | I88: =F88/E88 -> 0.0037975983 | J88: PG | L88: 9.79
B89: 23.09.23 | C89: KEC BB | D89: =L89-0.01 -> 29.81 | E89: 29.725 | F89: =IF(D89-E89<=0,0,D89-E89) -> 0.085 | G89: =IF(D89-E89>=0,0,D89-E89) -> 0 | H89: MH40Y3944 | I89: =F89/E89 -> 0.0028595458 | J89: NPG | L89: 29.82
B90: 24.09.23 | C90: KEC BB | D90: =L90-0.01 -> 24.38 | E90: 24.347 | F90: =IF(D90-E90<=0,0,D90-E90) -> 0.033 | G90: =IF(D90-E90>=0,0,D90-E90) -> 0 | H90: MH15GV2929 | I90: =F90/E90 -> 0.0013554031 | J90: NPG | L90: 24.39
B91: 24.09.23 | C91: KEC BB | D91: =L91-0.01 -> 32.71 | E91: 32.57 | F91: =IF(D91-E91<=0,0,D91-E91) -> 0.14 | G91: =IF(D91-E91>=0,0,D91-E91) -> 0 | H91: MH40Y4044 | I91: =F91/E91 -> 0.0042984341 | J91: NPG | L91: 32.72
B92: 24.09.23 | C92: KEC BBR | D92: =L92-0.01 -> 15.57 | E92: 15.583 | F92: =IF(D92-E92<=0,0,D92-E92) -> 0 | G92: =IF(D92-E92>=0,0,D92-E92) -> -0.013 | H92: MH40Y9955 | I92: =G92/E92 -> -0.00083424244 | J92: NPG | L92: 15.58
B93: 26.09.23 | C93: KEC BB | D93: =L93-0.01 -> 24.26 | E93: 24.093 | F93: =IF(D93-E93<=0,0,D93-E93) -> 0.167 | G93: =IF(D93-E93>=0,0,D93-E93) -> 0 | H93: NL01AG8543 | I93: =F93/E93 -> 0.0069314739 | J93: NPG | L93: 24.27
B94: 26.09.23 | C94: KEC BB | D94: =L94-0.01 -> 24.29 | E94: 24.359 | F94: =IF(D94-E94<=0,0,D94-E94) -> 0 | G94: =IF(D94-E94>=0,0,D94-E94) -> -0.069 | H94: GJ39T0483 | I94: =G94/E94 -> -0.0028326286 | J94: NPG | L94: 24.3
B95: 27.09.23 | C95: KEC BB | D95: =L95-0.01 -> 31.65 | E95: 32.003 | F95: =IF(D95-E95<=0,0,D95-E95) -> 0 | G95: =IF(D95-E95>=0,0,D95-E95) -> -0.353 | H95: MH46AF3590 | I95: =G95/E95 -> -0.011030216 | J95: NPG | L95: 31.66
B96: 27.09.23 | C96: KEC BB | D96: =L96-0.01 -> 24.11 | E96: 24.095 | F96: =IF(D96-E96<=0,0,D96-E96) -> 0.015 | G96: =IF(D96-E96>=0,0,D96-E96) -> 0 | H96: MH04JU8939 | I96: =F96/E96 -> 0.0006225358 | J96: NPG | L96: 24.12
B97: 28.09.23 | C97: KEC BB | D97: =L97-0.01 -> 32.72 | E97: 32.616 | F97: =IF(D97-E97<=0,0,D97-E97) -> 0.104 | G97: =IF(D97-E97>=0,0,D97-E97) -> 0 | H97: MH46AF3590 | I97: =F97/E97 -> 0.0031886191 | J97: NPG | L97: 32.73
B98: 29.09.23 | C98: KEC BB | D98: =L98-0.01 -> 32.13 | E98: 32.156 | F98: =IF(D98-E98<=0,0,D98-E98) -> 0 | G98: =IF(D98-E98>=0,0,D98-E98) -> -0.026 | H98: MH40Y3944 | I98: =G98/E98 -> -0.00080855828 | J98: NPG | L98: 32.14
B99: 29.09.23 | C99: KEC BB | D99: =L99-0.01 -> 24.32 | E99: 24.366 | F99: =IF(D99-E99<=0,0,D99-E99) -> 0 | G99: =IF(D99-E99>=0,0,D99-E99) -> -0.046 | H99: MH46BU7064 | I99: =G99/E99 -> -0.0018878765 | J99: NPG | L99: 24.33
B100: 29.09.23 | C100: KEC BB | D100: =L100-0.01 -> 32.44 | E100: 32.399 | F100: =IF(D100-E100<=0,0,D100-E100) -> 0.041 | G100: =IF(D100-E100>=0,0,D100-E100) -> 0 | H100: MH46AF3590 | I100: =F100/E100 -> 0.0012654712 | J100: PG | L100: 32.45
B101: 30.09.23 | C101: KEC BB | D101: =L101-0.01 -> 32.89 | E101: 32.831 | F101: =IF(D101-E101<=0,0,D101-E101) -> 0.059 | G101: =IF(D101-E101>=0,0,D101-E101) -> 0 | H101: MH46AF3590 | I101: =F101/E101 -> 0.001797082 | J101: NPG | L101: 32.9
B102: 30.09.23 | C102: KEC BB | D102: =L102-0.01 -> 6.04 | E102: 5.971 | F102: =IF(D102-E102<=0,0,D102-E102) -> 0.069 | G102: =IF(D102-E102>=0,0,D102-E102) -> 0 | H102: MH31CQ2840 | I102: =F102/E102 -> 0.011555853 | J102: NPG | L102: 6.05
...

Sheet OCT -23 
B2: SEC.& KATA WT,DIFFERENCE ANGLE OCT 2023 (vil bub)
B4: DISP.DATE | C4: PARTY | D4: KATA WT | E4: SEC.WT | F4: (+) WT | G4: (-)WT | H4: VEHICLE.NO. | I4: Net (+/-) % | J4: SECTION | K4: PG/NPG
B5: 01.10.23 | C5: KEC BB | D5: 25.14 | E5: 25.035 | F5: =IF(D5-E5<=0,0,D5-E5) -> 0.105 | G5: =IF(D5-E5>=0,0,D5-E5) -> 0 | H5: MH40AK7728 | I5: =F5/E5 -> 0.0041941282 | J5: HT-150X11/12/10/15 HT-130X11/10 | K5: NPG
B6: 01.10.23 | C6: KEC BB | D6: 32.25 | E6: 32.062 | F6: =IF(D6-E6<=0,0,D6-E6) -> 0.188 | G6: =IF(D6-E6>=0,0,D6-E6) -> 0 | H6: MH40Y3944 | I6: =F6/E6 -> 0.0058636392 | J6: HT-150X12/14 | K6: PG
B7: 01.10.23 | C7: KEC BB | D7: 32.64 | E7: 32.319 | F7: =IF(D7-E7<=0,0,D7-E7) -> 0.321 | G7: =IF(D7-E7>=0,0,D7-E7) -> 0 | H7: MH46AF3590 | I7: =F7/E7 -> 0.009932238 | J7: HT-90X6 | K7: PG
B8: 02.10.23 | C8: KEC BB | D8: 32 | E8: 31.537 | F8: =IF(D8-E8<=0,0,D8-E8) -> 0.463 | G8: =IF(D8-E8>=0,0,D8-E8) -> 0 | H8: MH40Y3944 | I8: =F8/E8 -> 0.014681168 | J8: HT-110X7 HT-150X11/12 | K8: PG
B9: 02.10.23 | C9: KEC BB | D9: 33.3 | E9: 33.224 | F9: =IF(D9-E9<=0,0,D9-E9) -> 0.076 | G9: =IF(D9-E9>=0,0,D9-E9) -> 0 | H9: MH46AF3590 | I9: =F9/E9 -> 0.002287503 | J9: HT-75X6/5 HT-90X6 | K9: PG
B10: 02.10.23 | C10: KEC BB | D10: 32.48 | E10: 32.48 | F10: =IF(D10-E10<=0,0,D10-E10) -> 0 | G10: =IF(D10-E10>=0,0,D10-E10) -> 0 | H10: MH40BG0308 | I10: =F10/E10 -> 0 | J10: HT-110X7/6/ MS-110X6 | K10: PG
B11: 02.10.23 | C11: KEC BB | D11: 33.32 | E11: 33.128 | F11: =IF(D11-E11<=0,0,D11-E11) -> 0.192 | G11: =IF(D11-E11>=0,0,D11-E11) -> 0 | H11: MH49AT2913 | I11: =F11/E11 -> 0.0057957015 | J11: MS-75X75X5/ 80X80X5 | K11: NPG
B12: 02.10.23 | C12: KEC BB | D12: 32.77 | E12: 32.399 | F12: =IF(D12-E12<=0,0,D12-E12) -> 0.371 | G12: =IF(D12-E12>=0,0,D12-E12) -> 0 | H12: MH40N7423 | I12: =F12/E12 -> 0.011450971 | J12: HT-150X15/14/17/ HT-110X7 HT-110X8 75X5/6 | K12: PG
B13: 02.10.23 | C13: KEC BB | D13: 33.25 | E13: 32.919 | F13: =IF(D13-E13<=0,0,D13-E13) -> 0.331 | G13: =IF(D13-E13>=0,0,D13-E13) -> 0 | H13: MH40Y4044 | I13: =F13/E13 -> 0.010054983 | J13: HT-150X150X16/18 | K13: NPG
B14: 02.10.23 | C14: KEC BB | D14: 33.34 | E14: 33.018 | F14: =IF(D14-E14<=0,0,D14-E14) -> 0.322 | G14: =IF(D14-E14>=0,0,D14-E14) -> 0 | H14: MH46AR8099 | I14: =F14/E14 -> 0.0097522563 | J14: HT-110X6/110X8 | K14: PG
B15: 03.10.23 | C15: KEC BB | D15: 32.79 | E15: 32.327 | F15: =IF(D15-E15<=0,0,D15-E15) -> 0.463 | G15: =IF(D15-E15>=0,0,D15-E15) -> 0 | H15: MH46AF3590 | I15: =F15/E15 -> 0.014322393 | K15: PG
B16: 03.10.23 | C16: KEC BB | D16: 31.69 | E16: 31.636 | F16: =IF(D16-E16<=0,0,D16-E16) -> 0.054 | G16: =IF(D16-E16>=0,0,D16-E16) -> 0 | H16: MH40Y3944 | I16: =F16/E16 -> 0.0017069162 | K16: NPG
B17: 03.10.23 | C17: KEC BB | D17: 32.46 | E17: 31.957 | F17: =IF(D17-E17<=0,0,D17-E17) -> 0.503 | G17: =IF(D17-E17>=0,0,D17-E17) -> 0 | H17: MH40Y4044 | I17: =F17/E17 -> 0.0157399 | K17: PG
B18: 03.10.23 | C18: KEC BB | D18: 31.54 | E18: 31.15 | F18: =IF(D18-E18<=0,0,D18-E18) -> 0.39 | G18: =IF(D18-E18>=0,0,D18-E18) -> 0 | H18: MH40Y4944 | I18: =F18/E18 -> 0.012520064 | K18: PG
B19: 04.10.23 | C19: KEC JBP | D19: 27.61 | E19: 27.477 | F19: =IF(D19-E19<=0,0,D19-E19) -> 0.133 | G19: =IF(D19-E19>=0,0,D19-E19) -> 0 | H19: MH40AK1958 | I19: =F19/E19 -> 0.004840412 | K19: NPG
B20: 04.10.23 | C20: KEC BB | D20: 32.54 | E20: 32.669 | F20: =IF(D20-E20<=0,0,D20-E20) -> 0 | G20: =IF(D20-E20>=0,0,D20-E20) -> -0.129 | H20: MH40Y4944 | I20: =G20/E20 -> -0.0039486975 | K20: PG/NPG
B21: 04.10.23 | C21: KEC BB | D21: 31.98 | E21: 31.544 | F21: =IF(D21-E21<=0,0,D21-E21) -> 0.436 | G21: =IF(D21-E21>=0,0,D21-E21) -> 0 | H21: MH40Y2044 | I21: =F21/E21 -> 0.013821963 | K21: PG
B22: 04.10.23 | C22: KEC BB | D22: 24.53 | E22: 24.684 | F22: =IF(D22-E22<=0,0,D22-E22) -> 0 | G22: =IF(D22-E22>=0,0,D22-E22) -> -0.154 | H22: MH49AT6275 | I22: =G22/E22 -> -0.0062388592 | K22: NPG
B23: 04.10.23 | C23: KEC BB | D23: 32.01 | E23: 32.02 | F23: =IF(D23-E23<=0,0,D23-E23) -> 0 | G23: =IF(D23-E23>=0,0,D23-E23) -> -0.01 | H23: MH46AF3590 | I23: =G23/E23 -> -0.00031230481 | K23: NPG
B24: 05.10.23 | C24: KEC BB | D24: 32.71 | E24: 32.627 | F24: =IF(D24-E24<=0,0,D24-E24) -> 0.083 | G24: =IF(D24-E24>=0,0,D24-E24) -> 0 | H24: MH40Y9744 | I24: =F24/E24 -> 0.0025439054 | K24: NPG
B25: 05.10.23 | C25: KEC BB | D25: 31.45 | E25: 30.893 | F25: =IF(D25-E25<=0,0,D25-E25) -> 0.557 | G25: =IF(D25-E25>=0,0,D25-E25) -> 0 | H25: MH40Y9844 | I25: =F25/E25 -> 0.018029974 | K25: NPG
B26: 06.10.23 | C26: KEC BB | D26: 32.34 | E26: 32.05 | F26: =IF(D26-E26<=0,0,D26-E26) -> 0.29 | G26: =IF(D26-E26>=0,0,D26-E26) -> 0 | H26: MH46AF3590 | I26: =F26/E26 -> 0.0090483619 | K26: PG/NPG
B27: 06.10.23 | C27: KEC BB | D27: 28.61 | E27: 28.44 | F27: =IF(D27-E27<=0,0,D27-E27) -> 0.17 | G27: =IF(D27-E27>=0,0,D27-E27) -> 0 | H27: MH40Y9844 | I27: =F27/E27 -> 0.0059774965 | K27: NPG
B28: 07.10.23 | C28: KEC JBP | D28: 32.94 | E28: 32.72 | F28: =IF(D28-E28<=0,0,D28-E28) -> 0.22 | G28: =IF(D28-E28>=0,0,D28-E28) -> 0 | H28: MH49AT1954 | I28: =F28/E28 -> 0.0067237164 | K28: PG/NPG
B29: 07.10.23 | C29: KEC JBP | D29: 32.91 | E29: 32.804 | F29: =IF(D29-E29<=0,0,D29-E29) -> 0.106 | G29: =IF(D29-E29>=0,0,D29-E29) -> 0 | H29: MH40AK6073 | I29: =F29/E29 -> 0.0032313133 | K29: PG
B30: 07.10.23 | C30: KEC JBP | D30: 32.56 | E30: 32.609 | F30: =IF(D30-E30<=0,0,D30-E30) -> 0 | G30: =IF(D30-E30>=0,0,D30-E30) -> -0.049 | H30: MH49AT1956 | I30: =G30/E30 -> -0.0015026526 | K30: PG
B31: 07.10.23 | C31: KEC JBP | D31: 32.82 | E31: 32.683 | F31: =IF(D31-E31<=0,0,D31-E31) -> 0.137 | G31: =IF(D31-E31>=0,0,D31-E31) -> 0 | H31: MH40AK6001 | I31: =F31/E31 -> 0.0041917817 | K31: PG
B32: 08.10.23 | C32: KEC JBP | D32: 32.99 | E32: 32.807 | F32: =IF(D32-E32<=0,0,D32-E32) -> 0.183 | G32: =IF(D32-E32>=0,0,D32-E32) -> 0 | H32: MH49AT1955 | I32: =F32/E32 -> 0.0055780778 | K32: PG/NPG
B33: 08.10.23 | C33: KEC BB | D33: 28.92 | E33: 28.721 | F33: =IF(D33-E33<=0,0,D33-E33) -> 0.199 | G33: =IF(D33-E33>=0,0,D33-E33) -> 0 | H33: MH40Y3944 | I33: =F33/E33 -> 0.0069287281 | K33: NPG
B34: 09.10.23 | C34: KEC BB | D34: 32.9 | E34: 32.906 | F34: =IF(D34-E34<=0,0,D34-E34) -> 0 | G34: =IF(D34-E34>=0,0,D34-E34) -> -0.006 | H34: MH49AT0504 | I34: =G34/E34 -> -0.00018233757 | K34: PG
B35: 09.10.23 | C35: KEC BB | D35: 39.72 | E35: 39.605 | F35: =IF(D35-E35<=0,0,D35-E35) -> 0.115 | G35: =IF(D35-E35>=0,0,D35-E35) -> 0 | H35: MH49AT4593 | I35: =F35/E35 -> 0.0029036738 | K35: PG
B36: 11.10.23 | C36: KEC BB | D36: 33.51 | E36: 32.892 | F36: =IF(D36-E36<=0,0,D36-E36) -> 0.618 | G36: =IF(D36-E36>=0,0,D36-E36) -> 0 | H36: MH46AF3590 | I36: =F36/E36 -> 0.018788763 | K36: NPG
B37: 11.10.23 | C37: KEC JBP | D37: 32.99 | E37: 32.845 | F37: =IF(D37-E37<=0,0,D37-E37) -> 0.145 | G37: =IF(D37-E37>=0,0,D37-E37) -> 0 | H37: MH40BG0309 | I37: =F37/E37 -> 0.004414675 | K37: PG
B38: 11.10.23 | C38: KEC JBP | D38: 32.69 | E38: 32.213 | F38: =IF(D38-E38<=0,0,D38-E38) -> 0.477 | G38: =IF(D38-E38>=0,0,D38-E38) -> 0 | H38: MH49AT3051 | I38: =F38/E38 -> 0.014807686 | K38: PG
B39: 11.10.23 | C39: KEC BB | D39: 32.26 | E39: 32.065 | F39: =IF(D39-E39<=0,0,D39-E39) -> 0.195 | G39: =IF(D39-E39>=0,0,D39-E39) -> 0 | H39: MH40Y2044 | I39: =F39/E39 -> 0.0060813972 | K39: NPG
B40: 11.10.23 | C40: KEC JBP | D40: 33.03 | E40: 32.777 | F40: =IF(D40-E40<=0,0,D40-E40) -> 0.253 | G40: =IF(D40-E40>=0,0,D40-E40) -> 0 | H40: MH49AT0403 | I40: =F40/E40 -> 0.0077188272 | K40: PG
B41: 11.10.23 | C41: KEC BB | D41: 32.62 | E41: 32.206 | F41: =IF(D41-E41<=0,0,D41-E41) -> 0.414 | G41: =IF(D41-E41>=0,0,D41-E41) -> 0 | H41: MH40Y4944 | I41: =F41/E41 -> 0.012854748 | K41: NPG
B42: 12.10.23 | C42: KEC JBP | D42: 32.54 | E42: 32.417 | F42: =IF(D42-E42<=0,0,D42-E42) -> 0.123 | G42: =IF(D42-E42>=0,0,D42-E42) -> 0 | H42: MH49AT0401 | I42: =F42/E42 -> 0.0037943055 | K42: NPG
B43: 12.10.23 | C43: KEC JBP | D43: 32.58 | E43: 32.388 | F43: =IF(D43-E43<=0,0,D43-E43) -> 0.192 | G43: =IF(D43-E43>=0,0,D43-E43) -> 0 | H43: MH49AT1955 | I43: =F43/E43 -> 0.0059281215 | K43: NPG
B44: 12.10.23 | C44: KEC BB | D44: 24.62 | E44: 24.325 | F44: =IF(D44-E44<=0,0,D44-E44) -> 0.295 | G44: =IF(D44-E44>=0,0,D44-E44) -> 0 | H44: MH40Y4044 | I44: =F44/E44 -> 0.012127441 | K44: NPG
B45: 14.10.23 | C45: KEC BB | D45: 32.04 | E45: 31.915 | F45: =IF(D45-E45<=0,0,D45-E45) -> 0.125 | G45: =IF(D45-E45>=0,0,D45-E45) -> 0 | H45: MH49AT3051 | I45: =F45/E45 -> 0.0039166536 | K45: NPG
B46: 14.10.23 | C46: KEC BB | D46: 32.09 | E46: 32.129 | F46: =IF(D46-E46<=0,0,D46-E46) -> 0 | G46: =IF(D46-E46>=0,0,D46-E46) -> -0.039 | H46: MH49AT0409 | I46: =G46/E46 -> -0.0012138566 | K46: NPG
B47: 15.10.23 | C47: KEC BB | D47: 32.42 | E47: 32.737 | F47: =IF(D47-E47<=0,0,D47-E47) -> 0 | G47: =IF(D47-E47>=0,0,D47-E47) -> -0.317 | H47: MH46AF3590 | I47: =G47/E47 -> -0.009683233 | K47: NPG
B48: 16.10.23 | C48: KEC BB | D48: 32.33 | E48: 32.324 | F48: =IF(D48-E48<=0,0,D48-E48) -> 0.006 | G48: =IF(D48-E48>=0,0,D48-E48) -> 0 | H48: MH49AT6305 | I48: =F48/E48 -> 0.00018562059 | K48: NPG
B49: 16.10.23 | C49: KEC BB | D49: 32.33 | E49: 32.105 | F49: =IF(D49-E49<=0,0,D49-E49) -> 0.225 | G49: =IF(D49-E49>=0,0,D49-E49) -> 0 | H49: MH40BG0309 | I49: =F49/E49 -> 0.0070082542 | K49: NPG
B50: 16.10.23 | C50: KEC BB | D50: 32.48 | E50: 32.509 | F50: =IF(D50-E50<=0,0,D50-E50) -> 0 | G50: =IF(D50-E50>=0,0,D50-E50) -> -0.029 | H50: MH49AT3081 | I50: =G50/E50 -> -0.00089206066 | K50: NPG
B51: 16.10.23 | C51: KEC JBP | D51: 13.71 | E51: 13.61 | F51: =IF(D51-E51<=0,0,D51-E51) -> 0.1 | G51: =IF(D51-E51>=0,0,D51-E51) -> 0 | H51: MH49AT1950 | I51: =F51/E51 -> 0.0073475386 | K51: NPG
B52: 17.10.23 | C52: KEC BB | D52: 32.71 | E52: 32.572 | F52: =IF(D52-E52<=0,0,D52-E52) -> 0.138 | G52: =IF(D52-E52>=0,0,D52-E52) -> 0 | H52: MH49AT3052 | I52: =F52/E52 -> 0.0042367678 | K52: NPG
B53: 17.10.23 | C53: KEC BB | D53: 32.87 | E53: 32.853 | F53: =IF(D53-E53<=0,0,D53-E53) -> 0.017 | G53: =IF(D53-E53>=0,0,D53-E53) -> 0 | H53: MH49AT2913 | I53: =F53/E53 -> 0.00051745655 | K53: NPG
B54: 17.10.23 | C54: KEC BB | D54: 31.19 | E54: 31.504 | F54: =IF(D54-E54<=0,0,D54-E54) -> 0 | G54: =IF(D54-E54>=0,0,D54-E54) -> -0.314 | H54: MH49AT0403 | I54: =G54/E54 -> -0.0099669883 | K54: NPG
B55: 17.10.23 | C55: KEC BB | D55: 25.56 | E55: 25.259 | F55: =IF(D55-E55<=0,0,D55-E55) -> 0.301 | G55: =IF(D55-E55>=0,0,D55-E55) -> 0 | H55: RJ09GC6853 | I55: =F55/E55 -> 0.011916545 | K55: NPG
B56: 18.10.23 | C56: KEC BB | D56: 32.6 | E56: 32.661 | F56: =IF(D56-E56<=0,0,D56-E56) -> 0 | G56: =IF(D56-E56>=0,0,D56-E56) -> -0.061 | H56: MH49AT0397 | I56: =G56/E56 -> -0.0018676709 | K56: NPG
B57: 19.10.23 | C57: KEC JPR | D57: 32.67 | E57: 32.587 | F57: =IF(D57-E57<=0,0,D57-E57) -> 0.083 | G57: =IF(D57-E57>=0,0,D57-E57) -> 0 | H57: MH49AT2912 | I57: =F57/E57 -> 0.002547028 | K57: NPG
B58: 19.10.23 | C58: KEC JPR | D58: 32.62 | E58: 32.632 | F58: =IF(D58-E58<=0,0,D58-E58) -> 0 | G58: =IF(D58-E58>=0,0,D58-E58) -> -0.012 | H58: MH49AT2926 | I58: =G58/E58 -> -0.00036773719 | K58: NPG
B59: 19.10.23 | C59: KEC JBP | D59: 32.39 | E59: 32.658 | F59: =IF(D59-E59<=0,0,D59-E59) -> 0 | G59: =IF(D59-E59>=0,0,D59-E59) -> -0.268 | H59: MH40AK6001 | I59: =G59/E59 -> -0.0082062588 | K59: PG
B60: 19.10.23 | C60: KEC JBP | D60: 32.3 | E60: 32.789 | F60: =IF(D60-E60<=0,0,D60-E60) -> 0 | G60: =IF(D60-E60>=0,0,D60-E60) -> -0.489 | H60: MH49AT0502 | I60: =G60/E60 -> -0.014913538 | K60: PG
B61: 19.10.23 | C61: KEC JBP | D61: 31.87 | E61: 32.189 | F61: =IF(D61-E61<=0,0,D61-E61) -> 0 | G61: =IF(D61-E61>=0,0,D61-E61) -> -0.319 | H61: MH04FD6732 | I61: =G61/E61 -> -0.0099102178 | K61: PG
B62: 19.10.23 | C62: KEC JBP | D62: 32.17 | E62: 32.773 | F62: =IF(D62-E62<=0,0,D62-E62) -> 0 | G62: =IF(D62-E62>=0,0,D62-E62) -> -0.603 | H62: MH40AK1958 | I62: =G62/E62 -> -0.018399292 | K62: PG
B63: 19.10.23 | C63: KEC JBP | D63: 32.13 | E63: 32.305 | F63: =IF(D63-E63<=0,0,D63-E63) -> 0 | G63: =IF(D63-E63>=0,0,D63-E63) -> -0.175 | H63: MH40AK1956 | I63: =G63/E63 -> -0.0054171181 | K63: PG
B64: 20.10.23 | C64: KEC JBP | D64: 33.05 | E64: 32.913 | F64: =IF(D64-E64<=0,0,D64-E64) -> 0.137 | G64: =IF(D64-E64>=0,0,D64-E64) -> 0 | H64: MH40N7423 | I64: =F64/E64 -> 0.004162489 | K64: PG
B65: 20.10.23 | C65: KEC JBP | D65: 32.26 | E65: 32.557 | F65: =IF(D65-E65<=0,0,D65-E65) -> 0 | G65: =IF(D65-E65>=0,0,D65-E65) -> -0.297 | H65: MH40BG0311 | I65: =G65/E65 -> -0.0091224621 | K65: PG
B66: 20.10.23 | C66: KEC JBP | D66: 24.56 | E66: 24.18 | F66: =IF(D66-E66<=0,0,D66-E66) -> 0.38 | G66: =IF(D66-E66>=0,0,D66-E66) -> 0 | H66: MH49AT0509 | I66: =F66/E66 -> 0.015715467 | K66: PG
B67: 20.10.23 | C67: KEC JBP | D67: 32.14 | E67: 32.153 | F67: =IF(D67-E67<=0,0,D67-E67) -> 0 | G67: =IF(D67-E67>=0,0,D67-E67) -> -0.013 | H67: MH49AT0510 | I67: =G67/E67 -> -0.00040431686 | K67: PG
B68: 20.10.23 | C68: KEC JBP | D68: 39.68 | E68: 40.092 | F68: =IF(D68-E68<=0,0,D68-E68) -> 0 | G68: =IF(D68-E68>=0,0,D68-E68) -> -0.412 | H68: MH40AK4386 | I68: =G68/E68 -> -0.010276364 | K68: PG
B69: 20.10.23 | C69: KEC JBP | D69: 32.33 | E69: 32.531 | F69: =IF(D69-E69<=0,0,D69-E69) -> 0 | G69: =IF(D69-E69>=0,0,D69-E69) -> -0.201 | H69: MH49AT0501 | I69: =G69/E69 -> -0.0061787218 | K69: PG
B70: 20.10.23 | C70: KEC JBP | D70: 32.8 | E70: 32.99 | F70: =IF(D70-E70<=0,0,D70-E70) -> 0 | G70: =IF(D70-E70>=0,0,D70-E70) -> -0.19 | H70: MH40AK2189 | I70: =G70/E70 -> -0.005759321 | K70: PG
B71: 20.10.23 | C71: KEC JBP | D71: 31.96 | E71: 32.032 | F71: =IF(D71-E71<=0,0,D71-E71) -> 0 | G71: =IF(D71-E71>=0,0,D71-E71) -> -0.072 | H71: MH40BG0308 | I71: =G71/E71 -> -0.0022477522 | K71: PG
B72: 20.10.23 | C72: KEC JBP | D72: 32.63 | E72: 33.094 | F72: =IF(D72-E72<=0,0,D72-E72) -> 0 | G72: =IF(D72-E72>=0,0,D72-E72) -> -0.464 | H72: MH40N7379 | I72: =G72/E72 -> -0.014020668 | K72: PG
B73: 21.10.23 | C73: KEC JBP | D73: 32.65 | E73: 32.572 | F73: =IF(D73-E73<=0,0,D73-E73) -> 0.078 | G73: =IF(D73-E73>=0,0,D73-E73) -> 0 | H73: MH49AT2950 | I73: =F73/E73 -> 0.0023946948 | K73: PG
B74: 21.10.23 | C74: KEC JBP | D74: 32.52 | E74: 32.428 | F74: =IF(D74-E74<=0,0,D74-E74) -> 0.092 | G74: =IF(D74-E74>=0,0,D74-E74) -> 0 | H74: MH49AT1956 | I74: =F74/E74 -> 0.0028370544 | K74: PG
B75: 21.10.23 | C75: KEC JBP | D75: 39.62 | E75: 39.651 | F75: =IF(D75-E75<=0,0,D75-E75) -> 0 | G75: =IF(D75-E75>=0,0,D75-E75) -> -0.031 | H75: MH40CD4291 | I75: =G75/E75 -> -0.00078182139 | K75: PG
B76: 21.10.23 | C76: KEC JBP | D76: 31.98 | E76: 32.013 | F76: =IF(D76-E76<=0,0,D76-E76) -> 0 | G76: =IF(D76-E76>=0,0,D76-E76) -> -0.033 | H76: MH49AT3082 | I76: =G76/E76 -> -0.0010308312 | K76: PG
B77: 21.10.23 | C77: KEC BB | D77: 32.55 | E77: 32.731 | F77: =IF(D77-E77<=0,0,D77-E77) -> 0 | G77: =IF(D77-E77>=0,0,D77-E77) -> -0.181 | H77: MH40Y4044 | I77: =G77/E77 -> -0.0055299258 | K77: NPG
B78: 21.10.23 | C78: KEC JBP | D78: 31.96 | E78: 32.079 | F78: =IF(D78-E78<=0,0,D78-E78) -> 0 | G78: =IF(D78-E78>=0,0,D78-E78) -> -0.119 | H78: MH49AT2947 | I78: =G78/E78 -> -0.0037095919 | K78: PG
B79: 21.10.23 | C79: KEC JBP | D79: 32.03 | E79: 32.181 | F79: =IF(D79-E79<=0,0,D79-E79) -> 0 | G79: =IF(D79-E79>=0,0,D79-E79) -> -0.151 | H79: MH49AT2909 | I79: =G79/E79 -> -0.0046922097 | K79: PG
B80: 22.10.23 | C80: KEC JBP | D80: 32.65 | E80: =14.756+17.828 -> 32.584 | F80: =IF(D80-E80<=0,0,D80-E80) -> 0.066 | G80: =IF(D80-E80>=0,0,D80-E80) -> 0 | H80: MH49AT1951 | I80: =F80/E80 -> 0.002025534 | K80: PG
B81: 22.10.23 | C81: KEC JBP | D81: 32.87 | E81: 32.496 | F81: =IF(D81-E81<=0,0,D81-E81) -> 0.374 | G81: =IF(D81-E81>=0,0,D81-E81) -> 0 | H81: MH40AK6002 | I81: =F81/E81 -> 0.011509109 | K81: PG
B82: 22.10.23 | C82: KEC JBP | D82: 32.72 | E82: 32.719 | F82: =IF(D82-E82<=0,0,D82-E82) -> 0.001 | G82: =IF(D82-E82>=0,0,D82-E82) -> 0 | H82: MH49AT0503 | I82: =F82/E82 -> 3.0563281e-05 | K82: PG
B83: 22.10.23 | C83: KEC JBP | D83: 32.94 | E83: 32.516 | F83: =IF(D83-E83<=0,0,D83-E83) -> 0.424 | G83: =IF(D83-E83>=0,0,D83-E83) -> 0 | H83: MH49AT0406 | I83: =F83/E83 -> 0.013039734
B84: 22.10.23 | C84: KEC JBP | D84: 32.92 | E84: 32.807 | F84: =IF(D84-E84<=0,0,D84-E84) -> 0.113 | G84: =IF(D84-E84>=0,0,D84-E84) -> 0 | H84: MH40AK1960 | I84: =F84/E84 -> 0.0034443869
B85: 22.10.23 | C85: KEC JBP | D85: 32.19 | E85: 32.286 | F85: =IF(D85-E85<=0,0,D85-E85) -> 0 | G85: =IF(D85-E85>=0,0,D85-E85) -> -0.096 | H85: MH49AT0504 | I85: =G85/E85 -> -0.002973425
B86: 23.10.23 | C86: KEC JBP | D86: 32.26 | E86: 32.335 | F86: =IF(D86-E86<=0,0,D86-E86) -> 0 | G86: =IF(D86-E86>=0,0,D86-E86) -> -0.075 | H86: MH49AT0509 | I86: =G86/E86 -> -0.0023194681
B87: 23.10.23 | C87: KEC JBP | D87: 33.26 | E87: 33.075 | F87: =IF(D87-E87<=0,0,D87-E87) -> 0.185 | G87: =IF(D87-E87>=0,0,D87-E87) -> 0 | H87: MH40N7378 | I87: =F87/E87 -> 0.0055933485
B88: 23.10.23 | C88: KEC JBP | D88: 32.26 | E88: 32.483 | F88: =IF(D88-E88<=0,0,D88-E88) -> 0 | G88: =IF(D88-E88>=0,0,D88-E88) -> -0.223 | H88: MH40AK6074 | I88: =G88/E88 -> -0.0068651295
B89: 26.10.23 | C89: KEC JBP | D89: 39.96 | E89: 40.045 | F89: =IF(D89-E89<=0,0,D89-E89) -> 0 | G89: =IF(D89-E89>=0,0,D89-E89) -> -0.085 | H89: RJ01GC0844 | I89: =G89/E89 -> -0.0021226121
B90: 27.10.23 | C90: KEC JBP | D90: 39.12 | E90: 39.329 | F90: =IF(D90-E90<=0,0,D90-E90) -> 0 | G90: =IF(D90-E90>=0,0,D90-E90) -> -0.209 | H90: MH49AT4601 | I90: =G90/E90 -> -0.0053141448
B91: 28.10.23 | C91: KEC JBP | D91: 31.78 | E91: 32.077 | F91: =IF(D91-E91<=0,0,D91-E91) -> 0 | G91: =IF(D91-E91>=0,0,D91-E91) -> -0.297 | H91: MH40AK6004 | I91: =G91/E91 -> -0.0092589706
B92: 28.10.23 | C92: KEC JBP | D92: 32.15 | E92: 32.124 | F92: =IF(D92-E92<=0,0,D92-E92) -> 0.026 | G92: =IF(D92-E92>=0,0,D92-E92) -> 0 | H92: MH49AT1955 | I92: =F92/E92 -> 0.00080936372
B93: 29.10.23 | C93: KEC JBP | D93: 32.73 | E93: 32.548 | F93: =IF(D93-E93<=0,0,D93-E93) -> 0.182 | G93: =IF(D93-E93>=0,0,D93-E93) -> 0 | H93: MH40AK2189 | I93: =F93/E93 -> 0.0055917414
B94: 29.10.23 | C94: KEC JBP | D94: 32.75 | E94: 32.58 | F94: =IF(D94-E94<=0,0,D94-E94) -> 0.17 | G94: =IF(D94-E94>=0,0,D94-E94) -> 0 | H94: MH49AT2922 | I94: =F94/E94 -> 0.0052179251
B95: 29.10.23 | C95: KEC BB | D95: 32.69 | E95: 32.651 | F95: =IF(D95-E95<=0,0,D95-E95) -> 0.039 | G95: =IF(D95-E95>=0,0,D95-E95) -> 0 | H95: MH40Y3944 | I95: =F95/E95 -> 0.0011944504
B96: 30.10.23 | C96: KEC BB | D96: 32.86 | E96: 32.676 | F96: =IF(D96-E96<=0,0,D96-E96) -> 0.184 | G96: =IF(D96-E96>=0,0,D96-E96) -> 0 | H96: MH49AT3082 | I96: =F96/E96 -> 0.0056310442
B97: 30.10.23 | C97: KEC JBP | D97: 39.53 | E97: 39.498 | F97: =IF(D97-E97<=0,0,D97-E97) -> 0.032 | G97: =IF(D97-E97>=0,0,D97-E97) -> 0 | H97: MH49AT4594 | I97: =F97/E97 -> 0.0008101676
B98: 30.10.23 | C98: KEC BB | D98: 32.63 | E98: 32.791 | F98: =IF(D98-E98<=0,0,D98-E98) -> 0 | G98: =IF(D98-E98>=0,0,D98-E98) -> -0.161 | H98: MH40Y4044 | I98: =G98/E98 -> -0.0049098838
B99: 30.10.23 | C99: KEC BB | D99: 32.71 | E99: 32.87 | F99: =IF(D99-E99<=0,0,D99-E99) -> 0 | G99: =IF(D99-E99>=0,0,D99-E99) -> -0.16 | H99: MH49AT0501 | I99: =G99/E99 -> -0.0048676605
B100: 30.10.23 | C100: KEC JBP | D100: 32.38 | E100: 32.096 | F100: =IF(D100-E100<=0,0,D100-E100) -> 0.284 | G100: =IF(D100-E100>=0,0,D100-E100) -> 0 | H100: MH49AT0509 | I100: =F100/E100 -> 0.0088484546
B101: 30.10.23 | C101: KEC BB | D101: 31.28 | E101: 31.246 | F101: =IF(D101-E101<=0,0,D101-E101) -> 0.034 | G101: =IF(D101-E101>=0,0,D101-E101) -> 0 | H101: MH40Y3144 | I101: =F101/E101 -> 0.0010881393
B102: 31.10.23 | C102: KEC JPR | D102: 32.4 | E102: 32.249 | F102: =IF(D102-E102<=0,0,D102-E102) -> 0.151 | G102: =IF(D102-E102>=0,0,D102-E102) -> 0 | H102: MH49AT6271 | I102: =F102/E102 -> 0.0046823157
...

Sheet NOV -23  
B2: SEC.& KATA WT,DIFFERENCE ANGLE nOV 2023 (vil bub)
B4: DISP.DATE | C4: PARTY | D4: KATA WT | E4: SEC.WT | F4: (+) WT | G4: (-)WT | H4: VEHICLE.NO. | I4: Net (+/-) % | J4: SECTION | K4: PG/NPG
B5: 01.11.23 | C5: KEC JBP | D5: 33.15 | E5: 33.04 | F5: =IF(D5-E5<=0,0,D5-E5) -> 0.11 | G5: =IF(D5-E5>=0,0,D5-E5) -> 0 | H5: MH49AT1950 | I5: =F5/E5 -> 0.0033292978 | J5: HT-150X11/12/10/15 HT-130X11/10 | K5: NPG
B6: 01.11.23 | C6: KEC BB | D6: 31.51 | E6: 31.535 | F6: =IF(D6-E6<=0,0,D6-E6) -> 0 | G6: =IF(D6-E6>=0,0,D6-E6) -> -0.025 | H6: MH46AF3590 | I6: =G6/E6 -> -0.00079276994 | J6: HT-150X12/14 | K6: NPG
B7: 01.11.23 | C7: KEC BB | D7: 32.02 | E7: 32.204 | F7: =IF(D7-E7<=0,0,D7-E7) -> 0 | G7: =IF(D7-E7>=0,0,D7-E7) -> -0.184 | H7: MH40Y3944 | I7: =G7/E7 -> -0.005713576 | J7: HT-90X6 | K7: NPG
B8: 01.11.23 | C8: KEC JBP | D8: 32.28 | E8: 32.242 | F8: =IF(D8-E8<=0,0,D8-E8) -> 0.038 | G8: =IF(D8-E8>=0,0,D8-E8) -> 0 | H8: MH40BG0311 | I8: =F8/E8 -> 0.0011785869 | J8: HT-110X7 HT-150X11/12 | K8: NPG
B9: 01.11.23 | C9: KEC BB | D9: 32.96 | E9: 32.925 | F9: =IF(D9-E9<=0,0,D9-E9) -> 0.035 | G9: =IF(D9-E9>=0,0,D9-E9) -> 0 | H9: MH49AT0507 | I9: =F9/E9 -> 0.001063022 | J9: HT-75X6/5 HT-90X6 | K9: NPG
B10: 01.11.23 | C10: KEC BB | D10: 31.28 | E10: 31.25 | F10: =IF(D10-E10<=0,0,D10-E10) -> 0.03 | G10: =IF(D10-E10>=0,0,D10-E10) -> 0 | H10: MH40Y5644 | I10: =F10/E10 -> 0.00096 | J10: HT-110X7/6/ MS-110X6 | K10: NPG
B11: 02.11.23 | C11: KEC JBP | D11: 40.06 | E11: 40.12 | F11: =IF(D11-E11<=0,0,D11-E11) -> 0 | G11: =IF(D11-E11>=0,0,D11-E11) -> -0.06 | H11: MH49AT04597 | I11: =G11/E11 -> -0.0014955135 | J11: MS-75X75X5/ 80X80X5 | K11: NPG
B12: 02.11.23 | C12: KEC BB | D12: 32.61 | E12: 32.993 | F12: =IF(D12-E12<=0,0,D12-E12) -> 0 | G12: =IF(D12-E12>=0,0,D12-E12) -> -0.383 | H12: MH46AF3590 | I12: =G12/E12 -> -0.011608523 | J12: HT-150X15/14/17/ HT-110X7 HT-110X8 75X5/6 | K12: NPG
B13: 02.11.23 | C13: KEC BB | D13: 32.25 | E13: 32.569 | F13: =IF(D13-E13<=0,0,D13-E13) -> 0 | G13: =IF(D13-E13>=0,0,D13-E13) -> -0.319 | H13: MH40Y4944 | I13: =G13/E13 -> -0.0097945899 | J13: HT-150X150X16/18 | K13: NPG
B14: 02.11.23 | C14: KEC BB | D14: 31.28 | E14: 31.643 | F14: =IF(D14-E14<=0,0,D14-E14) -> 0 | G14: =IF(D14-E14>=0,0,D14-E14) -> -0.363 | H14: MH40Y5644 | I14: =G14/E14 -> -0.011471732 | J14: HT-110X6/110X8 | K14: NPG
B15: 02.11.23 | C15: KEC BB | D15: 32.93 | E15: 32.91 | F15: =IF(D15-E15<=0,0,D15-E15) -> 0.02 | G15: =IF(D15-E15>=0,0,D15-E15) -> 0 | H15: MH40Y3944 | I15: =F15/E15 -> 0.00060771802 | K15: NPG
B16: 02.11.23 | C16: KEC BB | D16: 32.68 | E16: 32.56 | F16: =IF(D16-E16<=0,0,D16-E16) -> 0.12 | G16: =IF(D16-E16>=0,0,D16-E16) -> 0 | H16: MH49AT0409 | I16: =F16/E16 -> 0.0036855037 | K16: NPG
B17: 03.11.23 | C17: KEC JBP | D17: 32.24 | E17: 32.38564 | F17: =IF(D17-E17<=0,0,D17-E17) -> 0 | G17: =IF(D17-E17>=0,0,D17-E17) -> -0.14564 | H17: MH40AK2189 | I17: =G17/E17 -> -0.0044970549 | K17: NPG
B18: 03.11.23 | C18: KEC JBP | D18: 32.16 | E18: 32.502 | F18: =IF(D18-E18<=0,0,D18-E18) -> 0 | G18: =IF(D18-E18>=0,0,D18-E18) -> -0.342 | H18: MH49AT1956 | I18: =G18/E18 -> -0.010522429 | K18: NPG
B19: 03.11.23 | C19: KEC JBP | D19: 32.51 | E19: 32.758 | F19: =IF(D19-E19<=0,0,D19-E19) -> 0 | G19: =IF(D19-E19>=0,0,D19-E19) -> -0.248 | H19: MH49AT2914 | I19: =G19/E19 -> -0.0075706698 | K19: NPG
B20: 03.11.23 | C20: KEC BB | D20: 32.51 | E20: 32.382 | F20: =IF(D20-E20<=0,0,D20-E20) -> 0.128 | G20: =IF(D20-E20>=0,0,D20-E20) -> 0 | H20: MH49AT0502 | I20: =F20/E20 -> 0.0039528133 | K20: NPG
B21: 03.11.23 | C21: KEC BB | D21: 32.79 | E21: 32.77 | F21: =IF(D21-E21<=0,0,D21-E21) -> 0.02 | G21: =IF(D21-E21>=0,0,D21-E21) -> 0 | H21: MH49AT2946 | I21: =F21/E21 -> 0.00061031431 | K21: NPG
B22: 04.11.23 | C22: KEC JPR | D22: 32.15 | E22: 32.219 | F22: =IF(D22-E22<=0,0,D22-E22) -> 0 | G22: =IF(D22-E22>=0,0,D22-E22) -> -0.069 | H22: MH49AT3051 | I22: =G22/E22 -> -0.0021415935 | K22: PG
B23: 04.11.23 | C23: KEC JBP | D23: 32.08 | E23: 32.022 | F23: =IF(D23-E23<=0,0,D23-E23) -> 0.058 | G23: =IF(D23-E23>=0,0,D23-E23) -> 0 | H23: MH40AK1961 | I23: =F23/E23 -> 0.0018112548 | K23: NPG
B24: 04.11.23 | C24: KEC JBP | D24: 32.19 | E24: 32.15 | F24: =IF(D24-E24<=0,0,D24-E24) -> 0.04 | G24: =IF(D24-E24>=0,0,D24-E24) -> 0 | H24: MH04FD6732 | I24: =F24/E24 -> 0.001244168 | K24: NPG
B25: 05.11.23 | C25: KEC JPR | D25: 32.25 | E25: 31.984 | F25: =IF(D25-E25<=0,0,D25-E25) -> 0.266 | G25: =IF(D25-E25>=0,0,D25-E25) -> 0 | H25: MH49AT0403 | I25: =F25/E25 -> 0.0083166583 | K25: PG
B26: 05.11.23 | C26: KEC BB | D26: 31.92 | E26: 32.185 | F26: =IF(D26-E26<=0,0,D26-E26) -> 0 | G26: =IF(D26-E26>=0,0,D26-E26) -> -0.265 | H26: MH43AF3590 | I26: =G26/E26 -> -0.0082336492 | K26: NPG
B27: 06.11.23 | C27: KEC BB | D27: 32.14 | E27: 32.143 | F27: =IF(D27-E27<=0,0,D27-E27) -> 0 | G27: =IF(D27-E27>=0,0,D27-E27) -> -0.003 | H27: MH40Y4944 | I27: =G27/E27 -> -9.3332919e-05 | K27: NPG
B28: 06.11.23 | C28: KEC BB | D28: 31.35 | E28: 31.37 | F28: =IF(D28-E28<=0,0,D28-E28) -> 0 | G28: =IF(D28-E28>=0,0,D28-E28) -> -0.02 | H28: MH46AF3590 | I28: =G28/E28 -> -0.0006375518 | K28: NPG
B29: 06.11.23 | C29: KEC JBP | D29: 32.86 | E29: 32.759 | F29: =IF(D29-E29<=0,0,D29-E29) -> 0.101 | G29: =IF(D29-E29>=0,0,D29-E29) -> 0 | H29: MH40AK2189 | I29: =F29/E29 -> 0.0030831222 | K29: NPG
B30: 07.11.23 | C30: KEC DUBAI | D30: =24.48-0.1 -> 24.38 | E30: 24.329 | F30: =IF(D30-E30<=0,0,D30-E30) -> 0.051 | G30: =IF(D30-E30>=0,0,D30-E30) -> 0 | H30: MH46BF1550 | I30: =F30/E30 -> 0.0020962637 | K30: NPG
B31: 07.11.23 | C31: KEC DUBAI | D31: =24.88-0.1 -> 24.78 | E31: 24.866 | F31: =IF(D31-E31<=0,0,D31-E31) -> 0 | G31: =IF(D31-E31>=0,0,D31-E31) -> -0.086 | H31: MH46BB4119 | I31: =F31/E31 -> 0 | K31: NPG
B32: 07.11.23 | C32: KEC BB | D32: 32.38 | E32: 32.532 | F32: =IF(D32-E32<=0,0,D32-E32) -> 0 | G32: =IF(D32-E32>=0,0,D32-E32) -> -0.152 | H32: MH46AF3590 | I32: =G32/E32 -> -0.0046723226 | K32: NPG
B33: 07.11.23 | C33: KEC BB | D33: 32.25 | E33: 32.393 | F33: =IF(D33-E33<=0,0,D33-E33) -> 0 | G33: =IF(D33-E33>=0,0,D33-E33) -> -0.143 | H33: MH40AK9944 | I33: =G33/E33 -> -0.004414534 | K33: NPG
B34: 07.11.23 | C34: KEC BB | D34: 33.26 | E34: 33.402 | F34: =IF(D34-E34<=0,0,D34-E34) -> 0 | G34: =IF(D34-E34>=0,0,D34-E34) -> -0.142 | H34: MH40Y2044 | I34: =G34/E34 -> -0.0042512424 | K34: NPG
B35: 08.11.23 | C35: KEC JBP | D35: 32.73 | E35: 32.775 | F35: =IF(D35-E35<=0,0,D35-E35) -> 0 | G35: =IF(D35-E35>=0,0,D35-E35) -> -0.045 | H35: MH04FD6732 | I35: =G35/E35 -> -0.0013729977 | K35: NPG
B36: 08.11.23 | C36: KEC JBP | D36: 31.26 | E36: 31.392 | F36: =IF(D36-E36<=0,0,D36-E36) -> 0 | G36: =IF(D36-E36>=0,0,D36-E36) -> -0.132 | H36: MH40AK1959 | I36: =G36/E36 -> -0.004204893 | K36: NPG
B37: 08.11.23 | C37: KEC JPR | D37: 32.52 | E37: 32.514 | F37: =IF(D37-E37<=0,0,D37-E37) -> 0.006 | G37: =IF(D37-E37>=0,0,D37-E37) -> 0 | H37: MH49AT3052 | I37: =F37/E37 -> 0.00018453589 | K37: NPG
B38: 08.11.23 | C38: KEC BB | D38: 32.43 | E38: 32.43236 | F38: =IF(D38-E38<=0,0,D38-E38) -> 0 | G38: =IF(D38-E38>=0,0,D38-E38) -> -0.00236 | H38: MH40Y4944 | I38: =G38/E38 -> -7.2766829e-05 | K38: NPG
B39: 08.11.23 | C39: KEC BB | D39: 32.08 | E39: 32.03 | F39: =IF(D39-E39<=0,0,D39-E39) -> 0.05 | G39: =IF(D39-E39>=0,0,D39-E39) -> 0 | H39: MH46AF3590 | I39: =F39/E39 -> 0.0015610365 | K39: NPG
B40: 08.11.23 | C40: KEC JBP | D40: =24.6-0.1 -> 24.5 | E40: 24.682 | F40: =IF(D40-E40<=0,0,D40-E40) -> 0 | G40: =IF(D40-E40>=0,0,D40-E40) -> -0.182 | H40: MH40N7423 | I40: =G40/E40 -> -0.0073737947 | K40: NPG
B41: 09.11.23 | C41: KEC BB | D41: 33.67 | E41: 33.70776 | F41: =IF(D41-E41<=0,0,D41-E41) -> 0 | G41: =IF(D41-E41>=0,0,D41-E41) -> -0.03776 | H41: MH40Y3944 | I41: =G41/E41 -> -0.0011202168 | K41: NPG
B42: 09.11.23 | C42: KEC BB | D42: 33.12 | E42: 32.98 | F42: =IF(D42-E42<=0,0,D42-E42) -> 0.14 | G42: =IF(D42-E42>=0,0,D42-E42) -> 0 | H42: MH46AF3590 | I42: =F42/E42 -> 0.004244997 | K42: NPG
B43: 09.11.23 | C43: KEC BB | D43: 32.69 | E43: 32.692 | F43: =IF(D43-E43<=0,0,D43-E43) -> 0 | G43: =IF(D43-E43>=0,0,D43-E43) -> -0.002 | H43: MH40AK5044 | I43: =G43/E43 -> -6.1177046e-05 | K43: NPG
B44: 09.11.23 | C44: KEC BB | D44: 33.58 | E44: 33.486 | F44: =IF(D44-E44<=0,0,D44-E44) -> 0.094 | G44: =IF(D44-E44>=0,0,D44-E44) -> 0 | H44: MH40Y9744 | I44: =F44/E44 -> 0.0028071433 | K44: NPG
B45: 10.11.23 | C45: KEC BB | D45: 32.02 | E45: 31.994 | F45: =IF(D45-E45<=0,0,D45-E45) -> 0.026 | G45: =IF(D45-E45>=0,0,D45-E45) -> 0 | H45: MH46AF3590 | I45: =F45/E45 -> 0.00081265237 | K45: NPG
B46: 10.11.23 | C46: KEC JBP | D46: 32.41 | E46: 32.646 | F46: =IF(D46-E46<=0,0,D46-E46) -> 0 | G46: =IF(D46-E46>=0,0,D46-E46) -> -0.236 | H46: MH49AT2950 | I46: =G46/E46 -> -0.0072290633 | K46: NPG
B47: 10.11.23 | C47: KEC BB | D47: 31.26 | E47: 31.549 | F47: =IF(D47-E47<=0,0,D47-E47) -> 0 | G47: =IF(D47-E47>=0,0,D47-E47) -> -0.289 | H47: MH40Y3944 | I47: =G47/E47 -> -0.0091603537 | K47: NPG
B48: 11.11.23 | C48: KEC BB | D48: 31.53 | E48: 31.871 | F48: =IF(D48-E48<=0,0,D48-E48) -> 0 | G48: =IF(D48-E48>=0,0,D48-E48) -> -0.341 | H48: MH40Y3944 | I48: =G48/E48 -> -0.010699382 | K48: NPG
B49: 11.11.23 | C49: KEC BB | D49: 32.03 | E49: 32.499 | F49: =IF(D49-E49<=0,0,D49-E49) -> 0 | G49: =IF(D49-E49>=0,0,D49-E49) -> -0.469 | H49: MH46AF3590 | I49: =G49/E49 -> -0.014431213 | K49: NPG
B50: 11.11.23 | C50: KEC JBP | D50: 33.19 | E50: 33.055 | F50: =IF(D50-E50<=0,0,D50-E50) -> 0.135 | G50: =IF(D50-E50>=0,0,D50-E50) -> 0 | H50: MH49AT3050 | I50: =F50/E50 -> 0.0040841023 | K50: PG
B51: 11.11.23 | C51: KEC JBP | D51: 32.47 | E51: 32.596 | F51: =IF(D51-E51<=0,0,D51-E51) -> 0 | G51: =IF(D51-E51>=0,0,D51-E51) -> -0.126 | H51: MH49AT2913 | I51: =G51/E51 -> -0.003865505 | K51: PG
B52: 11.11.23 | C52: KEC JBP | D52: 32.07 | E52: 32.035 | F52: =IF(D52-E52<=0,0,D52-E52) -> 0.035 | G52: =IF(D52-E52>=0,0,D52-E52) -> 0 | H52: MH40AK6075 | I52: =F52/E52 -> 0.001092555 | K52: PG
B53: 15.11.23 | C53: KEC JBP | D53: 32.51 | E53: 32.463 | F53: =IF(D53-E53<=0,0,D53-E53) -> 0.047 | G53: =IF(D53-E53>=0,0,D53-E53) -> 0 | H53: MH49AT0508 | I53: =F53/E53 -> 0.0014478021 | K53: PG
B54: 15.11.23 | C54: KEC JBP | D54: 33.06 | E54: 33.003 | F54: =IF(D54-E54<=0,0,D54-E54) -> 0.057 | G54: =IF(D54-E54>=0,0,D54-E54) -> 0 | H54: MH49AT0406 | I54: =F54/E54 -> 0.0017271157 | K54: PG
B55: 15.11.23 | C55: KEC BB | D55: 31.82 | E55: 31.728 | F55: =IF(D55-E55<=0,0,D55-E55) -> 0.092 | G55: =IF(D55-E55>=0,0,D55-E55) -> 0 | H55: MH40Y3944 | I55: =F55/E55 -> 0.002899647 | K55: PG
B56: 15.11.23 | C56: KEC BB | D56: 32.13 | E56: 32.134 | F56: =IF(D56-E56<=0,0,D56-E56) -> 0 | G56: =IF(D56-E56>=0,0,D56-E56) -> -0.004 | H56: MH46AF3590 | I56: =G56/E56 -> -0.00012447875 | K56: PG
B57: 16.11.23 | C57: KEC BB | D57: 30.91 | E57: 31.258 | F57: =IF(D57-E57<=0,0,D57-E57) -> 0 | G57: =IF(D57-E57>=0,0,D57-E57) -> -0.348 | H57: MH46AF3590 | I57: =G57/E57 -> -0.01113315 | K57: NPG
B58: 16.11.23 | C58: KEC JBP | D58: 31.92 | E58: 31.936 | F58: =IF(D58-E58<=0,0,D58-E58) -> 0 | G58: =IF(D58-E58>=0,0,D58-E58) -> -0.016 | H58: MH40BG0669 | I58: =G58/E58 -> -0.000501002 | K58: NPG/PG
B59: 16.11.23 | C59: KEC BB | D59: 33.02 | E59: 32.993 | F59: =IF(D59-E59<=0,0,D59-E59) -> 0.027 | G59: =IF(D59-E59>=0,0,D59-E59) -> 0 | H59: MH40Y4044 | I59: =F59/E59 -> 0.00081835541 | K59: PG
B60: 16.11.23 | C60: KEC JBP | D60: 32.6 | E60: 32.193 | F60: =IF(D60-E60<=0,0,D60-E60) -> 0.407 | G60: =IF(D60-E60>=0,0,D60-E60) -> 0 | H60: MH49AT2907 | I60: =F60/E60 -> 0.0126425 | K60: NPG
B61: 17.11.23 | C61: KEC BB | D61: 32.18 | E61: 32.097 | F61: =IF(D61-E61<=0,0,D61-E61) -> 0.083 | G61: =IF(D61-E61>=0,0,D61-E61) -> 0 | H61: MH46AF3590 | I61: =F61/E61 -> 0.0025859115 | K61: NPG
B62: 17.11.23 | C62: KEC BB | D62: =22.4-0.1 -> 22.3 | E62: 22.363 | F62: =IF(D62-E62<=0,0,D62-E62) -> 0 | G62: =IF(D62-E62>=0,0,D62-E62) -> -0.063 | H62: MH46BF9229 | I62: =G62/E62 -> -0.0028171533 | K62: NPG
B63: 17.11.23 | C63: KEC BB | D63: 31.73 | E63: 31.559 | F63: =IF(D63-E63<=0,0,D63-E63) -> 0.171 | G63: =IF(D63-E63>=0,0,D63-E63) -> 0 | H63: MH40Y3944 | I63: =F63/E63 -> 0.0054184226 | K63: NPG
B64: 17.11.23 | C64: KEC BB | D64: =24.25-0.1 -> 24.15 | E64: 24.354 | F64: =IF(D64-E64<=0,0,D64-E64) -> 0 | G64: =IF(D64-E64>=0,0,D64-E64) -> -0.204 | H64: MH40AK2182 | I64: =G64/E64 -> -0.0083764474 | K64: NPG
B65: 18.11.23 | C65: KEC BB | D65: 32.84 | E65: 32.993 | F65: =IF(D65-E65<=0,0,D65-E65) -> 0 | G65: =IF(D65-E65>=0,0,D65-E65) -> -0.153 | H65: MH46AF3590 | I65: =G65/E65 -> -0.0046373473 | K65: NPG
B66: 18.11.23 | C66: KEC JPR | D66: 32.36 | E66: 31.947 | F66: =IF(D66-E66<=0,0,D66-E66) -> 0.413 | G66: =IF(D66-E66>=0,0,D66-E66) -> 0 | H66: MH49AT2915 | I66: =F66/E66 -> 0.012927661 | K66: NPG
B67: 18.11.23 | C67: KEC JBP | D67: 32.73 | E67: 32.734 | F67: =IF(D67-E67<=0,0,D67-E67) -> 0 | G67: =IF(D67-E67>=0,0,D67-E67) -> -0.004 | H67: MH49AT0397 | I67: =G67/E67 -> -0.0001221971
B68: 18.11.23 | C68: KEC JBP | D68: 11.73 | E68: 11.665 | F68: =IF(D68-E68<=0,0,D68-E68) -> 0.065 | G68: =IF(D68-E68>=0,0,D68-E68) -> 0 | H68: MH49AT1947 | I68: =F68/E68 -> 0.0055722246
B69: 18.11.23 | C69: KEC BB | D69: 32.94 | E69: 33.109 | F69: =IF(D69-E69<=0,0,D69-E69) -> 0 | G69: =IF(D69-E69>=0,0,D69-E69) -> -0.169 | H69: MH40Y2044 | I69: =G69/E69 -> -0.0051043523
B70: 19.11.23 | C70: KEC JBP | D70: 32.59 | E70: 32.35 | F70: =IF(D70-E70<=0,0,D70-E70) -> 0.24 | G70: =IF(D70-E70>=0,0,D70-E70) -> 0 | H70: MH49AT1953 | I70: =F70/E70 -> 0.0074188563
B71: 19.11.23 | C71: KEC BB | D71: =24.82-0.1 -> 24.72 | E71: 24.55 | F71: =IF(D71-E71<=0,0,D71-E71) -> 0.17 | G71: =IF(D71-E71>=0,0,D71-E71) -> 0 | H71: MH46CL0512 | I71: =F71/E71 -> 0.0069246436
B72: 19.11.23 | C72: KEC JBP | D72: 33.11 | E72: 33.135 | F72: =IF(D72-E72<=0,0,D72-E72) -> 0 | G72: =IF(D72-E72>=0,0,D72-E72) -> -0.025 | H72: MH49AT0405 | I72: =G72/E72 -> -0.00075448921
B73: 19.11.23 | C73: KEC BB | D73: =23.79-0.1 -> 23.69 | E73: 23.997 | F73: =IF(D73-E73<=0,0,D73-E73) -> 0 | G73: =IF(D73-E73>=0,0,D73-E73) -> -0.307 | H73: MH46BF7799 | I73: =G73/E73 -> -0.012793266
B74: 19.11.23 | C74: KEC BB | D74: =24.51-0.1 -> 24.41 | E74: 24.467 | F74: =IF(D74-E74<=0,0,D74-E74) -> 0 | G74: =IF(D74-E74>=0,0,D74-E74) -> -0.057 | H74: PB05AB2666 | I74: =G74/E74 -> -0.0023296685
B75: 19.11.23 | C75: KEC BB | D75: 32.07 | E75: 31.746 | F75: =IF(D75-E75<=0,0,D75-E75) -> 0.324 | G75: =IF(D75-E75>=0,0,D75-E75) -> 0 | H75: MH46AF3590 | I75: =F75/E75 -> 0.01020601
B76: 20.11.23 | C76: KEC BB | D76: 31.96 | E76: =25.513+6.115 -> 31.628 | F76: =IF(D76-E76<=0,0,D76-E76) -> 0.332 | G76: =IF(D76-E76>=0,0,D76-E76) -> 0 | H76: MH49AT2926 | I76: =F76/E76 -> 0.010497028
B77: 20.11.23 | C77: KEC BB | D77: =24.27-0.1 -> 24.17 | E77: 24.095 | F77: =IF(D77-E77<=0,0,D77-E77) -> 0.075 | G77: =IF(D77-E77>=0,0,D77-E77) -> 0 | H77: GJ12AZ5648 | I77: =F77/E77 -> 0.003112679
B78: 20.11.23 | C78: KEC BB | D78: =24.62-0.1 -> 24.52 | E78: 24.486 | F78: =IF(D78-E78<=0,0,D78-E78) -> 0.034 | G78: =IF(D78-E78>=0,0,D78-E78) -> 0 | H78: MH43CE0838 | I78: =F78/E78 -> 0.0013885486
B79: 20.11.23 | C79: KEC BB | D79: =31.44-0.044 -> 31.396 | E79: =31.164+0.044 -> 31.208 | F79: =IF(D79-E79<=0,0,D79-E79) -> 0.188 | G79: =IF(D79-E79>=0,0,D79-E79) -> 0 | H79: MH46AF3590 | I79: =F79/E79 -> 0.0060240964
B80: 21.11.23 | C80: KEC JBP | D80: 32.01 | E80: 31.902 | F80: =IF(D80-E80<=0,0,D80-E80) -> 0.108 | G80: =IF(D80-E80>=0,0,D80-E80) -> 0 | H80: MH49AT3082 | I80: =F80/E80 -> 0.0033853677
B81: 21.11.23 | C81: KEC BB | D81: 31.58 | E81: 31.387 | F81: =IF(D81-E81<=0,0,D81-E81) -> 0.193 | G81: =IF(D81-E81>=0,0,D81-E81) -> 0 | H81: MH46AF3590 | I81: =F81/E81 -> 0.0061490426
B82: 21.11.23 | C82: KEC BB | D82: 31.03 | E82: 30.973 | F82: =IF(D82-E82<=0,0,D82-E82) -> 0.057 | G82: =IF(D82-E82>=0,0,D82-E82) -> 0 | H82: MH40Y4044 | I82: =F82/E82 -> 0.0018403125
B83: 21.11.23 | C83: KEC BB | D83: 32.75 | E83: 32.676 | F83: =IF(D83-E83<=0,0,D83-E83) -> 0.074 | G83: =IF(D83-E83>=0,0,D83-E83) -> 0 | H83: MH40AK5044 | I83: =F83/E83 -> 0.0022646591
B84: 21.11.23 | C84: KEC JBP | D84: 32.73 | E84: 32.704 | F84: =IF(D84-E84<=0,0,D84-E84) -> 0.026 | G84: =IF(D84-E84>=0,0,D84-E84) -> 0 | H84: MH40AK4183 | I84: =F84/E84 -> 0.00079500978
B85: 22.11.23 | C85: KEC BB | D85: 32.38 | E85: 32.206 | F85: =IF(D85-E85<=0,0,D85-E85) -> 0.174 | G85: =IF(D85-E85>=0,0,D85-E85) -> 0 | H85: MH40Y4944 | I85: =F85/E85 -> 0.00540272
B86: 22.11.23 | C86: KEC BB | D86: 30.3 | E86: 30.472 | F86: =IF(D86-E86<=0,0,D86-E86) -> 0 | G86: =IF(D86-E86>=0,0,D86-E86) -> -0.172 | H86: MH40Y2044 | I86: =G86/E86 -> -0.0056445261
B87: 22.11.23 | C87: KEC BB | D87: 31.39 | E87: 31.324 | F87: =IF(D87-E87<=0,0,D87-E87) -> 0.066 | G87: =IF(D87-E87>=0,0,D87-E87) -> 0 | H87: MH40AK5044 | I87: =F87/E87 -> 0.0021070106
B88: 22.11.23 | C88: KEC JBP | D88: 32.81 | E88: 32.901 | F88: =IF(D88-E88<=0,0,D88-E88) -> 0 | G88: =IF(D88-E88>=0,0,D88-E88) -> -0.091 | H88: MH40AK1958 | I88: =G88/E88 -> -0.0027658734
B89: 23.11.23 | C89: KEC DUBAI | D89: =24.93-0.1 -> 24.83 | E89: 24.714 | F89: =IF(D89-E89<=0,0,D89-E89) -> 0.116 | G89: =IF(D89-E89>=0,0,D89-E89) -> 0 | H89: MH46H3531 | I89: =F89/E89 -> 0.0046936959
B90: 23.11.23 | C90: KEC JBP | D90: 32.06 | E90: 32.05328 | F90: =IF(D90-E90<=0,0,D90-E90) -> 0.00672 | G90: =IF(D90-E90>=0,0,D90-E90) -> 0 | H90: MH40AK2189 | I90: =F90/E90 -> 0.00020965093
B91: 23.11.23 | C91: KEC BB | D91: 32.11 | E91: 31.98 | F91: =IF(D91-E91<=0,0,D91-E91) -> 0.13 | G91: =IF(D91-E91>=0,0,D91-E91) -> 0 | H91: MH40AK5044 | I91: =F91/E91 -> 0.0040650407
B92: 23.11.23 | C92: KEC JBP | D92: 31.98 | E92: 31.946 | F92: =IF(D92-E92<=0,0,D92-E92) -> 0.034 | G92: =IF(D92-E92>=0,0,D92-E92) -> 0 | H92: MH49AT2914 | I92: =F92/E92 -> 0.001064296
B93: 23.11.23 | C93: KEC BB | D93: 32.31 | E93: 32.347 | F93: =IF(D93-E93<=0,0,D93-E93) -> 0 | G93: =IF(D93-E93>=0,0,D93-E93) -> -0.037 | H93: MH40Y3944 | I93: =G93/E93 -> -0.0011438464
B94: 24.11.23 | C94: KEC DUBAI | D94: =24.07-0.1 -> 23.97 | E94: 24.258 | F94: =IF(D94-E94<=0,0,D94-E94) -> 0 | G94: =IF(D94-E94>=0,0,D94-E94) -> -0.288 | H94: MH43BG4230 | I94: =G94/E94 -> -0.011872372
B95: 24.11.23 | C95: KEC BB | D95: 32.67 | E95: 32.59 | F95: =IF(D95-E95<=0,0,D95-E95) -> 0.08 | G95: =IF(D95-E95>=0,0,D95-E95) -> 0 | H95: MH40Y2044 | I95: =F95/E95 -> 0.0024547407
B96: 24.11.23 | C96: KEC JBP | D96: 33.17 | E96: 32.953 | F96: =IF(D96-E96<=0,0,D96-E96) -> 0.217 | G96: =IF(D96-E96>=0,0,D96-E96) -> 0 | H96: MH40AK1959 | I96: =F96/E96 -> 0.0065851364
B97: 24.11.23 | C97: KEC BB | D97: 32.59 | E97: 32.631 | F97: =IF(D97-E97<=0,0,D97-E97) -> 0 | G97: =IF(D97-E97>=0,0,D97-E97) -> -0.041 | H97: MH40AK5044 | I97: =G97/E97 -> -0.0012564739
B98: 24.11.23 | C98: KEC JBP | D98: 32.61 | E98: 32.615 | F98: =IF(D98-E98<=0,0,D98-E98) -> 0 | G98: =IF(D98-E98>=0,0,D98-E98) -> -0.005 | H98: MH40AK1960 | I98: =G98/E98 -> -0.00015330369
B99: 25.11.23 | C99: KEC JBP | D99: 17.06 | E99: 17.0356 | F99: =IF(D99-E99<=0,0,D99-E99) -> 0.0244 | G99: =IF(D99-E99>=0,0,D99-E99) -> 0 | H99: MH40N7423 | I99: =F99/E99 -> 0.0014322947
B100: 25.11.23 | C100: KEC BB | D100: 32.4 | E100: 32.461 | F100: =IF(D100-E100<=0,0,D100-E100) -> 0 | G100: =IF(D100-E100>=0,0,D100-E100) -> -0.061 | H100: MH40Y4044 | I100: =G100/E100 -> -0.0018791781
B101: 25.11.23 | C101: KEC BB | D101: 32.6 | E101: 32.6 | F101: =IF(D101-E101<=0,0,D101-E101) -> 0 | G101: =IF(D101-E101>=0,0,D101-E101) -> 0 | H101: MH40AK5044 | I101: =F101/E101 -> 0
B102: 25.11.23 | C102: KEC JBP | D102: 32.44 | E102: 32.465 | F102: =IF(D102-E102<=0,0,D102-E102) -> 0 | G102: =IF(D102-E102>=0,0,D102-E102) -> -0.025 | H102: MH49AT6390 | I102: =G102/E102 -> -0.00077006006
...

Sheet DEC -23
B2: SEC.& KATA WT,DIFFERENCE ANGLE DEC 2023 (vil bub)
B4: DISP.DATE | C4: PARTY | D4: KATA WT | E4: SEC.WT | F4: (+) WT | G4: (-)WT | H4: VEHICLE.NO. | I4: Net (+/-) % | J4: SECTION | K4: PG/NPG
B5: 01.12.23 | C5: KEC BB | D5: 32.83 | E5: 33.139 | F5: =IF(D5-E5<=0,0,D5-E5) -> 0 | G5: =IF(D5-E5>=0,0,D5-E5) -> -0.309 | H5: MH46AF3590 | I5: =G5/E5 -> -0.009324361 | J5: HT-150X11/12/10/15 HT-130X11/10
B6: 01.12.23 | C6: KEC BB | D6: 31.99 | E6: 32.032 | F6: =IF(D6-E6<=0,0,D6-E6) -> 0 | G6: =IF(D6-E6>=0,0,D6-E6) -> -0.042 | H6: MH40Y5844 | I6: =G6/E6 -> -0.0013111888 | J6: HT-150X11/12/10/15 HT-130X11/10
B7: 01.12.23 | C7: KEC BB | D7: 33.09 | E7: 33.004 | F7: =IF(D7-E7<=0,0,D7-E7) -> 0.086 | G7: =IF(D7-E7>=0,0,D7-E7) -> 0 | H7: MH40BG1844 | I7: =F7/E7 -> 0.0026057448 | J7: HT-150X11/12/10/15 HT-130X11/10
B8: 01.12.23 | C8: KEC BB | D8: 32.89 | E8: 33.12 | F8: =IF(D8-E8<=0,0,D8-E8) -> 0 | G8: =IF(D8-E8>=0,0,D8-E8) -> -0.23 | H8: MH40AK9944 | I8: =G8/E8 -> -0.0069444444 | J8: HT-150X11/12/10/15 HT-130X11/10
B9: 02.12.23 | C9: KEC BB | D9: 32.21 | E9: 32.164 | F9: =IF(D9-E9<=0,0,D9-E9) -> 0.046 | G9: =IF(D9-E9>=0,0,D9-E9) -> 0 | H9: MH46AF3590 | I9: =F9/E9 -> 0.0014301704 | J9: HT-150X11/12/10/15 HT-130X11/10
B10: 02.12.23 | C10: KEC BB | D10: 31.6 | E10: 31.991 | F10: =IF(D10-E10<=0,0,D10-E10) -> 0 | G10: =IF(D10-E10>=0,0,D10-E10) -> -0.391 | H10: MH40BG1844 | I10: =G10/E10 -> -0.012222187 | J10: HT-150X11/12/10/15 HT-130X11/10
B11: 02.12.23 | C11: KEC BB | D11: 32.13 | E11: 32.5316 | F11: =IF(D11-E11<=0,0,D11-E11) -> 0 | G11: =IF(D11-E11>=0,0,D11-E11) -> -0.4016 | H11: MH40Y5844 | I11: =G11/E11 -> -0.01234492 | J11: HT-150X11/12/10/15 HT-130X11/10
B12: 02.12.23 | C12: KEC BB | D12: 32.22 | E12: 32.208 | F12: =IF(D12-E12<=0,0,D12-E12) -> 0.012 | G12: =IF(D12-E12>=0,0,D12-E12) -> 0 | H12: MH40AK9944 | I12: =F12/E12 -> 0.00037257824 | J12: HT-150X11/12/10/15 HT-130X11/10
B13: 02.12.23 | C13: KEC BB | D13: 31.96 | E13: 32.079 | F13: =IF(D13-E13<=0,0,D13-E13) -> 0 | G13: =IF(D13-E13>=0,0,D13-E13) -> -0.119 | H13: MH40Y3944 | I13: =G13/E13 -> -0.0037095919 | J13: HT-150X11/12/10/15 HT-130X11/10
B14: 02.12.23 | C14: KEC BB | D14: 31.45 | E14: 31.464 | F14: =IF(D14-E14<=0,0,D14-E14) -> 0 | G14: =IF(D14-E14>=0,0,D14-E14) -> -0.014 | H14: MH40Y9744 | I14: =G14/E14 -> -0.00044495296 | J14: HT-150X11/12/10/15 HT-130X11/10
B15: 02.12.23 | C15: KEC JBP | D15: 32.84 | E15: 32.656 | F15: =IF(D15-E15<=0,0,D15-E15) -> 0.184 | G15: =IF(D15-E15>=0,0,D15-E15) -> 0 | H15: MH49AT0409 | I15: =F15/E15 -> 0.0056344929 | J15: HT-150X11/12/10/15 HT-130X11/10
B16: 03.12.23 | C16: KEC BB | D16: 31.97 | E16: 32.287 | F16: =IF(D16-E16<=0,0,D16-E16) -> 0 | G16: =IF(D16-E16>=0,0,D16-E16) -> -0.317 | H16: MH40Y5844 | I16: =G16/E16 -> -0.0098181931 | J16: HT-150X11/12/10/15 HT-130X11/10
B17: 03.12.23 | C17: KEC BB | D17: 31.95 | E17: 32.221 | F17: =IF(D17-E17<=0,0,D17-E17) -> 0 | G17: =IF(D17-E17>=0,0,D17-E17) -> -0.271 | H17: MH40Y3944 | I17: =G17/E17 -> -0.0084106639 | J17: HT-150X11/12/10/15 HT-130X11/10
B18: 03.12.23 | C18: KEC BB | D18: 31.83 | E18: 31.916 | F18: =IF(D18-E18<=0,0,D18-E18) -> 0 | G18: =IF(D18-E18>=0,0,D18-E18) -> -0.086 | H18: MH46AF3590 | I18: =G18/E18 -> -0.0026945733 | J18: HT-150X11/12/10/15 HT-130X11/10
B19: 03.12.23 | C19: KEC BB | D19: 32.19 | E19: 32.272 | F19: =IF(D19-E19<=0,0,D19-E19) -> 0 | G19: =IF(D19-E19>=0,0,D19-E19) -> -0.082 | H19: MH40Y9844 | I19: =G19/E19 -> -0.0025409023 | J19: HT-150X11/12/10/15 HT-130X11/10
B20: 03.12.23 | C20: KEC BB | D20: 33.14 | E20: 33.25452 | F20: =IF(D20-E20<=0,0,D20-E20) -> 0 | G20: =IF(D20-E20>=0,0,D20-E20) -> -0.11452 | H20: MH40Y4044 | I20: =G20/E20 -> -0.0034437424 | J20: HT-150X11/12/10/15 HT-130X11/10
B21: 03.12.23 | C21: KEC BB | D21: 31.18 | E21: 31.416 | F21: =IF(D21-E21<=0,0,D21-E21) -> 0 | G21: =IF(D21-E21>=0,0,D21-E21) -> -0.236 | H21: MH40AK5144 | I21: =G21/E21 -> -0.0075120957 | J21: HT-150X11/12/10/15 HT-130X11/10
B22: 03.12.23 | C22: KEC BB | D22: 31.4 | E22: 31.6758 | F22: =IF(D22-E22<=0,0,D22-E22) -> 0 | G22: =IF(D22-E22>=0,0,D22-E22) -> -0.2758 | H22: MH40Y5844 | I22: =G22/E22 -> -0.0087069624 | J22: HT-150X11/12/10/15 HT-130X11/10
B23: 04.12.23 | C23: KEC BB | D23: 32.06 | E23: 32.016 | F23: =IF(D23-E23<=0,0,D23-E23) -> 0.044 | G23: =IF(D23-E23>=0,0,D23-E23) -> 0 | H23: MH46AF3590 | I23: =F23/E23 -> 0.0013743128 | J23: HT-150X11/12/10/15 HT-130X11/10
B24: 04.12.23 | C24: KEC BB | D24: 32 | E24: 32.08369 | F24: =IF(D24-E24<=0,0,D24-E24) -> 0 | G24: =IF(D24-E24>=0,0,D24-E24) -> -0.08369 | H24: MH40Y1455 | I24: =G24/E24 -> -0.0026084905 | J24: HT-150X11/12/10/15 HT-130X11/10
B25: 04.12.23 | C25: KEC BB | D25: 31.59 | E25: 31.6184 | F25: =IF(D25-E25<=0,0,D25-E25) -> 0 | G25: =IF(D25-E25>=0,0,D25-E25) -> -0.0284 | H25: MH40Y3944 | I25: =G25/E25 -> -0.00089821117 | J25: HT-150X11/12/10/15 HT-130X11/10
B26: 04.12.23 | C26: KEC BB | D26: 32.77 | E26: 32.992 | F26: =IF(D26-E26<=0,0,D26-E26) -> 0 | G26: =IF(D26-E26>=0,0,D26-E26) -> -0.222 | H26: MH40Y5844 | I26: =G26/E26 -> -0.006728904 | J26: HT-150X11/12/10/15 HT-130X11/10
B27: 04.12.23 | C27: KEC BB | D27: 32.28 | E27: 32.39 | F27: =IF(D27-E27<=0,0,D27-E27) -> 0 | G27: =IF(D27-E27>=0,0,D27-E27) -> -0.11 | H27: MH40AK3044 | I27: =G27/E27 -> -0.0033961099 | J27: HT-150X11/12/10/15 HT-130X11/10
B28: 04.12.23 | C28: KEC BB | D28: 31.52 | E28: 31.669 | F28: =IF(D28-E28<=0,0,D28-E28) -> 0 | G28: =IF(D28-E28>=0,0,D28-E28) -> -0.149 | H28: MH40Y9844 | I28: =G28/E28 -> -0.0047049165 | J28: HT-150X11/12/10/15 HT-130X11/10
B29: 04.12.23 | C29: KEC BB | D29: 32.79 | E29: 32.956 | F29: =IF(D29-E29<=0,0,D29-E29) -> 0 | G29: =IF(D29-E29>=0,0,D29-E29) -> -0.166 | H29: MH46AF3590 | I29: =G29/E29 -> -0.0050370191 | J29: HT-150X11/12/10/15 HT-130X11/10
B30: 04.12.23 | C30: KEC JBP | D30: 39.58 | E30: 39.652 | F30: =IF(D30-E30<=0,0,D30-E30) -> 0 | G30: =IF(D30-E30>=0,0,D30-E30) -> -0.072 | H30: MH49AT4594 | I30: =G30/E30 -> -0.0018157974 | J30: HT-150X11/12/10/15 HT-130X11/10
B31: 05.12.23 | C31: KEC BB | D31: 32.28 | E31: 32.242 | F31: =IF(D31-E31<=0,0,D31-E31) -> 0.038 | G31: =IF(D31-E31>=0,0,D31-E31) -> 0 | H31: MH40AK5144 | I31: =F31/E31 -> 0.0011785869 | J31: HT-150X11/12/10/15 HT-130X11/10
B32: 05.12.23 | C32: KEC BB | D32: 32.69 | E32: 32.704 | F32: =IF(D32-E32<=0,0,D32-E32) -> 0 | G32: =IF(D32-E32>=0,0,D32-E32) -> -0.014 | H32: MH40Y3944 | I32: =G32/E32 -> -0.00042808219 | J32: HT-150X11/12/10/15 HT-130X11/10
B33: 05.12.23 | C33: KEC BB | D33: 32.87 | E33: 33.04545 | F33: =IF(D33-E33<=0,0,D33-E33) -> 0 | G33: =IF(D33-E33>=0,0,D33-E33) -> -0.17545 | H33: MH40Y4044 | I33: =G33/E33 -> -0.0053093542 | J33: HT-150X11/12/10/15 HT-130X11/10
B34: 05.12.23 | C34: KEC BB | D34: 31.17 | E34: 31.371 | F34: =IF(D34-E34<=0,0,D34-E34) -> 0 | G34: =IF(D34-E34>=0,0,D34-E34) -> -0.201 | H34: MH46AF3590 | I34: =G34/E34 -> -0.0064071914 | J34: HT-150X11/12/10/15 HT-130X11/10
B35: 05.12.23 | C35: KEC BB | D35: 31.85 | E35: 32.021 | F35: =IF(D35-E35<=0,0,D35-E35) -> 0 | G35: =IF(D35-E35>=0,0,D35-E35) -> -0.171 | H35: MH40AK5044 | I35: =G35/E35 -> -0.0053402455 | J35: HT-150X11/12/10/15 HT-130X11/10
B36: 05.12.23 | C36: KEC BB | D36: 31.43 | E36: 31.638 | F36: =IF(D36-E36<=0,0,D36-E36) -> 0 | G36: =IF(D36-E36>=0,0,D36-E36) -> -0.208 | H36: MH40Y3944 | I36: =G36/E36 -> -0.0065743726 | J36: HT-150X11/12/10/15 HT-130X11/10
B37: 05.12.23 | C37: KEC BB | D37: 31.16 | E37: 31.3 | F37: =IF(D37-E37<=0,0,D37-E37) -> 0 | G37: =IF(D37-E37>=0,0,D37-E37) -> -0.14 | H37: MH40AK5144 | I37: =G37/E37 -> -0.0044728435 | J37: HT-150X11/12/10/15 HT-130X11/10
B38: 06.12.23 | C38: KEC BB | D38: 32.1 | E38: 32.252 | F38: =IF(D38-E38<=0,0,D38-E38) -> 0 | G38: =IF(D38-E38>=0,0,D38-E38) -> -0.152 | H38: MH46AF3590 | I38: =G38/E38 -> -0.004712886 | J38: HT-150X11/12/10/15 HT-130X11/10
B39: 06.12.23 | C39: KEC BB | D39: 31.24 | E39: 31.233 | F39: =IF(D39-E39<=0,0,D39-E39) -> 0.007 | G39: =IF(D39-E39>=0,0,D39-E39) -> 0 | H39: MH40Y3944 | I39: =F39/E39 -> 0.00022412192 | J39: HT-150X11/12/10/15 HT-130X11/10
B40: 06.12.23 | C40: KEC JBP | D40: 32.08 | E40: 32.35 | F40: =IF(D40-E40<=0,0,D40-E40) -> 0 | G40: =IF(D40-E40>=0,0,D40-E40) -> -0.27 | H40: MH40AK2189 | I40: =G40/E40 -> -0.0083462133 | J40: HT-150X11/12/10/15 HT-130X11/10
B41: 06.12.23 | C41: KEC JBP | D41: 32.57 | E41: 32.991 | F41: =IF(D41-E41<=0,0,D41-E41) -> 0 | G41: =IF(D41-E41>=0,0,D41-E41) -> -0.421 | H41: MH49AT2949 | I41: =G41/E41 -> -0.012761056 | J41: HT-150X11/12/10/15 HT-130X11/10
B42: 06.12.23 | C42: KEC BB | D42: 31.88 | E42: 32.174 | F42: =IF(D42-E42<=0,0,D42-E42) -> 0 | G42: =IF(D42-E42>=0,0,D42-E42) -> -0.294 | H42: MH40AK5044 | I42: =G42/E42 -> -0.0091378131 | J42: HT-150X11/12/10/15 HT-130X11/10
B43: 06.12.23 | C43: KEC BB | D43: 31.92 | E43: 32.315 | F43: =IF(D43-E43<=0,0,D43-E43) -> 0 | G43: =IF(D43-E43>=0,0,D43-E43) -> -0.395 | H43: MH40Y9844 | I43: =G43/E43 -> -0.012223426 | J43: HT-150X11/12/10/15 HT-130X11/10
B44: 06.12.23 | C44: KEC BB | D44: 30.95 | E44: 31.12 | F44: =IF(D44-E44<=0,0,D44-E44) -> 0 | G44: =IF(D44-E44>=0,0,D44-E44) -> -0.17 | H44: MH40Y4944 | I44: =G44/E44 -> -0.0054627249 | J44: HT-150X11/12/10/15 HT-130X11/10
B45: 06.12.23 | C45: KEC BB | D45: 30.87 | E45: 31.187 | F45: =IF(D45-E45<=0,0,D45-E45) -> 0 | G45: =IF(D45-E45>=0,0,D45-E45) -> -0.317 | H45: MH40Y5644 | I45: =G45/E45 -> -0.010164492 | J45: HT-150X11/12/10/15 HT-130X11/10
B46: 07.12.23 | C46: KEC BB | D46: 31.98 | E46: 32.031 | F46: =IF(D46-E46<=0,0,D46-E46) -> 0 | G46: =IF(D46-E46>=0,0,D46-E46) -> -0.051 | H46: MH46AF3590 | I46: =G46/E46 -> -0.0015922075 | J46: HT-150X11/12/10/15 HT-130X11/10
B47: 07.12.23 | C47: KEC BB | D47: 32.35 | E47: 32.65454 | F47: =IF(D47-E47<=0,0,D47-E47) -> 0 | G47: =IF(D47-E47>=0,0,D47-E47) -> -0.30454 | H47: MH40Y3944 | I47: =G47/E47 -> -0.0093261151 | J47: HT-150X11/12/10/15 HT-130X11/10
B48: 07.12.23 | C48: KEC BB | D48: 32.9 | E48: 33.21 | F48: =IF(D48-E48<=0,0,D48-E48) -> 0 | G48: =IF(D48-E48>=0,0,D48-E48) -> -0.31 | H48: MH40AK5044 | I48: =G48/E48 -> -0.0093345378 | J48: HT-150X11/12/10/15 HT-130X11/10
B49: 07.12.23 | C49: KEC BB | D49: 31.92 | E49: 32.004 | F49: =IF(D49-E49<=0,0,D49-E49) -> 0 | G49: =IF(D49-E49>=0,0,D49-E49) -> -0.084 | H49: MH40Y4044 | I49: =G49/E49 -> -0.0026246719 | J49: HT-150X11/12/10/15 HT-130X11/10
B50: 07.12.23 | C50: KEC BB | D50: 33 | E50: 33.115 | F50: =IF(D50-E50<=0,0,D50-E50) -> 0 | G50: =IF(D50-E50>=0,0,D50-E50) -> -0.115 | H50: MH46AF3590 | I50: =G50/E50 -> -0.0034727465 | J50: HT-150X11/12/10/15 HT-130X11/10
B51: 07.12.23 | C51: KEC BB | D51: 32.23 | E51: 32.487 | F51: =IF(D51-E51<=0,0,D51-E51) -> 0 | G51: =IF(D51-E51>=0,0,D51-E51) -> -0.257 | H51: MH40BG1844 | I51: =G51/E51 -> -0.0079108567 | J51: HT-150X11/12/10/15 HT-130X11/10
... B56: 08.12.23 | C56: KEC JBP | D56: 32.33 | E56: 32.737 | F56: =IF(D56-E56<=0,0,D56-E56) -> 0 | G56: =IF(D56-E56>=0,0,D56-E56) -> -0.407 | H56: MH49AT1952 | I56: =G56/E56 -> -0.012432416 | J56: HT-150X11/12/10/15 HT-130X11/10
B57: 08.12.23 | C57: KEC BB | D57: 31.97 | E57: 31.438 | F57: =IF(D57-E57<=0,0,D57-E57) -> 0.532 | G57: =IF(D57-E57>=0,0,D57-E57) -> 0 | H57: MH40Y 4044 | I57: =F57/E57 -> 0.016922196 | J57: HT-150X11/12/10/15 HT-130X11/10
B58: 08.12.23 | C58: KEC JBP | D58: 32.21 | E58: 32.572 | F58: =IF(D58-E58<=0,0,D58-E58) -> 0 | G58: =IF(D58-E58>=0,0,D58-E58) -> -0.362 | H58: MH49AT2926 | I58: =G58/E58 -> -0.01111384 | J58: HT-150X11/12/10/15 HT-130X11/10
B59: 08.12.23 | C59: KEC BB | D59: 31.88 | E59: 32.232 | F59: =IF(D59-E59<=0,0,D59-E59) -> 0 | G59: =IF(D59-E59>=0,0,D59-E59) -> -0.352 | H59: MH40Y3944 | I59: =G59/E59 -> -0.010920824 | J59: HT-150X11/12/10/15 HT-130X11/10
B60: 09.12.23 | C60: KEC BB | D60: 33.43 | E60: 32.967 | F60: =IF(D60-E60<=0,0,D60-E60) -> 0.463 | G60: =IF(D60-E60>=0,0,D60-E60) -> 0 | H60: MH40Y3944 | I60: =F60/E60 -> 0.014044347 | J60: HT-150X11/12/10/15 HT-130X11/10
B61: 09.12.23 | C61: KEC BB | D61: 32.35 | E61: 32.654 | F61: =IF(D61-E61<=0,0,D61-E61) -> 0 | G61: =IF(D61-E61>=0,0,D61-E61) -> -0.304 | H61: MH40Y4944 | I61: =G61/E61 -> -0.0093097323 | J61: HT-150X11/12/10/15 HT-130X11/10
B62: 09.12.23 | C62: KEC BB | D62: 33 | E62: 33.027 | F62: =IF(D62-E62<=0,0,D62-E62) -> 0 | G62: =IF(D62-E62>=0,0,D62-E62) -> -0.027 | H62: MH46AR8099 | I62: =G62/E62 -> -0.00081751294 | J62: HT-150X11/12/10/15 HT-130X11/10
B63: 09.12.23 | C63: KEC JBP | D63: 31.88 | E63: 32.297 | F63: =IF(D63-E63<=0,0,D63-E63) -> 0 | G63: =IF(D63-E63>=0,0,D63-E63) -> -0.417 | H63: MH49AT0504 | I63: =G63/E63 -> -0.012911416 | J63: HT-150X11/12/10/15 HT-130X11/10
B64: 09.12.23 | C64: KEC BB | D64: 32.05 | E64: 32.408 | F64: =IF(D64-E64<=0,0,D64-E64) -> 0 | G64: =IF(D64-E64>=0,0,D64-E64) -> -0.358 | H64: MH46AF3590 | I64: =G64/E64 -> -0.011046655 | J64: HT-150X11/12/10/15 HT-130X11/10
B65: 09.12.23 | C65: KEC JBP | D65: 31.76 | E65: 32.061 | F65: =IF(D65-E65<=0,0,D65-E65) -> 0 | G65: =IF(D65-E65>=0,0,D65-E65) -> -0.301 | H65: MH40AK6002 | I65: =G65/E65 -> -0.0093883535 | J65: HT-150X11/12/10/15 HT-130X11/10
B66: 09.12.23 | C66: KEC BB | D66: 32.06 | E66: 32.38 | F66: =IF(D66-E66<=0,0,D66-E66) -> 0 | G66: =IF(D66-E66>=0,0,D66-E66) -> -0.32 | H66: MH40Y3944 | I66: =G66/E66 -> -0.0098826436 | J66: HT-150X11/12/10/15 HT-130X11/10
B67: 10.12.23 | C67: KEC BB | D67: 31.66 | E67: 32.062 | F67: =IF(D67-E67<=0,0,D67-E67) -> 0 | G67: =IF(D67-E67>=0,0,D67-E67) -> -0.402 | H67: MH46AR8099 | I67: =G67/E67 -> -0.012538207 | J67: HT-150X11/12/10/15 HT-130X11/10
B68: 10.12.23 | C68: KEC BB | D68: 31.2 | E68: 31.30552 | F68: =IF(D68-E68<=0,0,D68-E68) -> 0 | G68: =IF(D68-E68>=0,0,D68-E68) -> -0.10552 | H68: MH40Y4044 | I68: =G68/E68 -> -0.0033706516 | J68: HT-150X11/12/10/15 HT-130X11/10
B69: 10.12.23 | C69: KEC JBP | D69: 31.97 | E69: 32.314 | F69: =IF(D69-E69<=0,0,D69-E69) -> 0 | G69: =IF(D69-E69>=0,0,D69-E69) -> -0.344 | H69: MH49AT1951 | I69: =G69/E69 -> -0.010645541 | J69: HT-150X11/12/10/15 HT-130X11/10
B70: 10.12.23 | C70: KEC BB | D70: 32.32 | E70: 32.69 | F70: =IF(D70-E70<=0,0,D70-E70) -> 0 | G70: =IF(D70-E70>=0,0,D70-E70) -> -0.37 | H70: MH40Y4944 | I70: =G70/E70 -> -0.011318446 | J70: HT-150X11/12/10/15 HT-130X11/10
B71: 10.12.23 | C71: KEC JBP | D71: 32.48 | E71: 32.757 | F71: =IF(D71-E71<=0,0,D71-E71) -> 0 | G71: =IF(D71-E71>=0,0,D71-E71) -> -0.277 | H71: MH40-AK 1959 | I71: =G71/E71 -> -0.0084562078 | J71: HT-150X11/12/10/15 HT-130X11/10
B72: 10.12.23 | C72: KEC JPR | D72: 25.33 | E72: =20.652+4.623 -> 25.275 | F72: =IF(D72-E72<=0,0,D72-E72) -> 0.055 | G72: =IF(D72-E72>=0,0,D72-E72) -> 0 | H72: MH49AT0507 | I72: =F72/E72 -> 0.0021760633 | J72: HT-150X11/12/10/15 HT-130X11/10
B73: 10.12.23 | C73: KEC JBP | D73: 32.28 | E73: 32.61 | F73: =IF(D73-E73<=0,0,D73-E73) -> 0 | G73: =IF(D73-E73>=0,0,D73-E73) -> -0.33 | H73: MH49AT1956 | I73: =G73/E73 -> -0.010119595 | J73: HT-150X11/12/10/15 HT-130X11/10
B74: 10.12.23 | C74: KEC BB | D74: 30.57 | E74: 30.861 | F74: =IF(D74-E74<=0,0,D74-E74) -> 0 | G74: =IF(D74-E74>=0,0,D74-E74) -> -0.291 | H74: MH40Y3944 | I74: =G74/E74 -> -0.0094293769 | J74: HT-150X11/12/10/15 HT-130X11/10
B75: 11.12.23 | C75: KEC JBP | D75: 32.06 | E75: 32.394 | F75: =IF(D75-E75<=0,0,D75-E75) -> 0 | G75: =IF(D75-E75>=0,0,D75-E75) -> -0.334 | H75: MH40BG 0309 | I75: =G75/E75 -> -0.010310551 | J75: HT-150X11/12/10/15 HT-130X11/10
B76: 11.12.23 | C76: KEC JBP | D76: 31.36 | E76: 31.582 | F76: =IF(D76-E76<=0,0,D76-E76) -> 0 | G76: =IF(D76-E76>=0,0,D76-E76) -> -0.222 | H76: MH49AT1947 | I76: =G76/E76 -> -0.0070293205 | J76: HT-150X11/12/10/15 HT-130X11/10
B77: 11.12.23 | C77: KEC JBP | D77: 32.47 | E77: 32.739 | F77: =IF(D77-E77<=0,0,D77-E77) -> 0 | G77: =IF(D77-E77>=0,0,D77-E77) -> -0.269 | H77: MH49AT1954 | I77: =G77/E77 -> -0.0082165002 | J77: HT-150X11/12/10/15 HT-130X11/10
B78: 11.12.23 | C78: KEC JBP | D78: 32.21 | E78: 32.36205 | F78: =IF(D78-E78<=0,0,D78-E78) -> 0 | G78: =IF(D78-E78>=0,0,D78-E78) -> -0.15205 | H78: MH49AT0508 | I78: =G78/E78 -> -0.0046984045 | J78: HT-150X11/12/10/15 HT-130X11/10
B79: 11.12.23 | C79: KEC BB | D79: 30.05 | E79: 29.918 | F79: =IF(D79-E79<=0,0,D79-E79) -> 0.132 | G79: =IF(D79-E79>=0,0,D79-E79) -> 0 | H79: MH31CQ3544 | I79: =F79/E79 -> 0.0044120596 | J79: HT-150X11/12/10/15 HT-130X11/10
B80: 12.12.23 | C80: KEC JBP | D80: 32 | E80: 32.9064 | F80: =IF(D80-E80<=0,0,D80-E80) -> 0 | G80: =IF(D80-E80>=0,0,D80-E80) -> -0.9064 | H80: MH40N7379 | I80: =G80/E80 -> -0.027544794 | J80: HT-150X11/12/10/15 HT-130X11/10
B81: 12.12.23 | C81: KEC BB | D81: 32.66 | E81: 32.587 | F81: =IF(D81-E81<=0,0,D81-E81) -> 0.073 | G81: =IF(D81-E81>=0,0,D81-E81) -> 0 | H81: MH40BG1844 | I81: =F81/E81 -> 0.0022401571 | J81: HT-150X11/12/10/15 HT-130X11/10
B82: 12.12.23 | C82: KEC BB | D82: 31.74 | E82: 31.546 | F82: =IF(D82-E82<=0,0,D82-E82) -> 0.194 | G82: =IF(D82-E82>=0,0,D82-E82) -> 0 | H82: MH40Y1355 | I82: =F82/E82 -> 0.0061497496 | J82: HT-150X11/12/10/15 HT-130X11/10
B83: 12.12.23 | C83: KEC JBP | D83: 31.3 | E83: 32.04658 | F83: =IF(D83-E83<=0,0,D83-E83) -> 0 | G83: =IF(D83-E83>=0,0,D83-E83) -> -0.74658 | H83: MH40AK1958 | I83: =G83/E83 -> -0.023296714 | J83: HT-150X11/12/10/15 HT-130X11/10
B84: 12.12.23 | C84: KEC JBP | D84: 40.11 | E84: 40.337461 | F84: =IF(D84-E84<=0,0,D84-E84) -> 0 | G84: =IF(D84-E84>=0,0,D84-E84) -> -0.2274615 | H84: MH40AK4384 | I84: =G84/E84 -> -0.0056389642 | J84: HT-150X11/12/10/15 HT-130X11/10
B85: 12.12.23 | C85: KEC JBP | D85: 31.11 | E85: 31.84536 | F85: =IF(D85-E85<=0,0,D85-E85) -> 0 | G85: =IF(D85-E85>=0,0,D85-E85) -> -0.73536 | H85: MH49AT1955 | I85: =G85/E85 -> -0.02309159 | J85: HT-150X11/12/10/15 HT-130X11/10
B86: 13.12.23 | C86: KEC BB | D86: 32.03 | E86: 32.01165 | F86: =IF(D86-E86<=0,0,D86-E86) -> 0.01835 | G86: =IF(D86-E86>=0,0,D86-E86) -> 0 | H86: MH40Y9844 | I86: =F86/E86 -> 0.00057322881 | J86: HT-150X11/12/10/15 HT-130X11/10
B87: 13.12.23 | C87: KEC JBP | D87: 32.66 | E87: 33.16122 | F87: =IF(D87-E87<=0,0,D87-E87) -> 0 | G87: =IF(D87-E87>=0,0,D87-E87) -> -0.50122 | H87: MH40AK2189 | I87: =G87/E87 -> -0.015114643 | J87: HT-150X11/12/10/15 HT-130X11/10
B88: 13.12.23 | C88: KEC BB | D88: 32.47 | E88: 32.40105 | F88: =IF(D88-E88<=0,0,D88-E88) -> 0.06895 | G88: =IF(D88-E88>=0,0,D88-E88) -> 0 | H88: MH40AK5044 | I88: =F88/E88 -> 0.0021280175 | J88: HT-150X11/12/10/15 HT-130X11/10
B89: 13.12.23 | C89: KEC BB | D89: 31.22 | E89: 31.621435 | F89: =IF(D89-E89<=0,0,D89-E89) -> 0 | G89: =IF(D89-E89>=0,0,D89-E89) -> -0.401435 | H89: MH40Y4944 | I89: =G89/E89 -> -0.012695028 | J89: HT-150X11/12/10/15 HT-130X11/10
B90: 13.12.23 | C90: KEC BB | D90: 31.05 | E90: 31.408195 | F90: =IF(D90-E90<=0,0,D90-E90) -> 0 | G90: =IF(D90-E90>=0,0,D90-E90) -> -0.358195 | H90: MH40Y3944 | I90: =G90/E90 -> -0.011404508 | J90: HT-150X11/12/10/15 HT-130X11/10
B91: 14.12.23 | C91: KEC JBP | D91: 32.68 | E91: =31.87065+0.677 -> 32.54765 | F91: =IF(D91-E91<=0,0,D91-E91) -> 0.13235 | G91: =IF(D91-E91>=0,0,D91-E91) -> 0 | H91: MH49AT1953 | I91: =F91/E91 -> 0.0040663458 | J91: HT-150X11/12/10/15 HT-130X11/10
B92: 14.12.23 | C92: KEC DUBAI | D92: =25.13-0.1 -> 25.03 | E92: 25.35252 | F92: =IF(D92-E92<=0,0,D92-E92) -> 0 | G92: =IF(D92-E92>=0,0,D92-E92) -> -0.32252 | H92: CG07BE9905 | I92: =G92/E92 -> -0.012721418 | J92: HT-150X11/12/10/15 HT-130X11/10
B93: 14.12.23 | C93: KEC JBP | D93: 32.74 | E93: 32.545 | F93: =IF(D93-E93<=0,0,D93-E93) -> 0.195 | G93: =IF(D93-E93>=0,0,D93-E93) -> 0 | H93: MH40BG0310 | I93: =F93/E93 -> 0.0059917038 | J93: HT-150X11/12/10/15 HT-130X11/10
B94: 14.12.23 | C94: KEC JBP | D94: 32.61 | E94: 32.454 | F94: =IF(D94-E94<=0,0,D94-E94) -> 0.156 | G94: =IF(D94-E94>=0,0,D94-E94) -> 0 | H94: MH40AK6005 | I94: =F94/E94 -> 0.0048068035 | J94: HT-150X11/12/10/15 HT-130X11/10
B95: 14.12.23 | C95: KEC BB | D95: 30.99 | E95: 31.107 | F95: =IF(D95-E95<=0,0,D95-E95) -> 0 | G95: =IF(D95-E95>=0,0,D95-E95) -> -0.117 | H95: MH40AK5044 | I95: =G95/E95 -> -0.0037612113 | J95: HT-150X11/12/10/15 HT-130X11/10
B96: 15.12.23 | C96: KEC DUBAI | D96: =25.11-0.1 -> 25.01 | E96: 24.97 | F96: =IF(D96-E96<=0,0,D96-E96) -> 0.04 | G96: =IF(D96-E96>=0,0,D96-E96) -> 0 | H96: MH46H5913 | I96: =F96/E96 -> 0.0016019223 | J96: HT-150X11/12/10/15 HT-130X11/10
B97: 15.12.23 | C97: KEC BB | D97: 32.44 | E97: 32.229 | F97: =IF(D97-E97<=0,0,D97-E97) -> 0.211 | G97: =IF(D97-E97>=0,0,D97-E97) -> 0 | H97: MH40AK5144 | I97: =F97/E97 -> 0.0065468988 | J97: HT-150X11/12/10/15 HT-130X11/10
B98: 15.12.23 | C98: KEC JBP | D98: 31.47 | E98: 31.347 | F98: =IF(D98-E98<=0,0,D98-E98) -> 0.123 | G98: =IF(D98-E98>=0,0,D98-E98) -> 0 | H98: MH40BG0311 | I98: =F98/E98 -> 0.0039238205 | J98: HT-150X11/12/10/15 HT-130X11/10
B99: 15.12.23 | C99: KEC JBP | D99: 31.63 | E99: 31.586 | F99: =IF(D99-E99<=0,0,D99-E99) -> 0.044 | G99: =IF(D99-E99>=0,0,D99-E99) -> 0 | H99: MH40BG0308 | I99: =F99/E99 -> 0.0013930222 | J99: HT-150X11/12/10/15 HT-130X11/10
B100: 16.12.23 | C100: KEC JBP | D100: 16.4 | E100: 16.322 | F100: =IF(D100-E100<=0,0,D100-E100) -> 0.078 | G100: =IF(D100-E100>=0,0,D100-E100) -> 0 | H100: MH49AT1947 | I100: =F100/E100 -> 0.0047788261 | J100: HT-150X11/12/10/15 HT-130X11/10
B101: 16.12.23 | C101: KEC JBP | D101: 32.86 | E101: 32.689 | F101: =IF(D101-E101<=0,0,D101-E101) -> 0.171 | G101: =IF(D101-E101>=0,0,D101-E101) -> 0 | H101: MH49AT0501 | I101: =F101/E101 -> 0.0052311175 | J101: HT-150X11/12/10/15 HT-130X11/10
B102: 16.12.23 | C102: KEC JBP | D102: 32.83 | E102: 32.477 | F102: =IF(D102-E102<=0,0,D102-E102) -> 0.353 | G102: =IF(D102-E102>=0,0,D102-E102) -> 0 | H102: MH40AK2189 | I102: =F102/E102 -> 0.010869231 | J102: HT-150X11/12/10/15 HT-130X11/10
B103: 16.12.23 | C103: KEC JBP | D103: 32.54 | E103: 32.39 | F103: =IF(D103-E103<=0,0,D103-E103) -> 0.15 | G103: =IF(D103-E103>=0,0,D103-E103) -> 0 | H103: MH49AT2950 | I103: =F103/E103 -> 0.004631059 | J103: HT-150X11/12/10/15 HT-130X11/10
B104: 16.12.23 | C104: KEC JBP | D104: 32.92 | E104: 32.65 | F104: =IF(D104-E104<=0,0,D104-E104) -> 0.27 | G104: =IF(D104-E104>=0,0,D104-E104) -> 0 | H104: MH40AK6075 | I104: =F104/E104 -> 0.0082695253 | J104: HT-150X11/12/10/15 HT-130X11/10
B105: 17.12.23 | C105: KEC JBP | D105: 25.35 | E105: 25.163 | F105: =IF(D105-E105<=0,0,D105-E105) -> 0.187 | G105: =IF(D105-E105>=0,0,D105-E105) -> 0 | H105: MH40AK1958 | I105: =F105/E105 -> 0.0074315463 | J105: HT-150X11/12/10/15 HT-130X11/10
B106: 17.12.23 | C106: KEC JBP | D106: 32.09 | E106: 31.9372 | F106: =IF(D106-E106<=0,0,D106-E106) -> 0.1528 | G106: =IF(D106-E106>=0,0,D106-E106) -> 0 | H106: MH49AT0506 | I106: =F106/E106 -> 0.0047843894 | J106: HT-150X11/12/10/15 HT-130X11/10
...

Sheet JAN -24 
B2: SEC.& KATA WT,DIFFERENCE ANGLE JAN 2024 (vil bub)
B4: DISP.DATE | C4: PARTY | D4: KATA WT | E4: SEC.WT | F4: (+) WT | G4: (-)WT | H4: VEHICLE.NO. | I4: Net (+/-) % | J4: SECTION | K4: PG/NPG
B5: 01.01.24 | C5: KEC JBP | D5: 32.35 | E5: 32.723 | F5: =IF(D5-E5<=0,0,D5-E5) -> 0 | G5: =IF(D5-E5>=0,0,D5-E5) -> -0.373 | H5: MH40BG0308 | I5: =G5/E5 -> -0.01139871 | J5: HT-150X11/12/10/15 HT-130X11/10
B6: 01.02.24 | C6: KEC JBP | D6: 32.68 | E6: 32.777 | F6: =IF(D6-E6<=0,0,D6-E6) -> 0 | G6: =IF(D6-E6>=0,0,D6-E6) -> -0.097 | H6: MH49AT3048 | I6: =G6/E6 -> -0.0029593923 | J6: HT-150X11/12/10/15 HT-130X11/10
B7: 01.01.24 | C7: KEC JBP | D7: 32.49 | E7: 32.499 | F7: =IF(D7-E7<=0,0,D7-E7) -> 0 | G7: =IF(D7-E7>=0,0,D7-E7) -> -0.009 | H7: MH40BG0310 | I7: =G7/E7 -> -0.0002769316 | J7: HT-150X11/12/10/15 HT-130X11/10
B8: 02.01.24 | C8: KEC JBP | D8: 32.36 | E8: 32.382 | F8: =IF(D8-E8<=0,0,D8-E8) -> 0 | G8: =IF(D8-E8>=0,0,D8-E8) -> -0.022 | H8: MH40BG0311 | I8: =G8/E8 -> -0.00067938978 | J8: HT-150X11/12/10/15 HT-130X11/10
B9: 02.01.24 | C9: KEC JBP | D9: 33.39 | E9: 33.06 | F9: =IF(D9-E9<=0,0,D9-E9) -> 0.33 | G9: =IF(D9-E9>=0,0,D9-E9) -> 0 | H9: MH49AT0508 | I9: =F9/E9 -> 0.0099818512 | J9: HT-150X11/12/10/15 HT-130X11/10
B10: 02.01.24 | C10: KEC JBP | D10: 32.54 | E10: 33.239 | F10: =IF(D10-E10<=0,0,D10-E10) -> 0 | G10: =IF(D10-E10>=0,0,D10-E10) -> -0.699 | H10: MH49AT0398 | I10: =F10/E10 -> 0 | J10: HT-150X11/12/10/15 HT-130X11/10
B11: 02.01.24 | C11: KEC JBP | D11: 32.71 | E11: 32.498 | F11: =IF(D11-E11<=0,0,D11-E11) -> 0.212 | G11: =IF(D11-E11>=0,0,D11-E11) -> 0 | H11: MH49AT0502 | I11: =F11/E11 -> 0.0065234784 | J11: HT-150X11/12/10/15 HT-130X11/10
B12: 02.01.24 | C12: KEC BB | D12: 32.43 | E12: 32.271 | F12: =IF(D12-E12<=0,0,D12-E12) -> 0.159 | G12: =IF(D12-E12>=0,0,D12-E12) -> 0 | H12: MH40Y4944 | I12: =F12/E12 -> 0.0049270243 | J12: HT-150X11/12/10/15 HT-130X11/10
B13: 02.01.24 | C13: KEC BB | D13: 32.16 | E13: 32.026 | F13: =IF(D13-E13<=0,0,D13-E13) -> 0.134 | G13: =IF(D13-E13>=0,0,D13-E13) -> 0 | H13: MH40Y3944 | I13: =F13/E13 -> 0.0041841004 | J13: HT-150X11/12/10/15 HT-130X11/10
B14: 03.01.24 | C14: KEC JBP | D14: 33.41 | E14: 33.39 | F14: =IF(D14-E14<=0,0,D14-E14) -> 0.02 | G14: =IF(D14-E14>=0,0,D14-E14) -> 0 | H14: MH40N7423 | I14: =F14/E14 -> 0.00059898173 | J14: HT-150X11/12/10/15 HT-130X11/10
B15: 03.01.24 | C15: KEC JBP | D15: 32.76 | E15: 33.024 | F15: =IF(D15-E15<=0,0,D15-E15) -> 0 | G15: =IF(D15-E15>=0,0,D15-E15) -> -0.264 | H15: MH49AT0403 | I15: =G15/E15 -> -0.007994186 | J15: HT-150X11/12/10/15 HT-130X11/10
B16: 03.01.24 | C16: KEC BB | D16: 32.5 | E16: 32.701 | F16: =IF(D16-E16<=0,0,D16-E16) -> 0 | G16: =IF(D16-E16>=0,0,D16-E16) -> -0.201 | H16: MH40AK3044 | I16: =G16/E16 -> -0.006146601 | J16: HT-150X11/12/10/15 HT-130X11/10
B17: 03.01.24 | C17: KEC BB | D17: 31.51 | E17: 31.51 | F17: =IF(D17-E17<=0,0,D17-E17) -> 0 | G17: =IF(D17-E17>=0,0,D17-E17) -> 0 | H17: MH40Y4944 | I17: =F17/E17 -> 0 | J17: HT-150X11/12/10/15 HT-130X11/10
B18: 03.01.24 | C18: KEC BB | D18: 32.24 | E18: 32.412 | F18: =IF(D18-E18<=0,0,D18-E18) -> 0 | G18: =IF(D18-E18>=0,0,D18-E18) -> -0.172 | H18: MH40Y5844 | I18: =G18/E18 -> -0.0053066765 | J18: HT-150X11/12/10/15 HT-130X11/10
B19: 04.01.24 | C19: KEC JPR | D19: 32.35 | E19: 32.597 | F19: =IF(D19-E19<=0,0,D19-E19) -> 0 | G19: =IF(D19-E19>=0,0,D19-E19) -> -0.247 | H19: MH49AT3081 | I19: =G19/E19 -> -0.0075773844 | J19: HT-150X11/12/10/15 HT-130X11/10
B20: 04.01.24 | C20: KEC JBP | D20: 32.42 | E20: 32.613 | F20: =IF(D20-E20<=0,0,D20-E20) -> 0 | G20: =IF(D20-E20>=0,0,D20-E20) -> -0.193 | H20: MH49AT0509 | I20: =G20/E20 -> -0.0059178855 | J20: HT-150X11/12/10/15 HT-130X11/10
B21: 04.01.24 | C21: KEC JBP | D21: 32.37 | E21: 32.651 | F21: =IF(D21-E21<=0,0,D21-E21) -> 0 | G21: =IF(D21-E21>=0,0,D21-E21) -> -0.281 | H21: MH40AK6003 | I21: =G21/E21 -> -0.0086061683 | J21: HT-150X11/12/10/15 HT-130X11/10
B22: 04.01.24 | C22: KEC JBP | D22: 10.01 | E22: 9.943 | F22: =IF(D22-E22<=0,0,D22-E22) -> 0.067 | G22: =IF(D22-E22>=0,0,D22-E22) -> 0 | H22: MH40AK2189 | I22: =F22/E22 -> 0.0067384089 | J22: HT-150X11/12/10/15 HT-130X11/10
B23: 04.01.24 | C23: KEC BB | D23: 33.12 | E23: 33.005 | F23: =IF(D23-E23<=0,0,D23-E23) -> 0.115 | G23: =IF(D23-E23>=0,0,D23-E23) -> 0 | H23: MH40Y5844 | I23: =F23/E23 -> 0.0034843206 | J23: HT-150X11/12/10/15 HT-130X11/10
B24: 04.01.24 | C24: KEC BB | D24: 33.47 | E24: 33.374 | F24: =IF(D24-E24<=0,0,D24-E24) -> 0.096 | G24: =IF(D24-E24>=0,0,D24-E24) -> 0 | H24: MH40Y5644 | I24: =F24/E24 -> 0.0028764907 | J24: HT-150X11/12/10/15 HT-130X11/10
B25: 05.01.24 | C25: KEB BB | D25: 31.71 | E25: 31.778 | F25: =IF(D25-E25<=0,0,D25-E25) -> 0 | G25: =IF(D25-E25>=0,0,D25-E25) -> -0.068 | H25: MH40Y4044 | I25: =G25/E25 -> -0.0021398452 | J25: HT-150X11/12/10/15 HT-130X11/10
B26: 05.01.24 | C26: KEC BB | D26: 29.04 | E26: 29.355 | F26: =IF(D26-E26<=0,0,D26-E26) -> 0 | G26: =IF(D26-E26>=0,0,D26-E26) -> -0.315 | H26: MH40Y4944 | I26: =G26/E26 -> -0.01073071 | J26: HT-150X11/12/10/15 HT-130X11/10
B27: 05.01.24 | C27: KEC BB | D27: 32.9 | E27: 32.719 | F27: =IF(D27-E27<=0,0,D27-E27) -> 0.181 | G27: =IF(D27-E27>=0,0,D27-E27) -> 0 | H27: MH40Y5844 | I27: =F27/E27 -> 0.0055319539 | J27: HT-150X11/12/10/15 HT-130X11/10
B28: 05.01.24 | C28: KEC BB | D28: 32.3 | E28: 32.571 | F28: =IF(D28-E28<=0,0,D28-E28) -> 0 | G28: =IF(D28-E28>=0,0,D28-E28) -> -0.271 | H28: MH40BG1844 | I28: =G28/E28 -> -0.0083202849 | J28: HT-150X11/12/10/15 HT-130X11/10
B29: 05.01.24 | C29: KEC JBP | D29: 32.38 | E29: 32.211 | F29: =IF(D29-E29<=0,0,D29-E29) -> 0.169 | G29: =IF(D29-E29>=0,0,D29-E29) -> 0 | H29: MH40AK6074 | I29: =F29/E29 -> 0.0052466549 | J29: HT-150X11/12/10/15 HT-130X11/10
B30: 05.01.24 | C30: KEC JBP | D30: 32.35 | E30: 32.232 | F30: =IF(D30-E30<=0,0,D30-E30) -> 0.118 | G30: =IF(D30-E30>=0,0,D30-E30) -> 0 | H30: MH40AK4183 | I30: =F30/E30 -> 0.0036609581 | J30: HT-150X11/12/10/15 HT-130X11/10
B31: 06.01.24 | C31: KEC JBP | D31: 32.54 | E31: 32.517 | F31: =IF(D31-E31<=0,0,D31-E31) -> 0.023 | G31: =IF(D31-E31>=0,0,D31-E31) -> 0 | H31: MH40AT0397 | I31: =F31/E31 -> 0.00070732232 | J31: HT-150X11/12/10/15 HT-130X11/10
B32: 06.01.24 | C32: KCE BB | D32: 32.45 | E32: 32.57 | F32: =IF(D32-E32<=0,0,D32-E32) -> 0 | G32: =IF(D32-E32>=0,0,D32-E32) -> -0.12 | H32: MH40Y4044 | I32: =G32/E32 -> -0.0036843721 | J32: HT-150X11/12/10/15 HT-130X11/10
B33: 06.01.24 | C33: KEC BB | D33: 33.78 | E33: 33.763 | F33: =IF(D33-E33<=0,0,D33-E33) -> 0.017 | G33: =IF(D33-E33>=0,0,D33-E33) -> 0 | H33: MH40AK3044 | I33: =F33/E33 -> 0.00050350976 | J33: HT-150X11/12/10/15 HT-130X11/10
B34: 06.01.24 | C34: KEC BB | D34: 33.35 | E34: 33.415 | F34: =IF(D34-E34<=0,0,D34-E34) -> 0 | G34: =IF(D34-E34>=0,0,D34-E34) -> -0.065 | H34: MH40Y5844 | I34: =G34/E34 -> -0.0019452342 | J34: HT-150X11/12/10/15 HT-130X11/10
B35: 06.01.24 | C35: KEC BB | D35: 31.24 | E35: 31.443 | F35: =IF(D35-E35<=0,0,D35-E35) -> 0 | G35: =IF(D35-E35>=0,0,D35-E35) -> -0.203 | H35: MH40BG1844 | I35: =G35/E35 -> -0.006456127 | J35: HT-150X11/12/10/15 HT-130X11/10
B36: 07.01.24 | C36: KEC DUBAI | D36: 24.69 | E36: 24.684 | F36: =IF(D36-E36<=0,0,D36-E36) -> 0.006 | G36: =IF(D36-E36>=0,0,D36-E36) -> 0 | H36: NL01Q7459 | I36: =F36/E36 -> 0.00024307244 | J36: HT-150X11/12/10/15 HT-130X11/10
B37: 07.01.24 | C37: KEC DUBAI | D37: 24.01 | E37: 24.141 | F37: =IF(D37-E37<=0,0,D37-E37) -> 0 | G37: =IF(D37-E37>=0,0,D37-E37) -> -0.131 | H37: PB22D9922 | I37: =G37/E37 -> -0.0054264529 | J37: HT-150X11/12/10/15 HT-130X11/10
B38: 07.01.24 | C38: KEC BB | D38: 32.37 | E38: 32.295 | F38: =IF(D38-E38<=0,0,D38-E38) -> 0.075 | G38: =IF(D38-E38>=0,0,D38-E38) -> 0 | H38: MH40Y4044 | I38: =F38/E38 -> 0.0023223409 | J38: HT-150X11/12/10/15 HT-130X11/10
B39: 07.01.24 | C39: KEC BB | D39: 32.61 | E39: 33.036 | F39: =IF(D39-E39<=0,0,D39-E39) -> 0 | G39: =IF(D39-E39>=0,0,D39-E39) -> -0.426 | H39: MH40AK3044 | I39: =G39/E39 -> -0.012895024 | J39: HT-150X11/12/10/15 HT-130X11/10
B40: 07.01.24 | C40: KEC JBP | D40: 32.77 | E40: 32.777 | F40: =IF(D40-E40<=0,0,D40-E40) -> 0 | G40: =IF(D40-E40>=0,0,D40-E40) -> -0.007 | H40: MH49AT2928 | I40: =G40/E40 -> -0.00021356439 | J40: HT-150X11/12/10/15 HT-130X11/10
B41: 08.01.24 | C41: KEC BB | D41: 31.96 | E41: 31.925 | F41: =IF(D41-E41<=0,0,D41-E41) -> 0.035 | G41: =IF(D41-E41>=0,0,D41-E41) -> 0 | H41: MH40AK5044 | I41: =F41/E41 -> 0.0010963195 | J41: HT-150X11/12/10/15 HT-130X11/10
B42: 08.01.24 | C42: KEC BB | D42: 32.98 | E42: 33.102 | F42: =IF(D42-E42<=0,0,D42-E42) -> 0 | G42: =IF(D42-E42>=0,0,D42-E42) -> -0.122 | H42: MH40AK2944 | I42: =G42/E42 -> -0.0036855779 | J42: HT-150X11/12/10/15 HT-130X11/10
B43: 08.01.24 | C43: KEC BB | D43: 32.56 | E43: 32.585 | F43: =IF(D43-E43<=0,0,D43-E43) -> 0 | G43: =IF(D43-E43>=0,0,D43-E43) -> -0.025 | H43: MH40AK3044 | I43: =G43/E43 -> -0.00076722418 | J43: HT-150X11/12/10/15 HT-130X11/10
B44: 08.01.24 | C44: KEC DUBAI | D44: 24.09 | E44: 24.204 | F44: =IF(D44-E44<=0,0,D44-E44) -> 0 | G44: =IF(D44-E44>=0,0,D44-E44) -> -0.114 | H44: MH46H1801 | I44: =G44/E44 -> -0.0047099653 | J44: HT-150X11/12/10/15 HT-130X11/10
B45: 09.01.24 | C45: KEC DUBAI | D45: 22.08 | E45: 22.232 | F45: =IF(D45-E45<=0,0,D45-E45) -> 0 | G45: =IF(D45-E45>=0,0,D45-E45) -> -0.152 | H45: MH43Y2178 | I45: =G45/E45 -> -0.0068369917 | J45: HT-150X11/12/10/15 HT-130X11/10
B46: 09.01.24 | C46: KEC DUBAI | D46: 22.09 | E46: 22.194 | F46: =IF(D46-E46<=0,0,D46-E46) -> 0 | G46: =IF(D46-E46>=0,0,D46-E46) -> -0.104 | H46: MH43Y4311 | I46: =G46/E46 -> -0.0046859512 | J46: HT-150X11/12/10/15 HT-130X11/10
B47: 09.01.24 | C47: KEC BB | D47: 32.45 | E47: 32.39 | F47: =IF(D47-E47<=0,0,D47-E47) -> 0.06 | G47: =IF(D47-E47>=0,0,D47-E47) -> 0 | H47: MH40Y4044 | I47: =F47/E47 -> 0.0018524236 | J47: HT-150X11/12/10/15 HT-130X11/10
B48: 09.01.24 | C48: KEC BB | D48: 31.87 | E48: 31.98 | F48: =IF(D48-E48<=0,0,D48-E48) -> 0 | G48: =IF(D48-E48>=0,0,D48-E48) -> -0.11 | H48: MH40AK2944 | I48: =G48/E48 -> -0.0034396498 | J48: HT-150X11/12/10/15 HT-130X11/10
B49: 09.01.24 | C49: KEC BB | D49: 31.61 | E49: 31.684 | F49: =IF(D49-E49<=0,0,D49-E49) -> 0 | G49: =IF(D49-E49>=0,0,D49-E49) -> -0.074 | H49: MH40Y4944 | I49: =G49/E49 -> -0.0023355637 | J49: HT-150X11/12/10/15 HT-130X11/10
B50: 10.01.24 | C50: KEC JBP | D50: 32.04 | E50: 32.257 | F50: =IF(D50-E50<=0,0,D50-E50) -> 0 | G50: =IF(D50-E50>=0,0,D50-E50) -> -0.217 | H50: MH49AT0402 | I50: =G50/E50 -> -0.006727222 | J50: HT-150X11/12/10/15 HT-130X11/10
B51: 10.01.24 | C51: KEC BB | D51: 32.36 | E51: 32.914 | F51: =IF(D51-E51<=0,0,D51-E51) -> 0 | G51: =IF(D51-E51>=0,0,D51-E51) -> -0.554 | H51: MH40Y4044 | I51: =G51/E51 -> -0.016831743 | J51: HT-150X11/12/10/15 HT-130X11/10
B52: 10.01.24 | C52: KEC BB | D52: 29.97 | E52: 30.341 | F52: =IF(D52-E52<=0,0,D52-E52) -> 0 | G52: =IF(D52-E52>=0,0,D52-E52) -> -0.371 | H52: MH40AK5044 | I52: =G52/E52 -> -0.012227679 | J52: HT-150X11/12/10/15 HT-130X11/10
B53: 11.01.24 | C53: KEC JBP | D53: 11.21 | E53: 11.262 | F53: =IF(D53-E53<=0,0,D53-E53) -> 0 | G53: =IF(D53-E53>=0,0,D53-E53) -> -0.052 | H53: MH49AT0406 | I53: =G53/E53 -> -0.0046172971 | J53: HT-150X11/12/10/15 HT-130X11/10
B54: 11.01.24 | C54: KEC BB | D54: 30.98 | E54: 31.446 | F54: =IF(D54-E54<=0,0,D54-E54) -> 0 | G54: =IF(D54-E54>=0,0,D54-E54) -> -0.466 | H54: MH40BG1844 | I54: =G54/E54 -> -0.014819055 | J54: HT-150X11/12/10/15 HT-130X11/10
B55: 11.01.24 | C55: KEC BB | D55: 31.92 | E55: 32.234 | F55: =IF(D55-E55<=0,0,D55-E55) -> 0 | G55: =IF(D55-E55>=0,0,D55-E55) -> -0.314 | H55: MH40Y3944 | I55: =G55/E55 -> -0.009741267 | J55: HT-150X11/12/10/15 HT-130X11/10
B56: 12.01.24 | C56: KEC JBP | D56: 32.37 | E56: 32.329 | F56: =IF(D56-E56<=0,0,D56-E56) -> 0.041 | G56: =IF(D56-E56>=0,0,D56-E56) -> 0 | H56: MH40AK1961 | I56: =F56/E56 -> 0.0012682112 | J56: HT-150X11/12/10/15 HT-130X11/10
B57: 12.01.24 | C57: KEC JBP | D57: 31.49 | E57: 31.579 | F57: =IF(D57-E57<=0,0,D57-E57) -> 0 | G57: =IF(D57-E57>=0,0,D57-E57) -> -0.089 | H57: MH40AK6003 | I57: =G57/E57 -> -0.0028183286 | J57: HT-150X11/12/10/15 HT-130X11/10
B58: 12.01.24 | C58: KEC JBP | D58: 32.98 | E58: 32.956 | F58: =IF(D58-E58<=0,0,D58-E58) -> 0.024 | G58: =IF(D58-E58>=0,0,D58-E58) -> 0 | H58: MH49AT1951 | I58: =F58/E58 -> 0.00072824372 | J58: HT-150X11/12/10/15 HT-130X11/10
B59: 12.01.24 | C59: KEC JBP | D59: 33.19 | E59: 32.994 | F59: =IF(D59-E59<=0,0,D59-E59) -> 0.196 | G59: =IF(D59-E59>=0,0,D59-E59) -> 0 | H59: MH49AT0501 | I59: =F59/E59 -> 0.005940474 | J59: HT-150X11/12/10/15 HT-130X11/10
B60: 12.01.24 | C60: KEC BB | D60: 29.45 | E60: 29.893 | F60: =IF(D60-E60<=0,0,D60-E60) -> 0 | G60: =IF(D60-E60>=0,0,D60-E60) -> -0.443 | H60: MH40AK5044 | I60: =G60/E60 -> -0.014819523 | J60: HT-150X11/12/10/15 HT-130X11/10
B61: 12.01.24 | C61: KEC BB | D61: 31.91 | E61: 32.316 | F61: =IF(D61-E61<=0,0,D61-E61) -> 0 | G61: =IF(D61-E61>=0,0,D61-E61) -> -0.406 | H61: MH40Y4044 | I61: =G61/E61 -> -0.012563436 | J61: HT-150X11/12/10/15 HT-130X11/10
B62: 12.01.24 | C62: KEC DUBAI | D62: 24.53 | E62: 24.66 | F62: =IF(D62-E62<=0,0,D62-E62) -> 0 | G62: =IF(D62-E62>=0,0,D62-E62) -> -0.13 | H62: MH46AR2694 | I62: =G62/E62 -> -0.0052716951 | J62: HT-150X11/12/10/15 HT-130X11/10
B63: 12.01.24 | C63: KEC BB | D63: 31.14 | E63: 31.307 | F63: =IF(D63-E63<=0,0,D63-E63) -> 0 | G63: =IF(D63-E63>=0,0,D63-E63) -> -0.167 | H63: MH40BG1844 | I63: =G63/E63 -> -0.0053342703 | J63: HT-150X11/12/10/15 HT-130X11/10
B64: 13.01.24 | C64: KEC BB | D64: 31.1 | E64: 31.376 | F64: =IF(D64-E64<=0,0,D64-E64) -> 0 | G64: =IF(D64-E64>=0,0,D64-E64) -> -0.276 | H64: MH40AK3044 | I64: =G64/E64 -> -0.0087965324 | J64: HT-150X11/12/10/15 HT-130X11/10
B65: 13.01.24 | C65: KEC BB | D65: 31.55 | E65: 31.83 | F65: =IF(D65-E65<=0,0,D65-E65) -> 0 | G65: =IF(D65-E65>=0,0,D65-E65) -> -0.28 | H65: MH40Y4044 | I65: =G65/E65 -> -0.0087967326 | J65: HT-150X11/12/10/15 HT-130X11/10
B66: 13.01.24 | C66: KEC DUBAI | D66: 24.11 | E66: 24.318 | F66: =IF(D66-E66<=0,0,D66-E66) -> 0 | G66: =IF(D66-E66>=0,0,D66-E66) -> -0.208 | H66: MH23AU1543 | I66: =G66/E66 -> -0.008553335 | J66: HT-150X11/12/10/15 HT-130X11/10
B67: 13.01.24 | C67: KEC DUBAI | D67: 23.98 | E67: 24.133 | F67: =IF(D67-E67<=0,0,D67-E67) -> 0 | G67: =IF(D67-E67>=0,0,D67-E67) -> -0.153 | H67: MH46AR2778 | I67: =G67/E67 -> -0.0063398666 | J67: HT-150X11/12/10/15 HT-130X11/10
B68: 13.01.24 | C68: KEC JBP | D68: 32.03 | E68: 31.673 | F68: =IF(D68-E68<=0,0,D68-E68) -> 0.357 | G68: =IF(D68-E68>=0,0,D68-E68) -> 0 | H68: MH40AK6074 | I68: =F68/E68 -> 0.01127143 | J68: HT-150X11/12/10/15 HT-130X11/10
B69: 13.01.24 | C69: KEC JBP | D69: 32.5 | E69: 32.312 | F69: =IF(D69-E69<=0,0,D69-E69) -> 0.188 | G69: =IF(D69-E69>=0,0,D69-E69) -> 0 | H69: MH49AT3082 | I69: =F69/E69 -> 0.0058182718 | J69: HT-150X11/12/10/15 HT-130X11/10
B70: 13.01.24 | C70: KEC JBP | D70: 32 | E70: 31.89 | F70: =IF(D70-E70<=0,0,D70-E70) -> 0.11 | G70: =IF(D70-E70>=0,0,D70-E70) -> 0 | H70: MH49AT0405 | I70: =F70/E70 -> 0.0034493572 | J70: HT-150X11/12/10/15 HT-130X11/10
B71: 13.01.24 | C71: KEC JBP | D71: 32.92 | E71: =32.677+0.047 -> 32.724 | F71: =IF(D71-E71<=0,0,D71-E71) -> 0.196 | G71: =IF(D71-E71>=0,0,D71-E71) -> 0 | H71: MH40AK6075 | I71: =F71/E71 -> 0.0059894878 | J71: HT-150X11/12/10/15 HT-130X11/10
B72: 13.01.24 | C72: KEC JPR | F72: =IF(D72-E72<=0,0,D72-E72) -> 0 | G72: =IF(D72-E72>=0,0,D72-E72) -> 0 | H72: MH49AT2912 | I72: =F72/E72 -> #DIV/0! | J72: HT-150X11/12/10/15 HT-130X11/10
B73: 14.01.24 | C73: KEC BB | F73: =IF(D73-E73<=0,0,D73-E73) -> 0 | G73: =IF(D73-E73>=0,0,D73-E73) -> 0 | H73: MH40BG1844 | I73: =F73/E73 -> #DIV/0! | J73: HT-150X11/12/10/15 HT-130X11/10 | M73: 20.725
B74: 14.01.24 | C74: KEC JBP | F74: =IF(D74-E74<=0,0,D74-E74) -> 0 | G74: =IF(D74-E74>=0,0,D74-E74) -> 0 | H74: MH40N7378 | I74: =G74/E74 -> #DIV/0! | J74: HT-150X11/12/10/15 HT-130X11/10 | M74: 32.37
B75: 14.01.24 | C75: KEC JBP | F75: =IF(D75-E75<=0,0,D75-E75) -> 0 | G75: =IF(D75-E75>=0,0,D75-E75) -> 0 | H75: MH40AK1960 | I75: =G75/E75 -> #DIV/0! | J75: HT-150X11/12/10/15 HT-130X11/10 | M75: 33.276
B76: 14.01.24 | C76: KEC JBP | F76: =IF(D76-E76<=0,0,D76-E76) -> 0 | G76: =IF(D76-E76>=0,0,D76-E76) -> 0 | H76: MH49AT0506 | I76: =G76/E76 -> #DIV/0! | J76: HT-150X11/12/10/15 HT-130X11/10 | M76: 32.929
B77: 14.01.24 | C77: KEC BB | F77: =IF(D77-E77<=0,0,D77-E77) -> 0 | G77: =IF(D77-E77>=0,0,D77-E77) -> 0 | H77: MH40AK3044 | I77: =G77/E77 -> #DIV/0! | J77: HT-150X11/12/10/15 HT-130X11/10 | M77: 33.219
B78: 14.01.24 | C78: KEC JBP | F78: =IF(D78-E78<=0,0,D78-E78) -> 0 | G78: =IF(D78-E78>=0,0,D78-E78) -> 0 | H78: MH40AK4183 | I78: =G78/E78 -> #DIV/0! | J78: HT-150X11/12/10/15 HT-130X11/10 | M78: 33.282
B79: 14.01.24 | C79: KEC BB | F79: =IF(D79-E79<=0,0,D79-E79) -> 0 | G79: =IF(D79-E79>=0,0,D79-E79) -> 0 | H79: MH40Y4044 | I79: =G79/E79 -> #DIV/0! | J79: HT-150X11/12/10/15 HT-130X11/10 | M79: 32.841
B80: 14.01.24 | C80: KEC DUBAI | F80: =IF(D80-E80<=0,0,D80-E80) -> 0 | G80: =IF(D80-E80>=0,0,D80-E80) -> 0 | H80: MH46BU7392 | I80: =F80/E80 -> #DIV/0! | J80: HT-150X11/12/10/15 HT-130X11/10 | M80: 32.489
F81: =IF(D81-E81<=0,0,D81-E81) -> 0 | G81: =IF(D81-E81>=0,0,D81-E81) -> 0 | I81: =G81/E81 -> #DIV/0! | J81: HT-150X11/12/10/15 HT-130X11/10 | M81: 23.33
F82: =IF(D82-E82<=0,0,D82-E82) -> 0 | G82: =IF(D82-E82>=0,0,D82-E82) -> 0 | I82: =F82/E82 -> #DIV/0! | J82: HT-150X11/12/10/15 HT-130X11/10
F83: =IF(D83-E83<=0,0,D83-E83) -> 0 | G83: =IF(D83-E83>=0,0,D83-E83) -> 0 | I83: =F83/E83 -> #DIV/0! | J83: HT-150X11/12/10/15 HT-130X11/10
F84: =IF(D84-E84<=0,0,D84-E84) -> 0 | G84: =IF(D84-E84>=0,0,D84-E84) -> 0 | I84: =G84/E84 -> #DIV/0! | J84: HT-150X11/12/10/15 HT-130X11/10
F85: =IF(D85-E85<=0,0,D85-E85) -> 0 | G85: =IF(D85-E85>=0,0,D85-E85) -> 0 | I85: =G85/E85 -> #DIV/0! | J85: HT-150X11/12/10/15 HT-130X11/10
F86: =IF(D86-E86<=0,0,D86-E86) -> 0 | G86: =IF(D86-E86>=0,0,D86-E86) -> 0 | I86: =G86/E86 -> #DIV/0! | J86: HT-150X11/12/10/15 HT-130X11/10
F87: =IF(D87-E87<=0,0,D87-E87) -> 0 | G87: =IF(D87-E87>=0,0,D87-E87) -> 0 | I87: =F87/E87 -> #DIV/0! | J87: HT-150X11/12/10/15 HT-130X11/10
F88: =IF(D88-E88<=0,0,D88-E88) -> 0 | G88: =IF(D88-E88>=0,0,D88-E88) -> 0 | I88: =G88/E88 -> #DIV/0! | J88: HT-150X11/12/10/15 HT-130X11/10
F89: =IF(D89-E89<=0,0,D89-E89) -> 0 | G89: =IF(D89-E89>=0,0,D89-E89) -> 0 | I89: =F89/E89 -> #DIV/0! | J89: HT-150X11/12/10/15 HT-130X11/10
F90: =IF(D90-E90<=0,0,D90-E90) -> 0 | G90: =IF(D90-E90>=0,0,D90-E90) -> 0 | I90: =G90/E90 -> #DIV/0! | J90: HT-150X11/12/10/15 HT-130X11/10
F91: =IF(D91-E91<=0,0,D91-E91) -> 0 | G91: =IF(D91-E91>=0,0,D91-E91) -> 0 | I91: =G91/E91 -> #DIV/0! | J91: HT-150X11/12/10/15 HT-130X11/10
F92: =IF(D92-E92<=0,0,D92-E92) -> 0 | G92: =IF(D92-E92>=0,0,D92-E92) -> 0 | I92: =F92/E92 -> #DIV/0! | J92: HT-150X11/12/10/15 HT-130X11/10
F93: =IF(D93-E93<=0,0,D93-E93) -> 0 | G93: =IF(D93-E93>=0,0,D93-E93) -> 0 | I93: =G93/E93 -> #DIV/0! | J93: HT-150X11/12/10/15 HT-130X11/10
F94: =IF(D94-E94<=0,0,D94-E94) -> 0 | G94: =IF(D94-E94>=0,0,D94-E94) -> 0 | I94: =F94/E94 -> #DIV/0! | J94: HT-150X11/12/10/15 HT-130X11/10
F95: =IF(D95-E95<=0,0,D95-E95) -> 0 | G95: =IF(D95-E95>=0,0,D95-E95) -> 0 | I95: =F95/E95 -> #DIV/0! | J95: HT-150X11/12/10/15 HT-130X11/10
F96: =IF(D96-E96<=0,0,D96-E96) -> 0 | G96: =IF(D96-E96>=0,0,D96-E96) -> 0 | I96: =G96/E96 -> #DIV/0! | J96: HT-150X11/12/10/15 HT-130X11/10
F97: =IF(D97-E97<=0,0,D97-E97) -> 0 | G97: =IF(D97-E97>=0,0,D97-E97) -> 0 | I97: =F97/E97 -> #DIV/0! | J97: HT-150X11/12/10/15 HT-130X11/10
F98: =IF(D98-E98<=0,0,D98-E98) -> 0 | G98: =IF(D98-E98>=0,0,D98-E98) -> 0 | I98: =F98/E98 -> #DIV/0! | J98: HT-150X11/12/10/15 HT-130X11/10
F99: =IF(D99-E99<=0,0,D99-E99) -> 0 | G99: =IF(D99-E99>=0,0,D99-E99) -> 0 | I99: =F99/E99 -> #DIV/0! | J99: HT-150X11/12/10/15 HT-130X11/10
F100: =IF(D100-E100<=0,0,D100-E100) -> 0 | G100: =IF(D100-E100>=0,0,D100-E100) -> 0 | I100: =F100/E100 -> #DIV/0! | J100: HT-150X11/12/10/15 HT-130X11/10
F101: =IF(D101-E101<=0,0,D101-E101) -> 0 | G101: =IF(D101-E101>=0,0,D101-E101) -> 0 | I101: =F101/E101 -> #DIV/0! | J101: HT-150X11/12/10/15 HT-130X11/10
F102: =IF(D102-E102<=0,0,D102-E102) -> 0 | G102: =IF(D102-E102>=0,0,D102-E102) -> 0 | I102: =F102/E102 -> #DIV/0! | J102: HT-150X11/12/10/15 HT-130X11/10
...
