Workbook

Sheet SUMMARY
B2: SUMMARY JOB WORK
B4: KEC BB AS ON DT. | C4: =NOW() -> 45297.536
A8: LOT NO | B8: Do.No. | C8: Size | D8: R.M Receipts Qty | E8: Challan Receipts Qty | F8: Challan Receipts Bal.Qty | G8: Challan Dt.(mm/dd/yy) | H8: Validity | I8: Challan Bal. Days | J8: Angle Dispatched Qty | K8: BL 4.5% & W / S 3.5% | L8: Finesh Good Balance Qty | M8: R.M Balance Qty
A9: HT/MS
A10: 1 | C10: HT-MS | D10: =+'KEC BB JOB WORK '!G1263 -> 37613.458 | E10: =+'KEC BB JOB WORK '!G1263 -> 37613.458 | F10: =D10-E10 -> 0 | J10: =+'KEC BB JOB WORK '!N1263 -> 32665.872 | K10: =+'KEC BB JOB WORK '!Q1263+'KEC BB JOB WORK '!R1263 -> 2711.7339 | L10: =+'KEC BB JOB WORK '!T1263 -> 2235.8521 | M10: =L10/92% -> 2430.274
B13: Total | D13: =+D10 -> 37613.458 | E13: =+E10 -> 37613.458 | F13: =+F10 -> 0 | J13: =+J10 -> 32665.872 | K13: =+K10 -> 2711.7339 | L13: =+L10 -> 2235.8521 | M13: =+M10 -> 2430.274
B14: BILLET STOCK
A15: HT | C15: HT | D15: =+D10 -> 37613.458 | E15: =+E10 -> 37613.458 | F15: =+F10 -> 0 | J15: =+J10 -> 32665.872 | K15: =+K10 -> 2711.7339 | L15: =+L10 -> 2235.8521 | M15: =+M10 -> 2430.274 | N15: =M15-B15 -> 2430.274
A16: MS | C16: MS
A17: TOTAL | B17: =SUM(B15:B16) -> 0 | D17: =SUM(D15:D16) -> 37613.458 | E17: =SUM(E15:E16) -> 37613.458 | F17: =SUM(F15:F16) -> 0 | J17: =SUM(J15:J16) -> 32665.872 | K17: =SUM(K15:K16) -> 2711.7339 | L17: =SUM(L15:L16) -> 2235.8521 | M17: =SUM(M15:M16) -> 2430.274 | N17: =SUM(N15:N16) -> 2430.274
L18: KEC BB
B20: KEC JBP AS ON DT. | C20: =+C4 -> 45297.536
A26: KEC BB | D26: 18.02.2022
A27: Total Qty | B27: ANGLE STOCK | C27: Month | D27: Total Qty | E27: Feb- 2022 | F27: APRIL- 2022 | G27: Today Qty | P27: Today Qty
A28: 2021-2022 | C28: HT | D28: =+J15 -> 32665.872 | E28: 3966.392 | F28: 147.858 | G28: =D28-E28-F28 -> 28551.622 | P28: =D28-E28-G28-#REF!-H28-I28-J28-K28-L28-M28-N28-O28 -> #REF! | R28: =Q28-P28 -> #REF!
C29: MS | D29: =+J16 -> 0 | P29: =D29-E29-G29-#REF!-H29-I29-J29-K29-L29-M29-N29-O29 -> #REF!
D30: =SUM(D28:D29) -> 32665.872 | E30: =SUM(E28:E29) -> 3966.392 | F30: =SUM(F28:F29) -> 147.858 | G30: =SUM(G28:G29) -> 28551.622 | H30: =SUM(H28:H29) -> 0 | I30: =SUM(I28:I29) -> 0 | J30: =SUM(J28:J29) -> 0 | K30: =SUM(K28:K29) -> 0 | ... P30: =SUM(P28:P29) -> #REF!
A34: LOT NO | B34: Do.No. | C34: Size | D34: R.M Receipts Qty | E34: Challan Receipts Qty | F34: Challan Receipts Bal.Qty | G34: Challan Dt.(mm/dd/yy) | H34: Validity | I34: Challan Bal. Days | J34: Angle Dispatched Qty | K34: BL 4.5% & W / S 3.5% | L34: Finesh Good Balance Qty | M34: R.M Balance Qty
A35: HT/MS
A36: 1 | C36: HT-MS | D36: =+'KEC JBP JOB WORK '!G89 -> 2714.04 | E36: =+'KEC JBP JOB WORK '!G89 -> 2714.04 | F36: =D36-E36 -> 0 | J36: =+'KEC JBP JOB WORK '!N89 -> 2511.499 | K36: =+'KEC JBP JOB WORK '!Q89+'KEC JBP JOB WORK '!R89 -> 202.54228 | L36: =+'KEC JBP JOB WORK '!T89 -> -0.00128 | M36: =L36/92% -> -0.0013913043
B39: Total | D39: =+D36 -> 2714.04 | E39: =+E36 -> 2714.04 | F39: =+F36 -> 0 | J39: =+J36 -> 2511.499 | K39: =+K36 -> 202.54228 | L39: =+L36 -> -0.00128 | M39: =+M36 -> -0.0013913043
B40: BILLET STOCK
A41: HT | C41: HT | D41: =+D36 -> 2714.04 | E41: =+E36 -> 2714.04 | F41: =+F36 -> 0 | J41: =+J36 -> 2511.499 | K41: =+K36 -> 202.54228 | L41: =+L36 -> -0.00128 | M41: =+M36 -> -0.0013913043 | N41: =M41-B41 -> -0.0013913043
A42: MS | C42: MS
A43: TOTAL | B43: =SUM(B41:B42) -> 0 | D43: =SUM(D41:D42) -> 2714.04 | E43: =SUM(E41:E42) -> 2714.04 | F43: =SUM(F41:F42) -> 0 | J43: =SUM(J41:J42) -> 2511.499 | K43: =SUM(K41:K42) -> 202.54228 | L43: =SUM(L41:L42) -> -0.00128 | M43: =SUM(M41:M42) -> -0.0013913043 | N43: =SUM(N41:N42) -> -0.0013913043
L44: KEC BB
B46: KEC JBP AS ON DT. | C46: =+C30 -> 0
A52: KEC BB | D52: 21.04.2022
A53: Total Qty | B53: ANGLE STOCK | C53: Month | D53: Total Qty | E53: Feb/May- 2022 | F53: - 2022 | G53: Today Qty | P53: Today Qty
A54: 2021-2022 | C54: HT | D54: =+J41 -> 2511.499 | E54: =629.149+164.143 -> 793.292 | G54: =D54-E54-F54 -> 1718.207 | P54: =D54-E54-G54-#REF!-H54-I54-J54-K54-L54-M54-N54-O54 -> #REF!
C55: MS | D55: =+J42 -> 0 | P55: =D55-E55-G55-#REF!-H55-I55-J55-K55-L55-M55-N55-O55 -> #REF!
D56: =SUM(D54:D55) -> 2511.499 | E56: =SUM(E54:E55) -> 793.292 | F56: =SUM(F54:F55) -> 0 | G56: =SUM(G54:G55) -> 1718.207 | H56: =SUM(H54:H55) -> 0 | I56: =SUM(I54:I55) -> 0 | J56: =SUM(J54:J55) -> 0 | K56: =SUM(K54:K55) -> 0 | ... P56: =SUM(P54:P55) -> #REF!

Sheet KEC BB JOB WORK 
V2: (mm/dd/yy
A3: JOB WORK KEC BB | V3: =+SUMMARY!C4 -> 45297.536
A4: LOT NO. | B4: PARTY | C4: SIZE | D4: INVOICE NO. | E4: Challan No. | F4: Challan Dt.(mm/dd/yy | G4: Challan Qty. | H4: Challan Value | I4: RATE | K4: VIL Challan No. | L4: KEC Challan No. | M4: Dispatched. Dt. | N4: Dispatched. Qty. | P4: Finish Good Qty | Q4: Burning loss 4.5% | R4: Waste & Scrap 3.5% | T4: Finish Good Balance Qty | V4: Challan Balance Days
A5: 1 | B5: IISCO | C5: HT-150X150 | D5: OS0022003321 | E5: 498 | F5: 44562 | G5: 32.079 | H5: 1594700 | I5: =H5/G5 -> 49711.649 | K5: 64, 78 | L5: 498 | M5: 06.03.22, 17.03.22 | N5: =27.033+2.48 -> 29.513 | P5: =G5*0.92 -> 29.51268 | Q5: =G5*4.5% -> 1.443555 | R5: =G5*3.5% -> 1.122765 | T5: =G5-N5-Q5-R5 -> -0.00032 | V5: =360-($V$3-F5) -> -375.53556 | W5: =T5/0.92%/100 -> -0.00034782609
A6: 2 | B6: IISCO | C6: HT-150X150 | D6: OS0022003321 | E6: 499 | F6: 44562 | G6: 29.941 | H6: 1488386 | I6: =H6/G6 -> 49710.631 | K6: 79 | L6: 499 | M6: 17.03.22 | N6: 27.546 | P6: =G6*0.92 -> 27.54572 | Q6: =G6*4.5% -> 1.347345 | R6: =G6*3.5% -> 1.047935 | T6: =G6-N6-Q6-R6 -> -0.00028 | V6: =360-($V$3-F6) -> -375.53556 | W6: =T6/0.92%/100 -> -0.00030434783
A7: 3 | B7: IISCO | C7: HT-150X150 | D7: OS0022003324 | E7: 500 | F7: 44562 | G7: 30.694 | H7: 1524731 | I7: =H7/G7 -> 49675.213 | K7: 80, 81 | L7: 500 | M7: 17.03.22, 17.03.22 | N7: =1.339+26.899 -> 28.238 | P7: =G7*0.92 -> 28.23848 | Q7: =G7*4.5% -> 1.38123 | R7: =G7*3.5% -> 1.07429 | T7: =G7-N7-Q7-R7 -> 0.00048 | V7: =360-($V$3-F7) -> -375.53556 | W7: =T7/0.92%/100 -> 0.00052173913
A8: 4 | B8: IISCO | C8: HT-150X150 | D8: OS0022003324 | E8: 501 | F8: 44562 | G8: 32.886 | H8: 1633640 | I8: =H8/G8 -> 49675.85 | K8: 82, 86 | L8: 501 | M8: 17.03.22, 19.03.22 | N8: =5.054+25.201 -> 30.255 | P8: =G8*0.92 -> 30.25512 | Q8: =G8*4.5% -> 1.47987 | R8: =G8*3.5% -> 1.15101 | T8: =G8-N8-Q8-R8 -> 0.00012 | V8: =360-($V$3-F8) -> -375.53556 | W8: =T8/0.92%/100 -> 0.00013043478
A9: 5 | B9: IISCO | C9: HT-150X150 | D9: OS0022003327 | E9: 502 | F9: 44562 | G9: 30.848 | H9: 1531678 | I9: =H9/G9 -> 49652.425 | K9: 87, 88 | L9: 502 | M9: 19.03.22, 19.03.22 | N9: =7.999+20.381 -> 28.38 | P9: =G9*0.92 -> 28.38016 | Q9: =G9*4.5% -> 1.38816 | R9: =G9*3.5% -> 1.07968 | T9: =G9-N9-Q9-R9 -> 0.00016 | V9: =360-($V$3-F9) -> -375.53556 | W9: =T9/0.92%/100 -> 0.00017391304
A10: 6 | B10: IISCO | C10: HT-150X150 | D10: OS0022003327 | E10: 503 | F10: 44562 | G10: 33.052 | H10: 1641084 | I10: =H10/G10 -> 49651.579 | K10: 89, 90 | L10: 503 | M10: 19.03.22, 20.03.22 | N10: =12.39+18.018 -> 30.408 | P10: =G10*0.92 -> 30.40784 | Q10: =G10*4.5% -> 1.48734 | R10: =G10*3.5% -> 1.15682 | T10: =G10-N10-Q10-R10 -> -0.00016 | V10: =360-($V$3-F10) -> -375.53556 | W10: =T10/0.92%/100 -> -0.00017391304
A11: 7 | B11: IISCO | C11: HT-150X150 | D11: OS0022003326 | E11: 504 | F11: 44562 | G11: 30.897 | H11: 1534403 | I11: =H11/G11 -> 49661.877 | K11: 91, 92 | L11: 504 | M11: 20.03.22, 21.03.22 | N11: =14.633+13.792 -> 28.425 | P11: =G11*0.92 -> 28.42524 | Q11: =G11*4.5% -> 1.390365 | R11: =G11*3.5% -> 1.081395 | T11: =G11-N11-Q11-R11 -> 0.00024 | V11: =360-($V$3-F11) -> -375.53556 | W11: =T11/0.92%/100 -> 0.00026086957
A12: 8 | B12: IISCO | C12: HT-150X150 | D12: OS0022003326 | E12: 505 | F12: 44562 | G12: 33.103 | H12: 1644003 | I12: =H12/G12 -> 49663.263 | K12: 93, 94 | L12: 505 | M12: 21.03.22 , 22.03.22 | N12: =17.442+13.013 -> 30.455 | P12: =G12*0.92 -> 30.45476 | Q12: =G12*4.5% -> 1.489635 | R12: =G12*3.5% -> 1.158605 | T12: =G12-N12-Q12-R12 -> -0.00024 | V12: =360-($V$3-F12) -> -375.53556 | W12: =T12/0.92%/100 -> -0.00026086957
A13: 9 | B13: IISCO | C13: HT-150X150 | D13: OS0022003322 | E13: 506 | F13: 44562 | G13: 32.069 | H13: 1594206 | I13: =H13/G13 -> 49711.747 | K13: 95, 96 | L13: 506 | M13: 22.03.22, 22.03.22 | N13: =20.315+9.188 -> 29.503 | P13: =G13*0.92 -> 29.50348 | Q13: =G13*4.5% -> 1.443105 | R13: =G13*3.5% -> 1.122415 | T13: =G13-N13-Q13-R13 -> 0.00048 | V13: =360-($V$3-F13) -> -375.53556 | W13: =T13/0.92%/100 -> 0.00052173913
A14: 10 | B14: IISCO | C14: HT-150X150 | D14: OS0022003322 | E14: 507 | F14: 44562 | G14: 29.931 | H14: 1487926 | I14: =H14/G14 -> 49711.871 | K14: 97, 98, 101 | L14: 507 | M14: 22.03.22, 22.03.22, 22.03.22 | N14: =23.075+4.372+0.09 -> 27.537 | P14: =G14*0.92 -> 27.53652 | Q14: =G14*4.5% -> 1.346895 | R14: =G14*3.5% -> 1.047585 | T14: =G14-N14-Q14-R14 -> -0.00048 | V14: =360-($V$3-F14) -> -375.53556 | W14: =T14/0.92%/100 -> -0.00052173913
A15: 12 | B15: IISCO | C15: HT-150X150 | D15: OS0022003323 | E15: 508 | F15: 44562 | G15: 29.931 | H15: 1487926 | I15: =H15/G15 -> 49711.871 | K15: 99 | L15: 508 | M15: 22.03.22 | N15: 27.537 | P15: =G15*0.92 -> 27.53652 | Q15: =G15*4.5% -> 1.346895 | R15: =G15*3.5% -> 1.047585 | T15: =G15-N15-Q15-R15 -> -0.00048 | V15: =360-($V$3-F15) -> -375.53556 | W15: =T15/0.92%/100 -> -0.00052173913
A16: 13 | B16: IISCO | C16: HT-150X150 | D16: OS0022003317 | E16: 509 | F16: 44562 | G16: 32.069 | H16: 1594206 | I16: =H16/G16 -> 49711.747 | K16: 100, 102 | L16: 509 | M16: 22.03.22, 22.03.22 | N16: =0.203+29.3 -> 29.503 | P16: =G16*0.92 -> 29.50348 | Q16: =G16*4.5% -> 1.443105 | R16: =G16*3.5% -> 1.122415 | T16: =G16-N16-Q16-R16 -> 0.00048 | V16: =360-($V$3-F16) -> -375.53556 | W16: =T16/0.92%/100 -> 0.00052173913
A17: 14 | B17: IISCO | C17: HT-150X150 | D17: OS0022003317 | E17: 510 | F17: 44562 | G17: 29.931 | H17: 1487926 | I17: =H17/G17 -> 49711.871 | K17: 103, 107 | L17: 510 | M17: 22.03.22, 24.03.22 | N17: =2.74+24.797 -> 27.537 | P17: =G17*0.92 -> 27.53652 | Q17: =G17*4.5% -> 1.346895 | R17: =G17*3.5% -> 1.047585 | T17: =G17-N17-Q17-R17 -> -0.00048 | V17: =360-($V$3-F17) -> -375.53556 | W17: =T17/0.92%/100 -> -0.00052173913
A18: 16 | B18: IISCO | C18: HT-150X150 | D18: OS0022003329 | E18: 511 | F18: 44562 | G18: 32.907 | H18: 1634627 | I18: =H18/G18 -> 49674.142 | K18: 108, 109 | L18: 511 | M18: 24.03.22, 24.03.22 | N18: =8.314+21.96 -> 30.274 | P18: =G18*0.92 -> 30.27444 | Q18: =G18*4.5% -> 1.480815 | R18: =G18*3.5% -> 1.151745 | T18: =G18-N18-Q18-R18 -> 0.00044 | V18: =360-($V$3-F18) -> -375.53556 | W18: =T18/0.92%/100 -> 0.00047826087
A19: 17 | B19: IISCO | C19: HT-150X150 | D19: OS0022003329 | E19: 512 | F19: 44562 | G19: 30.713 | H19: 1525652 | I19: =H19/G19 -> 49674.47 | K19: 110, 111 | L19: 512 | M19: 24.03.22, 25.03.22 | N19: =9.357+18.899 -> 28.256 | P19: =G19*0.92 -> 28.25596 | Q19: =G19*4.5% -> 1.382085 | R19: =G19*3.5% -> 1.074955 | T19: =G19-N19-Q19-R19 -> -4e-05 | V19: =360-($V$3-F19) -> -375.53556 | W19: =T19/0.92%/100 -> -4.3478261e-05
A20: 18 | B20: IISCO | C20: HT-150X150 | D20: OS0022003316 | E20: 513 | F20: 44562 | G20: 29.941 | H20: 1488386 | I20: =H20/G20 -> 49710.631 | K20: 112, 113 | L20: 513 | M20: 25.03.22, 26.03.22 | N20: =12.408+15.138 -> 27.546 | P20: =G20*0.92 -> 27.54572 | Q20: =G20*4.5% -> 1.347345 | R20: =G20*3.5% -> 1.047935 | T20: =G20-N20-Q20-R20 -> -0.00028 | V20: =360-($V$3-F20) -> -375.53556 | W20: =T20/0.92%/100 -> -0.00030434783
A21: 19 | B21: IISCO | C21: HT-150X150 | D21: OS0022003316 | E21: 514 | F21: 44562 | G21: 32.079 | H21: 1594700 | I21: =H21/G21 -> 49711.649 | K21: 68 | L21: 514 | M21: 09.03.22 | N21: 32.079 | T21: =G21-N21-Q21-R21 -> 0 | V21: =360-($V$3-F21) -> -375.53556 | W21: =T21/0.92%/100 -> 0
A22: 20 | B22: IISCO | C22: HT-150X150 | D22: OS0022003323 | E22: 515 | F22: 44563 | G22: 32.069 | H22: 1594206 | I22: =H22/G22 -> 49711.747 | K22: 69 | L22: 515 | M22: 09.03.22 | N22: 32.069 | T22: =G22-N22-Q22-R22 -> 0 | V22: =360-($V$3-F22) -> -374.53556 | W22: =T22/0.92%/100 -> 0
A23: 21 | B23: IISCO | C23: HT-150X150 | D23: OS0022003325 | E23: 516 | F23: 44563 | G23: 32.886 | H23: 1633640 | I23: =H23/G23 -> 49675.85 | K23: 114, 115 | L23: 516 | M23: 26.03.22, 27.03.22 | N23: =17.651+12.604 -> 30.255 | P23: =G23*0.92 -> 30.25512 | Q23: =G23*4.5% -> 1.47987 | R23: =G23*3.5% -> 1.15101 | T23: =G23-N23-Q23-R23 -> 0.00012 | V23: =360-($V$3-F23) -> -374.53556 | W23: =T23/0.92%/100 -> 0.00013043478
A24: 22 | B24: IISCO | C24: HT-150X150 | D24: OS0022003325 | E24: 517 | F24: 44563 | G24: 30.694 | H24: 1524731 | I24: =H24/G24 -> 49675.213 | K24: 116, 120 | L24: 517 | M24: 27.03.22, 29.03.22 | N24: =20.14+8.098 -> 28.238 | P24: =G24*0.92 -> 28.23848 | Q24: =G24*4.5% -> 1.38123 | R24: =G24*3.5% -> 1.07429 | T24: =G24-N24-Q24-R24 -> 0.00048 | V24: =360-($V$3-F24) -> -374.53556 | W24: =T24/0.92%/100 -> 0.00052173913
A25: 23 | B25: IISCO | C25: HT-150X150 | D25: OS0022003328 | E25: 518 | F25: 44563 | G25: 32.886 | H25: 1633189 | I25: =H25/G25 -> 49662.136 | K25: 117, 121 | L25: 518 | M25: 27.03.22, 29.03.22 | N25: =28.891+1.364 -> 30.255 | P25: =G25*0.92 -> 30.25512 | Q25: =G25*4.5% -> 1.47987 | R25: =G25*3.5% -> 1.15101 | T25: =G25-N25-Q25-R25 -> 0.00012 | V25: =360-($V$3-F25) -> -374.53556 | W25: =T25/0.92%/100 -> 0.00013043478
A26: 24 | B26: IISCO | C26: HT-150X150 | D26: OS0022003328 | E26: 519 | F26: 44563 | G26: 30.694 | H26: 1524309 | I26: =H26/G26 -> 49661.465 | K26: 119, 122 | L26: 519 | M26: 28.03.22, 29.03.22 | N26: =20.346+7.892 -> 28.238 | P26: =G26*0.92 -> 28.23848 | Q26: =G26*4.5% -> 1.38123 | R26: =G26*3.5% -> 1.07429 | T26: =G26-N26-Q26-R26 -> 0.00048 | V26: =360-($V$3-F26) -> -374.53556 | W26: =T26/0.92%/100 -> 0.00052173913
A27: 25 | B27: IISCO | C27: HT-150X150 | D27: OS0022003318 | E27: 520 | F27: 44563 | G27: 29.979 | H27: 1490229 | I27: =H27/G27 -> 49709.096 | K27: 123, 15 | L27: 520 | M27: 29.03.22, 02.04.22 | N27: =15.46+12.121 -> 27.581 | P27: =G27*0.92 -> 27.58068 | Q27: =G27*4.5% -> 1.349055 | R27: =G27*3.5% -> 1.049265 | T27: =G27-N27-Q27-R27 -> -0.00032 | V27: =360-($V$3-F27) -> -374.53556 | W27: =T27/0.92%/100 -> -0.00034782609
A28: 26 | B28: IISCO | C28: HT-150X150 | D28: OS0022003318 | E28: 521 | F28: 44563 | G28: 32.121 | H28: 1596676 | I28: =H28/G28 -> 49708.166 | K28: 74 | L28: 521 | M28: 15.03.22 | N28: 32.121 | T28: =G28-N28-Q28-R28 -> 0 | V28: =360-($V$3-F28) -> -374.53556 | W28: =T28/0.92%/100 -> 0 | X28: =+T28+T26+T25 -> 0.0006
A29: 27 | B29: IISCO | C29: HT-150X150 | D29: OS0022003319 | E29: 522 | F29: 44563 | G29: 29.96 | H29: 1489307 | I29: =H29/G29 -> 49709.846 | K29: 124, 16, 109 | L29: 522 | M29: 29.03.22, 02.04.22, 16.04.22 | N29: =16.033+7.234+4.296 -> 27.563 | P29: =G29*0.92 -> 27.5632 | Q29: =G29*4.5% -> 1.3482 | R29: =G29*3.5% -> 1.0486 | T29: =G29-N29-Q29-R29 -> 0.0002 | V29: =360-($V$3-F29) -> -374.53556 | W29: =T29/0.92%/100 -> 0.0002173913
A30: 28 | B30: IISCO | C30: HT-150X150 | D30: OS0022003319 | E30: 523 | F30: 44563 | G30: 32.1 | H30: 1595687 | I30: =H30/G30 -> 49709.875 | K30: 40 | L30: 523 | M30: 24.02.22 | N30: 32.1 | T30: =G30-N30-Q30-R30 -> 0 | V30: =360-($V$3-F30) -> -374.53556 | W30: =T30/0.92%/100 -> 0
A31: 29 | B31: IISCO | C31: HT-150X150 | D31: OS0022003320 | E31: 524 | F31: 44563 | G31: 33.103 | H31: 1643551 | I31: =H31/G31 -> 49649.609 | K31: 128. 129, 110 | L31: 524 | M31: 31.03.22, 31.03.22, 16.04.22 | N31: =19.284+3.89+7.281 -> 30.455 | P31: =G31*0.92 -> 30.45476 | Q31: =G31*4.5% -> 1.489635 | R31: =G31*3.5% -> 1.158605 | T31: =G31-N31-Q31-R31 -> -0.00024 | V31: =360-($V$3-F31) -> -374.53556 | W31: =T31/0.92%/100 -> -0.00026086957
A32: 30 | B32: IISCO | C32: HT-150X150 | D32: OS0022003320 | E32: 525 | F32: 44564 | G32: 20.598 | H32: 1022669 | I32: =H32/G32 -> 49648.946 | K32: 127, 111 | L32: 525 | M32: 30.03.22, 16.04.22 | N32: =16.582+2.368 -> 18.95 | P32: =G32*0.92 -> 18.95016 | Q32: =G32*4.5% -> 0.92691 | R32: =G32*3.5% -> 0.72093 | T32: =G32-N32-Q32-R32 -> 0.00016 | V32: =360-($V$3-F32) -> -373.53556 | W32: =T32/0.92%/100 -> 0.00017391304
A33: 31 | B33: IISCO | C33: HT-150X150 | D33: OS0022003320 | E33: 526 | F33: 44564 | G33: 10.299 | H33: 511312 | I33: =H33/G33 -> 49646.762 | K33: 112 | L33: 526 | M33: 16.04.22 | N33: 9.475 | P33: =G33*0.92 -> 9.47508 | Q33: =G33*4.5% -> 0.463455 | R33: =G33*3.5% -> 0.360465 | T33: =G33-N33-Q33-R33 -> 8e-05 | V33: =360-($V$3-F33) -> -373.53556 | W33: =T33/0.92%/100 -> 8.6956522e-05
A34: 32 | B34: IISCO | C34: HT-150X150 | D34: OS0022003337 | E34: 527 | F34: 44564 | G34: 29.792 | H34: 1479759 | I34: =H34/G34 -> 49669.676 | K34: 65 | L34: 527 | M34: 09.03.22 | N34: 29.792 | T34: =G34-N34-Q34-R34 -> 0 | V34: =360-($V$3-F34) -> -373.53556 | W34: =T34/0.92%/100 -> 0 | X34: 30.051 | Y34: =T34-X34 -> -30.051
A35: 33 | B35: IISCO | C35: HT-150X150 | D35: OS0022003335 | E35: 528 | F35: 44564 | G35: 31.88 | H35: 1583576 | I35: =H35/G35 -> 49673.024 | K35: 16 | L35: 528 | M35: 21.02.22 | N35: 31.88 | T35: =G35-N35-Q35-R35 -> 0 | V35: =360-($V$3-F35) -> -373.53556 | W35: =T35/0.92%/100 -> 0 | Y35: =Y34/2 -> -15.0255
A36: 34 | B36: IISCO | C36: HT-150X150 | D36: OS0022003335 | E36: 529 | F36: 44564 | G36: 31.88 | H36: 1583576 | I36: =H36/G36 -> 49673.024 | K36: 21 | L36: 529 | M36: 21.02.22 | N36: 31.88 | T36: =G36-N36-Q36-R36 -> 0 | V36: =360-($V$3-F36) -> -373.53556 | W36: =T36/0.92%/100 -> 0
A37: 35 | B37: IISCO | C37: HT-150X150 | D37: OS0022003342 | E37: 530 | F37: 44564 | G37: 31.72 | H37: 1575916 | I37: =H37/G37 -> 49682.093 | K37: 67 | L37: 530 | M37: 09.03.22 | N37: 31.72 | T37: =G37-N37-Q37-R37 -> 0 | V37: =360-($V$3-F37) -> -373.53556 | W37: =T37/0.92%/100 -> 0
A38: 36 | B38: IISCO | C38: HT-150X150 | D38: OS0022003343 | E38: 531 | F38: 44564 | G38: 29.699 | H38: 1475307 | I38: =H38/G38 -> 49675.309 | K38: 72, 01 | L38: 531 | M38: 12.03.22, 02.04.22 | N38: =27.69+2.009 -> 29.699 | T38: =G38-N38-Q38-R38 -> 0 | V38: =360-($V$3-F38) -> -373.53556 | W38: =T38/0.92%/100 -> 0
A39: 38 | B39: IISCO | C39: HT-150X150 | D39: OS0022003336 | E39: 532 | F39: 44564 | G39: 31.86 | H39: 1582594 | I39: =H39/G39 -> 49673.384 | K39: 49 | L39: 532 | M39: 28.02.22 | N39: 31.86 | T39: =G39-N39-Q39-R39 -> 0 | V39: =360-($V$3-F39) -> -373.53556 | W39: =T39/0.92%/100 -> 0 | Y39: =+T30+T32+T33+T35+T39 -> 0.00024
A40: 39 | B40: IISCO | C40: HT-150X150 | D40: OS0022003336 | E40: 533 | F40: 44564 | G40: 31.86 | H40: 1582594 | I40: =H40/G40 -> 49673.384 | K40: 18 | L40: 533 | M40: 21.02.22 | N40: 31.86 | T40: =G40-N40-Q40-R40 -> 0 | V40: =360-($V$3-F40) -> -373.53556 | W40: =T40/0.92%/100 -> 0
A41: 40 | B41: IISCO | C41: HT-150X150 | D41: OS0022003347 | E41: 534 | F41: 44564 | G41: 31.98 | H41: 1588318 | I41: =H41/G41 -> 49665.979 | K41: 58 | L41: 534 | M41: 03.03.22 | N41: 31.98 | T41: =G41-N41-Q41-R41 -> 0 | V41: =360-($V$3-F41) -> -373.53556 | W41: =T41/0.92%/100 -> 0 | Y41: =+T41+#REF! -> #REF! | Z41: 14.515 | AA41: =Y41-Z41 -> #REF!
A42: 41 | B42: IISCO | C42: HT-150X150 | D42: OS0022003347 | E42: 535 | F42: 44564 | G42: 31.98 | H42: 1588318 | I42: =H42/G42 -> 49665.979 | K42: 60 | L42: 535 | M42: 04.03.22 | N42: 31.98 | T42: =G42-N42-Q42-R42 -> 0 | V42: =360-($V$3-F42) -> -373.53556 | W42: =T42/0.92%/100 -> 0
A43: 42 | B43: IISCO | C43: HT-150X150 | D43: OS0022003338 | E43: 536 | F43: 44564 | G43: 31.82 | H43: 1580686 | I43: =H43/G43 -> 49675.864 | K43: 2, 3 | L43: 536 | M43: 02.04.22, 02.04.22 | N43: =30.391+1.429 -> 31.82 | T43: =G43-N43-Q43-R43 -> 3.5527137e-15 | V43: =360-($V$3-F43) -> -373.53556 | W43: =T43/0.92%/100 -> 3.8616453e-15
A44: 43 | B44: IISCO | C44: HT-150X150 | D44: OS0022003340 | E44: 537 | F44: 44565 | G44: 32 | H44: 1589272 | I44: =H44/G44 -> 49664.75 | K44: 23 | L44: 537 | M44: 21.02.22 | N44: 32 | T44: =G44-N44-Q44-R44 -> 0 | V44: =360-($V$3-F44) -> -372.53556 | W44: =T44/0.92%/100 -> 0
A45: 44 | B45: IISCO | C45: HT-150X150 | D45: OS0022003340 | E45: 538 | F45: 44565 | G45: 32 | H45: 1589272 | I45: =H45/G45 -> 49664.75 | K45: 52 | L45: 538 | M45: 01.03.22 | N45: 32 | T45: =G45-N45-Q45-R45 -> 0 | V45: =360-($V$3-F45) -> -372.53556 | W45: =T45/0.92%/100 -> 0 | X45: =+T45+T44 -> 0
A46: 45 | B46: IISCO | C46: HT-150X150 | D46: OS0022003349 | E46: 539 | F46: 44565 | G46: 30.095 | H46: 1496244 | I46: =H46/G46 -> 49717.362 | K46: 36 | L46: 539 | M46: 24.02.22 | N46: 30.095 | T46: =G46-N46-Q46-R46 -> 0 | V46: =360-($V$3-F46) -> -372.53556 | W46: =T46/0.92%/100 -> 0
A47: 46 | B47: IISCO | C47: HT-150X150 | D47: OS0022003349 | E47: 540 | F47: 44565 | G47: 32.245 | H47: 1603118 | I47: =H47/G47 -> 49716.793 | K47: 35 | L47: 540 | M47: 23.02.22 | N47: 32.245 | T47: =G47-N47-Q47-R47 -> 0 | V47: =360-($V$3-F47) -> -372.53556 | W47: =T47/0.92%/100 -> 0
A48: 47 | B48: IISCO | C48: HT-150X150 | D48: OS0022003346 | E48: 541 | F48: 44565 | G48: 31.83 | H48: 1581163 | I48: =H48/G48 -> 49675.243 | K48: 59 | L48: 541 | M48: 04.03.22 | N48: 31.83 | T48: =G48-N48-Q48-R48 -> 0 | V48: =360-($V$3-F48) -> -372.53556 | W48: =T48/0.92%/100 -> 0
A49: 48 | B49: IISCO | C49: HT-150X150 | D49: OS0022003346 | E49: 542 | F49: 44565 | G49: 31.83 | H49: 1581163 | I49: =H49/G49 -> 49675.243 | K49: 63, 70 | L49: 542 | M49: 04.03.22, 10.03.22 | N49: =23.58+8.25 -> 31.83 | T49: =G49-N49-Q49-R49 -> 0 | V49: =360-($V$3-F49) -> -372.53556 | W49: =T49/0.92%/100 -> 0
A50: 49 | B50: IISCO | C50: HT-150X150 | D50: OS0022003342 | E50: 543 | F50: 44565 | G50: 31.72 | H50: 1575916 | I50: =H50/G50 -> 49682.093 | K50: 75 | L50: 543 | M50: 16.03.22 | N50: 31.72 | T50: =G50-N50-Q50-R50 -> 0 | V50: =360-($V$3-F50) -> -372.53556 | W50: =T50/0.92%/100 -> 0
A51: 50 | B51: IISCO | C51: HT-150X150 | D51: OS0022003348 | E51: 544 | F51: 44565 | G51: 31.95 | H51: 1586887 | I51: =H51/G51 -> 49667.825 | K51: 17 | L51: 544 | M51: 21.02.22 | N51: 31.95 | T51: =G51-N51-Q51-R51 -> 0 | V51: =360-($V$3-F51) -> -372.53556 | W51: =T51/0.92%/100 -> 0
A52: 51 | B52: IISCO | C52: HT-150X150 | D52: OS0022003348 | E52: 545 | F52: 44565 | G52: 31.95 | H52: 1586887 | I52: =H52/G52 -> 49667.825 | K52: 39 | L52: 545 | M52: 24.02.22 | N52: 31.95 | T52: =G52-N52-Q52-R52 -> 0 | V52: =360-($V$3-F52) -> -372.53556 | W52: =T52/0.92%/100 -> 0
A53: 53 | B53: IISCO | C53: HT-150X150 | D53: OS0022003341 | E53: 546 | F53: 44565 | G53: 31.99 | H53: 1588795 | I53: =H53/G53 -> 49665.364 | K53: 50 | L53: 546 | M53: 28.02.22 | N53: 31.99 | T53: =G53-N53-Q53-R53 -> 0 | V53: =360-($V$3-F53) -> -372.53556 | W53: =T53/0.92%/100 -> 0
B54: IISCO | C54: HT-150X150 | D54: OS0022003341 | E54: 547 | F54: 44565 | G54: 31.99 | H54: 1588795 | I54: =H54/G54 -> 49665.364 | K54: 51 | L54: 547 | M54: 28.02.22 | N54: 31.99 | T54: =G54-N54-Q54-R54 -> 0 | V54: =360-($V$3-F54) -> -372.53556 | W54: =T54/0.92%/100 -> 0
B55: IISCO | C55: HT-150X150 | D55: OS0022003339 | E55: 548 | F55: 44565 | G55: 32 | H55: 1589272 | I55: =H55/G55 -> 49664.75 | K55: 32 | L55: 548 | M55: 23.02.22 | N55: 32 | T55: =G55-N55-Q55-R55 -> 0 | V55: =360-($V$3-F55) -> -372.53556 | W55: =T55/0.92%/100 -> 0
B56: IISCO | C56: HT-150X150 | D56: OS0022003337 | E56: 549 | F56: 44565 | G56: 34.048 | H56: 1691153 | I56: =H56/G56 -> 49669.672 | K56: 66 | L56: 549 | M56: 09.02.22 | N56: 34.048 | T56: =G56-N56-Q56-R56 -> 0 | V56: =360-($V$3-F56) -> -372.53556 | W56: =T56/0.92%/100 -> 0 | X56: =+T50+T61 -> 0
B57: IISCO | C57: HT-150X150 | D57: OS0022003339 | E57: 550 | F57: 44565 | G57: 32 | H57: 1589272 | I57: =H57/G57 -> 49664.75 | K57: 22 | L57: 550 | M57: 21.02.22 | N57: 32 | T57: =G57-N57-Q57-R57 -> 0 | V57: =360-($V$3-F57) -> -372.53556 | W57: =T57/0.92%/100 -> 0
B58: IISCO | C58: HT-150X150 | D58: OS0022003394 | E58: 551 | F58: 44565 | G58: 31.95 | H58: 1586942 | I58: =H58/G58 -> 49669.546 | K58: 29 | L58: 551 | M58: 22.02.22 | N58: 31.95 | T58: =G58-N58-Q58-R58 -> 0 | V58: =360-($V$3-F58) -> -372.53556 | W58: =T58/0.92%/100 -> 0
B59: IISCO | C59: HT-150X150 | D59: OS0022003394 | E59: 552 | F59: 44566 | G59: 31.95 | H59: 1586942 | I59: =H59/G59 -> 49669.546 | K59: 25 | L59: 552 | M59: 22.02.22 | N59: 31.95 | T59: =G59-N59-Q59-R59 -> 0 | V59: =360-($V$3-F59) -> -371.53556 | W59: =T59/0.92%/100 -> 0
B60: IISCO | C60: HT-150X150 | D60: OS0022003393 | E60: 553 | F60: 44566 | G60: 31.94 | H60: 1586466 | I60: =H60/G60 -> 49670.194 | K60: 28 | L60: 553 | M60: 22.02.22 | N60: 31.94 | T60: =G60-N60-Q60-R60 -> 0 | V60: =360-($V$3-F60) -> -371.53556 | W60: =T60/0.92%/100 -> 0
B61: IISCO | C61: HT-150X150 | D61: OS0022003393 | E61: 554 | F61: 44566 | G61: 31.94 | H61: 1586466 | I61: =H61/G61 -> 49670.194 | K61: 26 | L61: 554 | M61: 22.02.22 | N61: 31.94 | T61: =G61-N61-Q61-R61 -> 0 | V61: =360-($V$3-F61) -> -371.53556 | W61: =T61/0.92%/100 -> 0
B62: IISCO | C62: HT-150X150 | D62: OS0022003392 | E62: 555 | F62: 44566 | G62: 31.94 | H62: 1586466 | I62: =H62/G62 -> 49670.194 | K62: 27 | L62: 555 | M62: 22.02.22 | N62: 31.94 | T62: =G62-N62-Q62-R62 -> 0 | V62: =360-($V$3-F62) -> -371.53556 | W62: =T62/0.92%/100 -> 0
B63: IISCO | C63: HT-150X150 | D63: OS0022003392 | E63: 556 | F63: 44566 | G63: 31.94 | H63: 1586466 | I63: =H63/G63 -> 49670.194 | K63: 24 | L63: 556 | M63: 22.02.22 | N63: 31.94 | T63: =G63-N63-Q63-R63 -> 0 | V63: =360-($V$3-F63) -> -371.53556 | W63: =T63/0.92%/100 -> 0
B64: IISCO | C64: HT-150X150 | D64: OS0022003338 | E64: 557 | F64: 44566 | G64: 31.82 | H64: 1580686 | I64: =H64/G64 -> 49675.864 | K64: 20 | L64: 557 | M64: 21.02.22 | N64: 31.82 | T64: =G64-N64-Q64-R64 -> 0 | V64: =360-($V$3-F64) -> -371.53556 | W64: =T64/0.92%/100 -> 0
B65: IISCO | C65: HT-150X150 | D65: OS022003389 | E65: 558 | F65: 44566 | G65: 31.93 | H65: 1585989 | I65: =H65/G65 -> 49670.811 | K65: 30 | L65: 558 | M65: 22.02.22 | N65: 31.93 | T65: =G65-N65-Q65-R65 -> 0 | V65: =360-($V$3-F65) -> -371.53556 | W65: =T65/0.92%/100 -> 0
B66: IISCO | C66: HT-150X150 | D66: OS022003390 | E66: 559 | F66: 44566 | G66: 31.86 | H66: 1582650 | I66: =H66/G66 -> 49675.141 | K66: 33 | L66: 559 | M66: 23.02.22 | N66: 31.86 | T66: =G66-N66-Q66-R66 -> 0 | V66: =360-($V$3-F66) -> -371.53556 | W66: =T66/0.92%/100 -> 0
B67: IISCO | C67: HT-150X150 | D67: OS022003390 | E67: 560 | F67: 44566 | G67: 31.86 | H67: 1582650 | I67: =H67/G67 -> 49675.141 | K67: 34 | L67: 560 | M67: 23.02.22 | N67: 31.86 | T67: =G67-N67-Q67-R67 -> 0 | V67: =360-($V$3-F67) -> -371.53556 | W67: =T67/0.92%/100 -> 0
B68: IISCO | C68: HT-150X150 | D68: OS0022003345 | E68: 561 | F68: 44567 | G68: 32 | H68: 1589272 | I68: =H68/G68 -> 49664.75 | K68: 19 | L68: 561 | M68: 21.02.22 | N68: 32 | T68: =G68-N68-Q68-R68 -> 0 | V68: =360-($V$3-F68) -> -370.53556 | W68: =T68/0.92%/100 -> 0
B69: IISCO | C69: HT-150X150 | D69: OS0022003345 | E69: 562 | F69: 44567 | G69: 32 | H69: 1589272 | I69: =H69/G69 -> 49664.75 | K69: 37 | L69: 562 | M69: 24.02.22 | N69: 32 | T69: =G69-N69-Q69-R69 -> 0 | V69: =360-($V$3-F69) -> -370.53556 | W69: =T69/0.92%/100 -> 0
B70: IISCO | C70: HT-150X150 | D70: OS0022003343 | E70: 563 | F70: 44567 | G70: 33.941 | H70: 1686065 | I70: =H70/G70 -> 49676.35 | K70: 76, 4 | L70: 563 | M70: 16.03.22, 02.04.22 | N70: =25.7+8.241 -> 33.941 | T70: =G70-N70-Q70-R70 -> 0 | V70: =360-($V$3-F70) -> -370.53556 | W70: =T70/0.92%/100 -> 0
B71: IISCO | C71: HT-150X150 | D71: OS0022003344 | E71: 564 | F71: 44568 | G71: 32 | H71: 1589272 | I71: =H71/G71 -> 49664.75 | K71: 38 | L71: 564 | M71: 24.02.22 | N71: 32 | T71: =G71-N71-Q71-R71 -> 0 | V71: =360-($V$3-F71) -> -369.53556 | W71: =T71/0.92%/100 -> 0
B72: IISCO | C72: HT-150X150 | D72: OS0022003344 | E72: 565 | F72: 44568 | G72: 32 | H72: 1589272 | I72: =H72/G72 -> 49664.75 | K72: 43, 5 | L72: 565 | M72: 24.02.22, 02.04.22 | N72: =19.21+12.79 -> 32 | T72: =G72-N72-Q72-R72 -> 0 | V72: =360-($V$3-F72) -> -369.53556 | W72: =T72/0.92%/100 -> 0
B73: IISCO | C73: HT-150X150 | D73: OS022003391 | E73: 566 | F73: 44568 | G73: 31.9 | H73: 1584558 | I73: =H73/G73 -> 49672.665 | K73: 45 | L73: 566 | M73: 27.02.22 | N73: 31.9 | T73: =G73-N73-Q73-R73 -> 0 | V73: =360-($V$3-F73) -> -369.53556 | W73: =T73/0.92%/100 -> 0
B74: IISCO | C74: HT-150X150 | D74: OS022003391 | E74: 567 | F74: 44568 | G74: 31.9 | H74: 1584558 | I74: =H74/G74 -> 49672.665 | K74: 46 | L74: 567 | M74: 27.02.22 | N74: 31.9 | T74: =G74-N74-Q74-R74 -> 0 | V74: =360-($V$3-F74) -> -369.53556 | W74: =T74/0.92%/100 -> 0
B75: IISCO | C75: HT-150X150 | D75: OS022003389 | E75: 568 | F75: 44568 | G75: 31.93 | H75: 1585989 | I75: =H75/G75 -> 49670.811 | K75: 31 | L75: 568 | M75: 23.02.22 | N75: 31.93 | T75: =G75-N75-Q75-R75 -> 0 | V75: =360-($V$3-F75) -> -369.53556 | W75: =T75/0.92%/100 -> 0
B76: IISCO | C76: HT-150X150 | D76: OS022003388 | E76: 569 | F76: 44568 | G76: 31.9 | H76: 1584558 | I76: =H76/G76 -> 49672.665 | K76: 47 | L76: 569 | M76: 27.02.22 | N76: 31.9 | T76: =G76-N76-Q76-R76 -> 0 | V76: =360-($V$3-F76) -> -369.53556 | W76: =T76/0.92%/100 -> 0
B77: IISCO | C77: HT-150X150 | D77: OS022003388 | E77: 570 | F77: 44568 | G77: 31.9 | H77: 1584558 | I77: =H77/G77 -> 49672.665 | K77: 48 | L77: 570 | M77: 27.02.22 | N77: 31.9 | T77: =G77-N77-Q77-R77 -> 0 | V77: =360-($V$3-F77) -> -369.53556 | W77: =T77/0.92%/100 -> 0
B78: IISCO | C78: MS-150X150 | D78: OS022003415 | E78: 571 | F78: 44570 | G78: 31.98 | H78: 1508541 | I78: =H78/G78 -> 47171.388 | K78: 53 | L78: 571 | M78: 01.03.22 | N78: 31.98 | T78: =G78-N78-Q78-R78 -> 0 | V78: =360-($V$3-F78) -> -367.53556 | W78: =T78/0.92%/100 -> 0
B79: IISCO | C79: MS-150X150 | D79: OS022003415 | E79: 572 | F79: 44570 | G79: 31.98 | H79: 1508541 | I79: =H79/G79 -> 47171.388 | K79: 54 | L79: 572 | M79: 01.03.22 | N79: 31.98 | T79: =G79-N79-Q79-R79 -> 0 | V79: =360-($V$3-F79) -> -367.53556 | W79: =T79/0.92%/100 -> 0
B80: IISCO | C80: MS-150X150 | D80: OS022003416 | E80: 573 | F80: 44570 | G80: 31.95 | H80: 1507186 | I80: =H80/G80 -> 47173.271 | K80: 61, 73, 6, 7 | L80: 573 | M80: 04.03.22, 12.03.22, 02.04.22. 02.04.22 | N80: =10.68+4.26+9.83+7.18 -> 31.95 | T80: =G80-N80-Q80-R80 -> 0 | V80: =360-($V$3-F80) -> -367.53556 | W80: =T80/0.92%/100 -> 0
B81: IISCO | C81: MS-150X150 | D81: OS022003416 | E81: 574 | F81: 44570 | G81: 31.95 | H81: 1507186 | I81: =H81/G81 -> 47173.271 | K81: 8, 9 | L81: 574 | M81: 02.04.22, 02.04.22 | N81: =25.39+6.56 -> 31.95 | T81: =G81-N81-Q81-R81 -> 0 | V81: =360-($V$3-F81) -> -367.53556 | W81: =T81/0.92%/100 -> 0
B82: RINL | C82: MS-125X125 | D82: 211151011946 | E82: 615 | F82: 44601 | G82: 33.93 | H82: 1635426 | I82: =H82/G82 -> 48200 | K82: 77, 10 | L82: 615 | M82: 16.03.22, 02.04.22 | N82: =16.3+17.63 -> 33.93 | T82: =G82-N82-Q82-R82 -> 0 | V82: =360-($V$3-F82) -> -336.53556 | W82: =T82/0.92%/100 -> 0
B83: RINL | C83: MS-125X125 | D83: 211151011947 | E83: 616 | F83: 44601 | G83: 28.51 | H83: 1374182 | I83: =H83/G83 -> 48200 | K83: 84 | L83: 616 | M83: 17.03.22 | N83: 28.51 | T83: =G83-N83-Q83-R83 -> 0 | V83: =360-($V$3-F83) -> -336.53556 | W83: =T83/0.92%/100 -> 0
B84: RINL | C84: MS-125X125 | D84: 211151011955 | E84: 617 | F84: 44601 | G84: 28.37 | H84: 1367434 | I84: =H84/G84 -> 48200 | K84: 83 | L84: 617 | M84: 17.03.22 | N84: 28.37 | T84: =G84-N84-Q84-R84 -> 0 | V84: =360-($V$3-F84) -> -336.53556 | W84: =T84/0.92%/100 -> 0
B85: RINL | C85: MS-125X125 | D85: 211151012045 | E85: 618 | F85: 44601 | G85: 28.33 | H85: 1365506 | I85: =H85/G85 -> 48200 | K85: 85 | L85: 618 | M85: 17.03.22 | N85: 28.33 | T85: =G85-N85-Q85-R85 -> 0 | V85: =360-($V$3-F85) -> -336.53556 | W85: =T85/0.92%/100 -> 0
B86: RINL | C86: MS-125X125 | D86: 211151012051 | E86: 619 | F86: 44601 | G86: 5.34 | H86: 257388 | I86: =H86/G86 -> 48200 | K86: 42 | L86: 619 | M86: 24.02.22 | N86: 5.34 | T86: =G86-N86-Q86-R86 -> 0 | V86: =360-($V$3-F86) -> -336.53556 | W86: =T86/0.92%/100 -> 0
B87: RINL | C87: MS-125X125 | D87: 211151012051 | E87: 620 | F87: 44601 | G87: 29.13 | H87: 1409892 | I87: =H87/G87 -> 48400 | K87: 11, 12 | L87: 620 | M87: 02.04.22, 02.04.22 | N87: =7.83+21.3 -> 29.13 | T87: =G87-N87-Q87-R87 -> -3.5527137e-15 | V87: =360-($V$3-F87) -> -336.53556 | W87: =T87/0.92%/100 -> -3.8616453e-15
B88: RINL | C88: MS-125X125 | D88: 211151012017 | E88: 621 | F88: 44601 | G88: 33.72 | H88: 1625304 | I88: =H88/G88 -> 48200 | K88: 8 | L88: 621 | M88: 20.02.22 | N88: 33.72 | T88: =G88-N88-Q88-R88 -> 0 | V88: =360-($V$3-F88) -> -336.53556 | W88: =T88/0.92%/100 -> 0
B89: RINL | C89: MS-125X125 | D89: 211151012042 | E89: 622 | F89: 44601 | G89: 32.28 | H89: 1555896 | I89: =H89/G89 -> 48200 | K89: 5 | L89: 622 | M89: 19.02.22 | N89: 32.28 | T89: =G89-N89-Q89-R89 -> 0 | V89: =360-($V$3-F89) -> -336.53556 | W89: =T89/0.92%/100 -> 0
B90: RINL | C90: MS-125X125 | D90: 211151012049 | E90: 623 | F90: 44601 | G90: 32.33 | H90: 1558306 | I90: =H90/G90 -> 48200 | K90: 13, 17 | L90: 623 | M90: 02.04.22, 03.04.22 | N90: =9.74+22.59 -> 32.33 | T90: =G90-N90-Q90-R90 -> 0 | V90: =360-($V$3-F90) -> -336.53556 | W90: =T90/0.92%/100 -> 0
B91: RINL | C91: MS-125X125 | D91: 211151012043 | E91: 624 | F91: 44601 | G91: 33.89 | H91: 1633498 | I91: =H91/G91 -> 48200 | K91: 18, 19 | L91: 624 | M91: 03.04.22, 03.04.22 | N91: =8.26+25.63 -> 33.89 | T91: =G91-N91-Q91-R91 -> 0 | V91: =360-($V$3-F91) -> -336.53556 | W91: =T91/0.92%/100 -> 0
B92: RINL | C92: MS-125X125 | D92: 211151012067 | E92: 625 | F92: 44601 | G92: 20.3 | H92: 978460 | I92: =H92/G92 -> 48200 | K92: 71 | L92: 625 | M92: 10.03.22 | N92: 20.3 | T92: =G92-N92-Q92-R92 -> 0 | V92: =360-($V$3-F92) -> -336.53556 | W92: =T92/0.92%/100 -> 0
B93: RINL | C93: MS-125X125 | D93: 211151012050 | E93: 626 | F93: 44601 | G93: 28.27 | H93: 1368268 | I93: =H93/G93 -> 48400 | K93: 20, 21 | L93: 626 | M93: 03.04.22, 03.04.22 | N93: =7.65+20.62 -> 28.27 | T93: =G93-N93-Q93-R93 -> -3.5527137e-15 | V93: =360-($V$3-F93) -> -336.53556 | W93: =T93/0.92%/100 -> -3.8616453e-15
B94: RINL | C94: MS-125X125 | D94: 211151012088 | E94: 627 | F94: 44601 | G94: 5.59 | H94: 270556 | I94: =H94/G94 -> 48400 | K94: 22 | L94: 627 | M94: 03.4.22 | N94: 5.59 | T94: =G94-N94-Q94-R94 -> 0 | V94: =360-($V$3-F94) -> -336.53556 | W94: =T94/0.92%/100 -> 0
B95: RINL | C95: MS-125X125 | D95: 211151011972 | E95: 628 | F95: 44601 | G95: 32.3 | H95: 1556860 | I95: =H95/G95 -> 48200 | K95: 10 | L95: 628 | M95: 20.02.22 | N95: 32.3 | T95: =G95-N95-Q95-R95 -> 0 | V95: =360-($V$3-F95) -> -336.53556 | W95: =T95/0.92%/100 -> 0
B96: RINL | C96: MS-125X125 | D96: 211151011998 | E96: 629 | F96: 44601 | G96: 32.3 | H96: 1556860 | I96: =H96/G96 -> 48200 | K96: 13 | L96: 629 | M96: 20.02.22 | N96: 32.3 | T96: =G96-N96-Q96-R96 -> 0 | V96: =360-($V$3-F96) -> -336.53556 | W96: =T96/0.92%/100 -> 0
B97: RINL | C97: MS-125X125 | D97: 211151012005 | E97: 630 | F97: 44601 | G97: 32.52 | H97: 1567464 | I97: =H97/G97 -> 48200 | K97: 12 | L97: 630 | M97: 20.02.22 | N97: 32.52 | T97: =G97-N97-Q97-R97 -> 0 | V97: =360-($V$3-F97) -> -336.53556 | W97: =T97/0.92%/100 -> 0
B98: RINL | C98: MS-125X125 | D98: 211151012040 | E98: 631 | F98: 44601 | G98: 32.34 | H98: 1558788 | I98: =H98/G98 -> 48200 | K98: 2 | L98: 631 | M98: 19.02.22 | N98: 32.34 | T98: =G98-N98-Q98-R98 -> 0 | V98: =360-($V$3-F98) -> -336.53556 | W98: =T98/0.92%/100 -> 0 | X98: Billets returan
B99: RINL | C99: MS-125X125 | D99: 211151012036 | E99: 632 | F99: 44601 | G99: 32.34 | H99: 1558788 | I99: =H99/G99 -> 48200 | K99: 4 | L99: 632 | M99: 19.02.22 | N99: 32.34 | T99: =G99-N99-Q99-R99 -> 0 | V99: =360-($V$3-F99) -> -336.53556 | W99: =T99/0.92%/100 -> 0
B100: RINL | C100: MS-125X125 | D100: 211151012014 | E100: 633 | F100: 44601 | G100: 33.56 | H100: 1617592 | I100: =H100/G100 -> 48200 | K100: 23, 24 | L100: 633 | M100: 03.04.22, 03.04.22 | N100: =6.95+26.61 -> 33.56 | T100: =G100-N100-Q100-R100 -> 0 | V100: =360-($V$3-F100) -> -336.53556 | W100: =T100/0.92%/100 -> 0
B101: RINL | C101: MS-125X125 | D101: 211151012013 | E101: 634 | F101: 44601 | G101: 32.49 | H101: 1566018 | I101: =H101/G101 -> 48200 | K101: 3 | L101: 634 | M101: 19.02.22 | N101: 32.49 | T101: =G101-N101-Q101-R101 -> 0 | V101: =360-($V$3-F101) -> -336.53556 | W101: =T101/0.92%/100 -> 0
...

Sheet KEC JBP JOB WORK  
V2: (mm/dd/yy
A3: JOB WORK KEC JBP | V3: =+SUMMARY!C4 -> 45297.536
A4: LOT NO. | B4: PARTY | C4: SIZE | D4: INVOICE NO. | E4: Challan No. | F4: Challan Dt.(mm/dd/yy | G4: Challan Qty. | H4: Challan Value | I4: RATE | K4: VIL Challan No. | L4: KEC Challan No. | M4: Dispatched. Dt. | N4: Dispatched. Qty. | P4: Finish Good Qty | Q4: Burning loss 4.5% | R4: Waste & Scrap 3.5% | T4: Finish Good Balance Qty | V4: Challan Balance Days
A5: 1 | B5: CHD TO BUB | C5: HT-150X150 | D5: MH49AT0403 | E5: 119 | F5: 44644 | G5: 37.7 | H5: 1941550 | I5: =H5/G5 -> 51500 | K5: 118, 79 | L5: 119 | M5: 28.03.22, 08.04.22 | N5: =27.627+7.057 -> 34.684 | P5: =G5*0.92 -> 34.684 | Q5: =G5*4.5% -> 1.6965 | R5: =G5*3.5% -> 1.3195 | T5: =G5-N5-Q5-R5 -> 5.1070259e-15 | V5: =360-($V$3-F5) -> -293.53556 | W5: =T5/0.92%/100 -> 5.5511151e-15
A6: 2 | B6: CHD TO BUB | C6: HT-150X150 | D6: MH49AT2907 | E6: 120 | F6: 44645 | G6: 39.37 | H6: 1940741 | I6: =H6/G6 -> 49294.92 | K6: 125, 80 | L6: 120 | M6: 30.03.22, 08.04.22 | N6: =32.431+3.789 -> 36.22 | P6: =G6*0.92 -> 36.2204 | Q6: =G6*4.5% -> 1.77165 | R6: =G6*3.5% -> 1.37795 | T6: =G6-N6-Q6-R6 -> 0.0004 | V6: =360-($V$3-F6) -> -292.53556 | W6: =T6/0.92%/100 -> 0.00043478261
A7: 3 | B7: CHD TO BUB | C7: HT-150X150 | D7: MH49AT1954 | E7: 121 | F7: 44645 | G7: 39.33 | H7: 2011923 | I7: =H7/G7 -> 51154.92 | K7: 126, 81 | L7: 121 | M7: 30.03.22, 08.04.22 | N7: =32.279+3.905 -> 36.184 | P7: =G7*0.92 -> 36.1836 | Q7: =G7*4.5% -> 1.76985 | R7: =G7*3.5% -> 1.37655 | T7: =G7-N7-Q7-R7 -> -0.0004 | V7: =360-($V$3-F7) -> -292.53556 | W7: =T7/0.92%/100 -> -0.00043478261
A8: 4 | B8: CHD TO BUB | C8: HT-165X150 | D8: MH40Y1047 | E8: 122 | F8: 44645 | G8: 39.63 | H8: 2009817 | I8: =H8/G8 -> 50714.534 | K8: 130, 82 | L8: 122 | M8: 31.03.22, 08.04.22 | N8: =29.104+7.356 -> 36.46 | P8: =G8*0.92 -> 36.4596 | Q8: =G8*4.5% -> 1.78335 | R8: =G8*3.5% -> 1.38705 | T8: =G8-N8-Q8-R8 -> -0.0004 | V8: =360-($V$3-F8) -> -292.53556 | W8: =T8/0.92%/100 -> -0.00043478261
A9: 5 | B9: CHD TO BUB | C9: HT-150&165 | D9: MH49AT2947 | E9: 123 | F9: 44645 | G9: 39.44 | H9: 2025872 | I9: =H9/G9 -> 51365.923 | K9: 48, 71 | L9: 123 | M9: 06.04.22, 07.04.22 | N9: =32.25+7.19 -> 39.44 | T9: =G9-N9-Q9-R9 -> 0 | V9: =360-($V$3-F9) -> -292.53556 | W9: =T9/0.92%/100 -> 0
A10: 6 | B10: CHD TO BUB | C10: HT-90X90 | D10: MH49AT0401 | E10: 124 | F10: 44646 | G10: 36.44 | H10: 1869372 | I10: =H10/G10 -> 51300 | K10: 72, 73 | L10: 124 | M10: 07.04.22, 07.04.22 | N10: =25.26+11.18 -> 36.44 | T10: =G10-N10-Q10-R10 -> 0 | V10: =360-($V$3-F10) -> -291.53556 | W10: =T10/0.92%/100 -> 0
A11: 7 | B11: CHD TO BUB | C11: HT-90X90 | D11: MH49AT0405 | E11: 125 | F11: 44646 | G11: 37.91 | H11: 1944783 | I11: =H11/G11 -> 51300 | K11: 74, 75 | L11: 125 | M11: 07.04.22, 07.04.22 | N11: =21.11+16.8 -> 37.91 | T11: =G11-N11-Q11-R11 -> 0 | V11: =360-($V$3-F11) -> -291.53556 | W11: =T11/0.92%/100 -> 0
A12: 8 | B12: CHD TO BUB | C12: HT-90X90 | D12: MH49AT2918 | E12: 126 | F12: 44646 | G12: 37.48 | H12: 1922724 | I12: =H12/G12 -> 51300 | K12: 76, 77 | L12: 126 | M12: 07.04.22, 07.04.22 | N12: =15.62+21.86 -> 37.48 | T12: =G12-N12-Q12-R12 -> 0 | V12: =360-($V$3-F12) -> -291.53556 | W12: =T12/0.92%/100 -> 0
A13: 9 | B13: CHD TO BUB | C13: HT-90X90 | D13: MH40AK6073 | E13: 127 | F13: 44646 | G13: =37.75 -> 37.75 | H13: 1936575 | I13: =H13/G13 -> 51300 | K13: 78, 90, 123 | L13: 127 | M13: 07.04.22, 09.04.22 BILLETS 30.450, 19.04.22 | N13: =10.25+20.2+6.715 -> 37.165 | P13: =6.716+30.45 -> 37.166 | Q13: 0.329 | R13: 0.256 | T13: =G13-N13-Q13-R13 -> 8.3266727e-16 | V13: =360-($V$3-F13) -> -291.53556 | W13: =T13/0.92%/100 -> 9.0507312e-16
A14: 10 | B14: CHD TO BUB | C14: HT-90X90 | D14: MH40BG0311 | E14: 128 | F14: 44646 | G14: 37.43 | H14: 1912941 | I14: =H14/G14 -> 51107.16 | K14: 83, 93 | L14: 128 | M14: 08.04.22, 10.04.22 | N14: =9.134+25.302 -> 34.436 | P14: =G14*0.92 -> 34.4356 | Q14: =G14*4.5% -> 1.68435 | R14: =G14*3.5% -> 1.31005 | T14: =G14-N14-Q14-R14 -> -0.0004 | V14: =360-($V$3-F14) -> -291.53556 | W14: =T14/0.92%/100 -> -0.00043478261
A15: 12 | B15: CHD TO BUB | C15: HT-165X150/ HT-90X90 | D15: MH49AT4593 | E15: 129 | F15: 44647 | G15: 41.41 | H15: 2104763 | I15: =H15/G15 -> 50827.409 | K15: 84, 94 | L15: 129 | M15: 09.04.22, 10.04.22 | N15: =32.666+5.431 -> 38.097 | P15: =G15*0.92 -> 38.0972 | Q15: =G15*4.5% -> 1.86345 | R15: =G15*3.5% -> 1.44935 | T15: =G15-N15-Q15-R15 -> 0.0002 | V15: =360-($V$3-F15) -> -290.53556 | W15: =T15/0.92%/100 -> 0.0002173913
A16: 13 | B16: CHD TO BUB | C16: HT-90X90 | D16: MH40BG0308 | E16: 130 | F16: 44647 | G16: 37.89 | H16: 1943757 | I16: =H16/G16 -> 51300 | K16: 95, 100, 102 | L16: 130 | M16: 10.04.22, 11.04.22, 12.04.22 | N16: =1.867+32.705+0.287 -> 34.859 | P16: =G16*0.92 -> 34.8588 | Q16: =G16*4.5% -> 1.70505 | R16: =G16*3.5% -> 1.32615 | T16: =G16-N16-Q16-R16 -> -0.0002 | V16: =360-($V$3-F16) -> -290.53556 | W16: =T16/0.92%/100 -> -0.0002173913
A17: 14 | B17: CHD TO BUB | C17: HT-90X90 | D17: MH40Y1046 | E17: 131 | F17: 44647 | G17: 37.21 | H17: 1908873 | I17: =H17/G17 -> 51300 | K17: 101, 103 | L17: 131 | M17: 11.04.22, 12.04.22 | N17: =32.851+1.382 -> 34.233 | P17: =G17*0.92 -> 34.2332 | Q17: =G17*4.5% -> 1.67445 | R17: =G17*3.5% -> 1.30235 | T17: =G17-N17-Q17-R17 -> 0.0002 | V17: =360-($V$3-F17) -> -290.53556 | W17: =T17/0.92%/100 -> 0.0002173913
A18: 16 | B18: CHD TO BUB | C18: HT-90X90 | D18: MH40AK2190 | E18: 132 | F18: 44647 | G18: 37.27 | H18: 1842607 | I18: =H18/G18 -> 49439.415 | K18: 104, 106 | L18: 132 | M18: 12.04.22, 14.04.22 | N18: =31+3.288 -> 34.288 | P18: =G18*0.92 -> 34.2884 | Q18: =G18*4.5% -> 1.67715 | R18: =G18*3.5% -> 1.30445 | T18: =G18-N18-Q18-R18 -> 0.0004 | V18: =360-($V$3-F18) -> -290.53556 | W18: =T18/0.92%/100 -> 0.00043478261
A19: 17 | B19: CHD TO BUB | C19: HT-90X90 | D19: MH49AT2914 | E19: 133 | F19: 44647 | G19: 36.87 | H19: 1810317 | I19: =H19/G19 -> 49100 | K19: 105, 107 | L19: 133 | M19: 12.04.22, 14.04.22 | N19: =32.483+1.437 -> 33.92 | P19: =G19*0.92 -> 33.9204 | Q19: =G19*4.5% -> 1.65915 | R19: =G19*3.5% -> 1.29045 | T19: =G19-N19-Q19-R19 -> 0.0004 | V19: =360-($V$3-F19) -> -290.53556 | W19: =T19/0.92%/100 -> 0.00043478261
A20: 18 | B20: CHD TO BUB | C20: HT-125/150 | D20: MH49AT1272 | E20: 1 | F20: 44652 | G20: 39.34 | H20: 1931594 | I20: =H20/G20 -> 49100 | K20: 108, 124 | L20: 1 | M20: 14.04.22, 19.04.22 | N20: =28.151+8.042 -> 36.193 | P20: =G20*0.92 -> 36.1928 | Q20: =G20*4.5% -> 1.7703 | R20: =G20*3.5% -> 1.3769 | T20: =G20-N20-Q20-R20 -> -0.0002 | V20: =360-($V$3-F20) -> -285.53556 | W20: =T20/0.92%/100 -> -0.0002173913
A21: 19 | B21: CHD TO BUB | C21: HT-125X125 | D21: MH49AT0846 | E21: 2 | F21: 44654 | G21: 38.98 | H21: 1913918 | I21: =H21/G21 -> 49100 | K21: 119, 125 | L21: 2 | M21: 17.04.22, 19.04.22 | N21: =32.573+3.289 -> 35.862 | P21: =G21*0.92 -> 35.8616 | Q21: =G21*4.5% -> 1.7541 | R21: =G21*3.5% -> 1.3643 | T21: =G21-N21-Q21-R21 -> -0.0004 | V21: =360-($V$3-F21) -> -283.53556 | W21: =T21/0.92%/100 -> -0.00043478261
A22: 20 | B22: CHD TO BUB | C22: HT-125X125 | D22: MH40CD1152 | E22: 3 | F22: 44654 | G22: 45.07 | H22: 2212937 | I22: =H22/G22 -> 49100 | K22: 126, 134 | L22: 3 | M22: 19.04.22, 29.04.22 | N22: =15.278+26.186 -> 41.464 | P22: =G22*0.92 -> 41.4644 | Q22: =G22*4.5% -> 2.02815 | R22: =G22*3.5% -> 1.57745 | T22: =G22-N22-Q22-R22 -> 0.0004 | V22: =360-($V$3-F22) -> -283.53556 | W22: =T22/0.92%/100 -> 0.00043478261
A23: 21 | B23: CHD TO BUB | C23: HT-125X125 | D23: MH40CD1196 | E23: 4 | F23: 44655 | G23: 44.74 | H23: 2196734 | I23: =H23/G23 -> 49100 | K23: 131, 135,136 | L23: 4 | M23: 24.04.22, 29.04.22,29.04.22 | N23: =33.287+6.305+1.569 -> 41.161 | P23: =G23*0.92 -> 41.1608 | Q23: =G23*4.5% -> 2.0133 | R23: =G23*3.5% -> 1.5659 | T23: =G23-N23-Q23-R23 -> -0.0002 | V23: =360-($V$3-F23) -> -282.53556 | W23: =T23/0.92%/100 -> -0.0002173913
A24: 22 | B24: CHD TO BUB | C24: HT-90/125 | D24: MH40BG0396 | E24: 5 | F24: 44656 | G24: 39.28 | H24: 1928648 | I24: =H24/G24 -> 49100 | K24: 137, 139 | L24: 5 | M24: 29.04.22,30.04.22 | N24: =31.067+5.071 -> 36.138 | P24: =G24*0.92 -> 36.1376 | Q24: =G24*4.5% -> 1.7676 | R24: =G24*3.5% -> 1.3748 | T24: =G24-N24-Q24-R24 -> -0.0004 | V24: =360-($V$3-F24) -> -281.53556 | W24: =T24/0.92%/100 -> -0.00043478261
A25: 23 | B25: CHD TO BUB | C25: HT-90 MS-125 | D25: MH40Y7433 | E25: 12 | F25: 44659 | G25: 29.28 | H25: 1437648 | I25: =H25/G25 -> 49100 | K25: 140 | L25: 12 | M25: 30.04.22 | N25: 26.938 | P25: =G25*0.92 -> 26.9376 | Q25: =G25*4.5% -> 1.3176 | R25: =G25*3.5% -> 1.0248 | T25: =G25-N25-Q25-R25 -> -0.0004 | V25: =360-($V$3-F25) -> -278.53556 | W25: =T25/0.92%/100 -> -0.00043478261
A26: 24 | B26: CHD TO BUB | C26: HT-90/125 | D26: MH40AK4386 | E26: 13 | F26: 44660 | G26: 35.4 | H26: 1738140 | I26: =H26/G26 -> 49100 | K26: 141, 142 | L26: 13 | M26: 30.04.22,02.05.22 | N26: =1.106+31.462 -> 32.568 | P26: =G26*0.92 -> 32.568 | Q26: =G26*4.5% -> 1.593 | R26: =G26*3.5% -> 1.239 | T26: =G26-N26-Q26-R26 -> 0 | V26: =360-($V$3-F26) -> -277.53556 | W26: =T26/0.92%/100 -> 0
A27: 25 | B27: CHD TO BUB | C27: HT-90/125 | D27: MH49AT1277 | E27: 15 | F27: 44662 | G27: 37.83 | H27: 1857453 | I27: =H27/G27 -> 49100 | K27: 143, 150, 580 | L27: 15 | M27: 02.05.22, 11.05.22, 08.02.23 | N27: =1.152+32.707+0.945 -> 34.804 | P27: =G27*0.92 -> 34.8036 | Q27: =G27*4.5% -> 1.70235 | R27: =G27*3.5% -> 1.32405 | T27: =G27-N27-Q27-R27 -> -0.0004 | V27: =360-($V$3-F27) -> -275.53556 | W27: =T27/0.92%/100 -> -0.00043478261
A28: 26 | B28: CHD TO BUB | C28: MS-90X90 | D28: MH40BG0398 | E28: 16 | F28: 44663 | G28: 39.92 | H28: 1960072 | I28: =H28/G28 -> 49100 | K28: 153, 160, 358, 358, 647 | L28: 16 | M28: 13.05.22, 14.05.22, 02.01.23., 19.02.23 | N28: =32.848+2.189+0.998+0.691 -> 36.726 | P28: =G28*0.92 -> 36.7264 | Q28: =G28*4.5% -> 1.7964 | R28: =G28*3.5% -> 1.3972 | T28: =G28-N28-Q28-R28 -> 0.0004 | V28: =360-($V$3-F28) -> -274.53556 | W28: =T28/0.92%/100 -> 0.00043478261 | X28: =+T28+T26+T25 -> 4.4408921e-15
A29: 27 | B29: CHD TO BUB | C29: HT/MS-90/125 | D29: MH40BG0553 | E29: 18 | F29: 44672 | G29: 25.73 | H29: 1263343 | I29: =H29/G29 -> 49100 | K29: 276, 466 | L29: 18 | M29: 18.12.22, 27.01.23 | N29: =7.098+16.574 -> 23.672 | P29: =G29*0.92 -> 23.6716 | Q29: =G29*4.5% -> 1.15785 | R29: =G29*3.5% -> 0.90055 | T29: =G29-N29-Q29-R29 -> -0.0004 | V29: =360-($V$3-F29) -> -265.53556 | W29: =T29/0.92%/100 -> -0.00043478261
A30: 28 | B30: CHD TO BUB | C30: HT-125X125 | D30: MH49AT6296 | E30: 19 | F30: 44673 | G30: 17.038 | H30: 861872 | I30: =H30/G30 -> 50585.28 | K30: 222 | L30: 19 | M30: 08.12.22 | N30: 15.675 | P30: =G30*0.92 -> 15.67496 | Q30: =G30*4.5% -> 0.76671 | R30: =G30*3.5% -> 0.59633 | T30: =G30-N30-Q30-R30 -> -4e-05 | V30: =360-($V$3-F30) -> -264.53556 | W30: =T30/0.92%/100 -> -4.3478261e-05
B31: DSP | C31: HT125X125 | D31: OS0022000543 | E31: 22 | F31: 44712 | G31: 30.25 | H31: 1927569 | I31: =H31/G31 -> 63721.289 | K31: 223, 227 | L31: 22 | M31: 08.12.22 , 09.12.22 | N31: =15.397+12.433 -> 27.83 | P31: =G31*0.92 -> 27.83 | Q31: =G31*4.5% -> 1.36125 | R31: =G31*3.5% -> 1.05875 | T31: =G31-N31-Q31-R31 -> 1.7763568e-15 | V31: =360-($V$3-F31) -> -225.53556 | W31: =T31/0.92%/100 -> 1.9308227e-15
B32: DSP | C32: HT125X125 | D32: OS0022000543 | E32: 23 | F32: 44712 | G32: 30.25 | H32: 1927569 | I32: =H32/G32 -> 63721.289 | K32: 228, 266, 581 | L32: 23 | M32: 09.12.22, 16.12.22, 08.02.23 | N32: =19.894+7.244+0.692 -> 27.83 | P32: =G32*0.92 -> 27.83 | Q32: =G32*4.5% -> 1.36125 | R32: =G32*3.5% -> 1.05875 | T32: =G32-N32-Q32-R32 -> 1.7763568e-15 | V32: =360-($V$3-F32) -> -225.53556 | W32: =T32/0.92%/100 -> 1.9308227e-15
B33: DSP | C33: HT125X125 | D33: OS0022000549 | E33: 24 | F33: 44712 | G33: 30.749 | H33: 1959484 | I33: =H33/G33 -> 63725.129 | K33: 234, 356 | L33: 24 | M33: 10.12.22, 02.01.2023 | N33: =17.699+1.957+8.633 -> 28.289 | P33: =G33*0.92 -> 28.28908 | Q33: =G33*4.5% -> 1.383705 | R33: =G33*3.5% -> 1.076215 | T33: =G33-N33-Q33-R33 -> 8e-05 | V33: =360-($V$3-F33) -> -225.53556 | W33: =T33/0.92%/100 -> 8.6956522e-05
B34: DSP | C34: HT125X125 | D34: OS0022000549 | E34: 25 | F34: 44712 | G34: 29.651 | H34: 1889503 | I34: =H34/G34 -> 63724.765 | K34: 235238 | L34: 25 | M34: 10.12.22,11.12.22 | N34: =12.918+14.361 -> 27.279 | P34: =G34*0.92 -> 27.27892 | Q34: =G34*4.5% -> 1.334295 | R34: =G34*3.5% -> 1.037785 | T34: =G34-N34-Q34-R34 -> -8e-05 | V34: =360-($V$3-F34) -> -225.53556 | W34: =T34/0.92%/100 -> -8.6956522e-05
B35: DSP | C35: HT125X125 | D35: OS0022000544 | E35: 26 | F35: 44712 | G35: 29.363 | H35: 1870588 | I35: =H35/G35 -> 63705.616 | K35: 2, 39, 240, 251, 357,449, 648 | L35: 26 | M35: 11.12.22,11.12.22,13.12.22,02.01.23, 19.02.23 | N35: =16.151+2.47+2.658+1.473+4.124+0.138 -> 27.014 | P35: =G35*0.92 -> 27.01396 | Q35: =G35*4.5% -> 1.321335 | R35: =G35*3.5% -> 1.027705 | T35: =G35-N35-Q35-R35 -> -4e-05 | V35: =360-($V$3-F35) -> -225.53556 | W35: =T35/0.92%/100 -> -4.3478261e-05
B36: DSP | C36: HT125X125 | D36: OS0022000544 | E36: 27 | F36: 44712 | G36: 31.538 | H36: 2009150 | I36: =H36/G36 -> 63705.688 | K36: 252, 257, 649 | L36: 27 | M36: 13.12.22, 14.12.22, 19.02.23 | N36: =9.502+8.627+6.42+3.216+1.25 -> 29.015 | P36: =G36*0.92 -> 29.01496 | Q36: =G36*4.5% -> 1.41921 | R36: =G36*3.5% -> 1.10383 | T36: =G36-N36-Q36-R36 -> -4e-05 | V36: =360-($V$3-F36) -> -225.53556 | W36: =T36/0.92%/100 -> -4.3478261e-05
B37: DSP | C37: HT125X125 | D37: OS0022000548 | E37: 28 | F37: 44712 | G37: 30.25 | H37: 1927569 | I37: =H37/G37 -> 63721.289 | K37: 274, 275, 325 | L37: 28 | M37: 18.12.22, 27.12.22 | N37: =9.734+5.308+12.788 -> 27.83 | P37: =G37*0.92 -> 27.83 | Q37: =G37*4.5% -> 1.36125 | R37: =G37*3.5% -> 1.05875 | T37: =G37-N37-Q37-R37 -> 1.7763568e-15 | V37: =360-($V$3-F37) -> -225.53556 | W37: =T37/0.92%/100 -> 1.9308227e-15
B38: DSP | C38: HT125X125 | D38: OS0022000548 | E38: 29 | F38: 44712 | G38: 30.25 | H38: 1927569 | I38: =H38/G38 -> 63721.289 | K38: 326, 333 | L38: 29 | M38: 27.12.22, 28.12.22 | N38: =20.207+7.623 -> 27.83 | P38: =G38*0.92 -> 27.83 | Q38: =G38*4.5% -> 1.36125 | R38: =G38*3.5% -> 1.05875 | T38: =G38-N38-Q38-R38 -> -1.7763568e-15 | V38: =360-($V$3-F38) -> -225.53556 | W38: =T38/0.92%/100 -> -1.9308227e-15
B39: DSP | C39: HT125X125 | D39: OS0022000542 | E39: 30 | F39: 44714 | G39: 28.832 | H39: 1837971 | I39: =H39/G39 -> 63747.607 | K39: 334, 650 | L39: 30 | M39: 28.12.22, 19.02.23 | N39: =24.932+1.593 -> 26.525 | P39: =G39*0.92 -> 26.52544 | Q39: =G39*4.5% -> 1.29744 | R39: =G39*3.5% -> 1.00912 | T39: =G39-N39-Q39-R39 -> 0.00044 | V39: =360-($V$3-F39) -> -223.53556 | W39: =T39/0.92%/100 -> 0.00047826087
B40: DSP | C40: HT125X125 | D40: OS0022000542 | E40: 31 | F40: 44714 | G40: 30.968 | H40: 1974117 | I40: =H40/G40 -> 63746.997 | K40: 448 | L40: 31 | M40: 23.01.23 | N40: 28.491 | P40: =G40*0.92 -> 28.49056 | Q40: =G40*4.5% -> 1.39356 | R40: =G40*3.5% -> 1.08388 | T40: =G40-N40-Q40-R40 -> -0.00044 | V40: =360-($V$3-F40) -> -223.53556 | W40: =T40/0.92%/100 -> -0.00047826087
B41: DSP | C41: HT125X125 | D41: OS0022000540 | E41: 32 | F41: 44714 | G41: 26.607 | H41: 1696334 | I41: =H41/G41 -> 63755.177 | K41: 453 | L41: 32 | M41: 24.01.23 | N41: 24.478 | P41: =G41*0.92 -> 24.47844 | Q41: =G41*4.5% -> 1.197315 | R41: =G41*3.5% -> 0.931245 | T41: =G41-N41-Q41-R41 -> 0.00044 | V41: =360-($V$3-F41) -> -223.53556 | W41: =T41/0.92%/100 -> 0.00047826087
B42: DSP | C42: HT125X125 | D42: OS0022000540 | E42: 33 | F42: 44714 | G42: 32.993 | H42: 2103454 | I42: =H42/G42 -> 63754.554 | K42: 454455 | L42: 33 | M42: 24.01.23,24.01.23 | N42: =8.363+21.991 -> 30.354 | P42: =G42*0.92 -> 30.35356 | Q42: =G42*4.5% -> 1.484685 | R42: =G42*3.5% -> 1.154755 | T42: =G42-N42-Q42-R42 -> -0.00044 | V42: =360-($V$3-F42) -> -223.53556 | W42: =T42/0.92%/100 -> -0.00047826087
B43: DSP | C43: HT125X125 | D43: OS0022000541 | E43: 34 | F43: 44714 | G43: 30.813 | H43: 1964562 | I43: =H43/G43 -> 63757.57 | K43: 456467475 | L43: 34 | M43: 24.01.23, 27.01.23,29.01.23 | N43: =10.372+15.881+2.095 -> 28.348 | P43: =G43*0.92 -> 28.34796 | Q43: =G43*4.5% -> 1.386585 | R43: =G43*3.5% -> 1.078455 | T43: =G43-N43-Q43-R43 -> -4e-05 | V43: =360-($V$3-F43) -> -223.53556 | W43: =T43/0.92%/100 -> -4.3478261e-05
B44: DSP | C44: HT125X125 | D44: OS0022000538 | E44: 35 | F44: 44714 | G44: 29.85 | H44: 1902969 | I44: =H44/G44 -> 63751.055 | K44: 476 | L44: 35 | M44: 29.01.23 | N44: 27.462 | P44: =G44*0.92 -> 27.462 | Q44: =G44*4.5% -> 1.34325 | R44: =G44*3.5% -> 1.04475 | T44: =G44-N44-Q44-R44 -> 0 | V44: =360-($V$3-F44) -> -223.53556 | W44: =T44/0.92%/100 -> 0
B45: DSP | C45: HT125X125 | D45: OS0022000538 | E45: 36 | F45: 44714 | G45: 29.85 | H45: 1902969 | I45: =H45/G45 -> 63751.055 | K45: 477478 | L45: 36 | M45: 29.01.23,29.01.23 | N45: =2.852+24.61 -> 27.462 | P45: =G45*0.92 -> 27.462 | Q45: =G45*4.5% -> 1.34325 | R45: =G45*3.5% -> 1.04475 | T45: =G45-N45-Q45-R45 -> 0 | V45: =360-($V$3-F45) -> -223.53556 | W45: =T45/0.92%/100 -> 0
B46: DSP | C46: HT125X125 | D46: OS0022000537 | E46: 37 | F46: 44714 | G46: 30.605 | H46: 1951823 | I46: =H46/G46 -> 63774.645 | K46: 479, 484 | L46: 37 | M46: 29.01.23, 29.01.23 | N46: =7.926+20.231 -> 28.157 | P46: =G46*0.92 -> 28.1566 | Q46: =G46*4.5% -> 1.377225 | R46: =G46*3.5% -> 1.071175 | T46: =G46-N46-Q46-R46 -> -0.0004 | V46: =360-($V$3-F46) -> -223.53556 | W46: =T46/0.92%/100 -> -0.00043478261
B47: DSP | C47: HT125X125 | D47: OS0022000545 | E47: 38 | F47: 44714 | G47: 30.25 | H47: 1927569 | I47: =H47/G47 -> 63721.289 | K47: 485542 | L47: 38 | M47: 29.01.23,04.02.23 | N47: =11.784+16.046 -> 27.83 | P47: =G47*0.92 -> 27.83 | Q47: =G47*4.5% -> 1.36125 | R47: =G47*3.5% -> 1.05875 | T47: =G47-N47-Q47-R47 -> 1.7763568e-15 | V47: =360-($V$3-F47) -> -223.53556 | W47: =T47/0.92%/100 -> 1.9308227e-15
B48: DSP | C48: HT125X125 | D48: OS0022000547 | E48: 39 | F48: 44714 | G48: 30.916 | H48: 1970932 | I48: =H48/G48 -> 63751.197 | K48: 457, 651 | L48: 39 | M48: 24.01.23, 19.02.23 | N48: =28.251+0.192 -> 28.443 | P48: =G48*0.92 -> 28.44272 | Q48: =G48*4.5% -> 1.39122 | R48: =G48*3.5% -> 1.08206 | T48: =G48-N48-Q48-R48 -> -0.00028 | V48: =360-($V$3-F48) -> -223.53556 | W48: =T48/0.92%/100 -> -0.00030434783
B49: DSP | C49: HT125X125 | D49: OS0022000547 | E49: 40 | F49: 44714 | G49: 28.784 | H49: 1835005 | I49: =H49/G49 -> 63750.869 | K49: 543, 564 | L49: 40 | M49: 04.02.23, 05.02.23 | N49: =16.619+9.862 -> 26.481 | P49: =G49*0.92 -> 26.48128 | Q49: =G49*4.5% -> 1.29528 | R49: =G49*3.5% -> 1.00744 | T49: =G49-N49-Q49-R49 -> 0.00028 | V49: =360-($V$3-F49) -> -223.53556 | W49: =T49/0.92%/100 -> 0.00030434783
B50: DSP | C50: HT125X125 | D50: OS0022000537 | E50: 41 | F50: 44715 | G50: 28.495 | H50: 1817215 | I50: =H50/G50 -> 63773.118 | K50: 565, 652 | L50: 41 | M50: 05.02.23, 19.02.23 | N50: =22.179+4.036 -> 26.215 | P50: =G50*0.92 -> 26.2154 | Q50: =G50*4.5% -> 1.282275 | R50: =G50*3.5% -> 0.997325 | T50: =G50-N50-Q50-R50 -> 0.0004 | V50: =360-($V$3-F50) -> -222.53556 | W50: =T50/0.92%/100 -> 0.00043478261
B51: DSP | C51: HT125X125 | D51: OS0022000541 | E51: 42 | F51: 44715 | G51: 28.688 | H51: 1829075 | I51: =H51/G51 -> 63757.494 | K51: 567 | L51: 42 | M51: 06.02.2023 | N51: 26.393 | P51: =G51*0.92 -> 26.39296 | Q51: =G51*4.5% -> 1.29096 | R51: =G51*3.5% -> 1.00408 | T51: =G51-N51-Q51-R51 -> -4e-05 | V51: =360-($V$3-F51) -> -222.53556 | W51: =T51/0.92%/100 -> -4.3478261e-05
B52: DSP | C52: HT125X125 | D52: OS0022000539 | E52: 43 | F52: 44715 | G52: 26.696 | H52: 1704224 | I52: =H52/G52 -> 63838.178 | K52: 568, 571 | L52: 43 | M52: 06.02.2023, 06.02.23 | N52: =5.842+18.718 -> 24.56 | P52: =G52*0.92 -> 24.56032 | Q52: =G52*4.5% -> 1.20132 | R52: =G52*3.5% -> 0.93436 | T52: =G52-N52-Q52-R52 -> 0.00032 | V52: =360-($V$3-F52) -> -222.53556 | W52: =T52/0.92%/100 -> 0.00034782609
B53: DSP | C53: HT125X125 | D53: OS0022000539 | E53: 44 | F53: 44715 | G53: 30.804 | H53: 1966413 | I53: =H53/G53 -> 63836.287 | K53: 572, 582 | L53: 44 | M53: 06.02.23, 08.02.23 | N53: =13.888+14.452 -> 28.34 | P53: =G53*0.92 -> 28.33968 | Q53: =G53*4.5% -> 1.38618 | R53: =G53*3.5% -> 1.07814 | T53: =G53-N53-Q53-R53 -> -0.00032 | V53: =360-($V$3-F53) -> -222.53556 | W53: =T53/0.92%/100 -> -0.00034782609
B54: DSP | C54: HT125X125 | D54: OS0022000545 | E54: 45 | F54: 44715 | G54: 30.25 | H54: 1927569 | I54: =H54/G54 -> 63721.289 | K54: 583, 584 | L54: 45 | M54: 08.02.23 | N54: =23.614+4.216 -> 27.83 | P54: =G54*0.92 -> 27.83 | Q54: =G54*4.5% -> 1.36125 | R54: =G54*3.5% -> 1.05875 | T54: =G54-N54-Q54-R54 -> -1.7763568e-15 | V54: =360-($V$3-F54) -> -222.53556 | W54: =T54/0.92%/100 -> -1.9308227e-15
B55: DSP | C55: HT125X125 | D55: OS0022000546 | E55: 46 | F55: 44715 | G55: 30.4 | H55: 1936794 | I55: =H55/G55 -> 63710.329 | K55: 585, 586, 641 | L55: 46 | M55: 08.02.23, 18.02.23 | N55: =14.896+5.464+7.608 -> 27.968 | P55: =G55*0.92 -> 27.968 | Q55: =G55*4.5% -> 1.368 | R55: =G55*3.5% -> 1.064 | T55: =G55-N55-Q55-R55 -> 0 | V55: =360-($V$3-F55) -> -222.53556 | W55: =T55/0.92%/100 -> 0
B56: DSP | C56: HT125X125 | D56: OS0022000546 | E56: 47 | F56: 44715 | G56: 30.4 | H56: 1936794 | I56: =H56/G56 -> 63710.329 | K56: 588621 | L56: 47 | M56: 08.02.23,14.02.23 | N56: =16.222+11.746 -> 27.968 | P56: =G56*0.92 -> 27.968 | Q56: =G56*4.5% -> 1.368 | R56: =G56*3.5% -> 1.064 | T56: =G56-N56-Q56-R56 -> -4.8849813e-15 | V56: =360-($V$3-F56) -> -222.53556 | W56: =T56/0.92%/100 -> -5.3097623e-15
B57: DSP | C57: HT125X125 | D57: OS0022000536 | E57: 48 | F57: 44715 | G57: 29.5 | H57: 1881444 | I57: =H57/G57 -> 63777.763 | K57: 622629 | L57: 48 | M57: 14.02.23,16.02.23 | N57: =9.953+17.187 -> 27.14 | P57: =G57*0.92 -> 27.14 | Q57: =G57*4.5% -> 1.3275 | R57: =G57*3.5% -> 1.0325 | T57: =G57-N57-Q57-R57 -> 0 | V57: =360-($V$3-F57) -> -222.53556 | W57: =T57/0.92%/100 -> 0
B58: DSP | C58: HT125X125 | D58: OS0022000536 | E58: 49 | F58: 44715 | G58: 29.5 | H58: 1881444 | I58: =H58/G58 -> 63777.763 | K58: 630, 636 | L58: 49 | M58: 16.02.23, 17.02.23 | N58: =14.818+12.322 -> 27.14 | P58: =G58*0.92 -> 27.14 | Q58: =G58*4.5% -> 1.3275 | R58: =G58*3.5% -> 1.0325 | T58: =G58-N58-Q58-R58 -> 0 | V58: =360-($V$3-F58) -> -222.53556 | W58: =T58/0.92%/100 -> 0
B59: DSP | C59: HT125X125 | D59: OS0022000509 | E59: 50 | F59: 44715 | G59: 32.625 | H59: 2071940 | I59: =H59/G59 -> 63507.739 | K59: 637, 652 | L59: 50 | M59: 17.02.23, 19.02.23 | N59: =20.312+9.703 -> 30.015 | P59: =G59*0.92 -> 30.015 | Q59: =G59*4.5% -> 1.468125 | R59: =G59*3.5% -> 1.141875 | T59: =G59-N59-Q59-R59 -> 0 | V59: =360-($V$3-F59) -> -222.53556 | W59: =T59/0.92%/100 -> 0
B60: DSP | C60: HT125X125 | D60: OS0022000507 | E60: 51 | F60: 44715 | G60: 31.279 | H60: 1986957 | I60: =H60/G60 -> 63523.674 | K60: 642, 665 | L60: 51 | M60: 18.02.23, 20.02.23 | N60: =25.481+3.296 -> 28.777 | P60: =G60*0.92 -> 28.77668 | Q60: =G60*4.5% -> 1.407555 | R60: =G60*3.5% -> 1.094765 | T60: =G60-N60-Q60-R60 -> -0.00032 | V60: =360-($V$3-F60) -> -222.53556 | W60: =T60/0.92%/100 -> -0.00034782609
B61: DSP | C61: HT125X125 | D61: OS0022000507 | E61: 52 | F61: 44715 | G61: 29.121 | H61: 1849925 | I61: =H61/G61 -> 63525.463 | K61: 595, 666 | L61: 52 | M61: 11.02.23, 20.02.23 | N61: =25.016+1.775 -> 26.791 | P61: =G61*0.92 -> 26.79132 | Q61: =G61*4.5% -> 1.310445 | R61: =G61*3.5% -> 1.019235 | T61: =G61-N61-Q61-R61 -> 0.00032 | V61: =360-($V$3-F61) -> -222.53556 | W61: =T61/0.92%/100 -> 0.00034782609
B62: DSP | C62: HT125X125 | D62: OS0022000508 | E62: 53 | F62: 44715 | G62: 28.461 | H62: 1807108 | I62: =H62/G62 -> 63494.185 | K62: 536, 667 | L62: 53 | M62: 03.02.23, 20.02.23 | N62: =17.062+9.122 -> 26.184 | P62: =G62*0.92 -> 26.18412 | Q62: =G62*4.5% -> 1.280745 | R62: =G62*3.5% -> 0.996135 | T62: =G62-N62-Q62-R62 -> 0.00012 | V62: =360-($V$3-F62) -> -222.53556 | W62: =T62/0.92%/100 -> 0.00013043478
B63: DSP | C63: HT125X125 | D63: OS0022000508 | E63: 54 | F63: 44715 | G63: 32.839 | H63: 2085124 | I63: =H63/G63 -> 63495.356 | K63: 533 | L63: 54 | M63: 03.02.2023 | N63: 30.212 | P63: =G63*0.92 -> 30.21188 | Q63: =G63*4.5% -> 1.477755 | R63: =G63*3.5% -> 1.149365 | T63: =G63-N63-Q63-R63 -> -0.00012 | V63: =360-($V$3-F63) -> -222.53556 | W63: =T63/0.92%/100 -> -0.00013043478
B64: DSP | C64: HT125X125 | D64: OS0022000507 | E64: 55 | F64: 44715 | G64: 28.275 | H64: 1795681 | I64: =H64/G64 -> 63507.728 | K64: 517, 535 | L64: 55 | M64: 01.02.23, 03.02.22 | N64: =10.94+15.073 -> 26.013 | P64: =G64*0.92 -> 26.013 | Q64: =G64*4.5% -> 1.272375 | R64: =G64*3.5% -> 0.989625 | T64: =G64-N64-Q64-R64 -> 0 | V64: =360-($V$3-F64) -> -222.53556 | W64: =T64/0.92%/100 -> 0
B65: DSP | C65: MS125X125 | D65: OS0022000346 | E65: 56 | F65: 44725 | G65: 30.6 | H65: 1851241 | I65: =H65/G65 -> 60498.072 | K65: 224, 249, 250, 534, 668 | L65: 56 | M65: 08.12.22, 13.12.22, 03.02.23, 20.02.23 | N65: =1.418+13.308+6.946+2.322+4.158 -> 28.152 | P65: =G65*0.92 -> 28.152 | Q65: =G65*4.5% -> 1.377 | R65: =G65*3.5% -> 1.071 | T65: =G65-N65-Q65-R65 -> 3.7747583e-15 | V65: =360-($V$3-F65) -> -212.53556 | W65: =T65/0.92%/100 -> 4.1029981e-15
B66: DSP | C66: MS125X125 | D66: OS0022000346 | E66: 57 | F66: 44725 | G66: 30.6 | H66: 1851241 | I66: =H66/G66 -> 60498.072 | K66: 258, 669 | L66: 57 | M66: 14.12.22, 20.02.23 | N66: =9.418+3.427+5.501+3.705+6.101 -> 28.152 | P66: =G66*0.92 -> 28.152 | Q66: =G66*4.5% -> 1.377 | R66: =G66*3.5% -> 1.071 | T66: =G66-N66-Q66-R66 -> 0 | V66: =360-($V$3-F66) -> -212.53556 | W66: =T66/0.92%/100 -> 0
B67: DSP | C67: HT125X125 | D67: OS0022000356 | E67: 58 | F67: 44725 | G67: 29.85 | H67: 1896916 | I67: =H67/G67 -> 63548.275 | K67: 498 | L67: 58 | M67: 31.01.23 | N67: 27.462 | P67: =G67*0.92 -> 27.462 | Q67: =G67*4.5% -> 1.34325 | R67: =G67*3.5% -> 1.04475 | T67: =G67-N67-Q67-R67 -> 0 | V67: =360-($V$3-F67) -> -212.53556 | W67: =T67/0.92%/100 -> 0
B68: DSP | C68: HT125X125 | D68: OS0022000356 | E68: 59 | F68: 44725 | G68: 29.85 | H68: 1896916 | I68: =H68/G68 -> 63548.275 | K68: 499, 516 | L68: 59 | M68: 31.01.23, 01.02.23 | N68: =5.144+22.318 -> 27.462 | P68: =G68*0.92 -> 27.462 | Q68: =G68*4.5% -> 1.34325 | R68: =G68*3.5% -> 1.04475 | T68: =G68-N68-Q68-R68 -> -1.9984014e-15 | V68: =360-($V$3-F68) -> -212.53556 | W68: =T68/0.92%/100 -> -2.1721755e-15
B69: DSP | C69: MS125X125 | D69: OS0022000355 | E69: 60 | F69: 44726 | G69: 28.977 | H69: 1754099 | I69: =H69/G69 -> 60534.182 | K69: 267268670 | L69: 60 | M69: 16.12.22, 16.12.22, 20.02.22 | N69: =25.053+0.3+1.334 -> 26.687 | P69: =G69*0.92+0.026 -> 26.68484 | Q69: =G69*4.5%-0.015 -> 1.288965 | R69: =G69*3.5%-0.013 -> 1.001195 | T69: =G69-N69-Q69-R69 -> -0.00016 | V69: =360-($V$3-F69) -> -211.53556 | W69: =T69/0.92%/100 -> -0.00017391304
B70: DSP | C70: MS125X125 | D70: OS0022000355 | E70: 61 | F70: 44726 | G70: 31.123 | H70: 1884033 | I70: =H70/G70 -> 60535.071 | K70: 587, 671, 226 | L70: 61 | M70: 08.02.23, 20.02.22.09.06.23 | N70: =26.939+1.12+0.6 -> 28.659 | P70: =G70*0.92+0.026 -> 28.65916 | Q70: =G70*4.5%-0.013 -> 1.387535 | R70: =G70*3.5%-0.013 -> 1.076305 | T70: =G70-N70-Q70-R70 -> 0.00016 | V70: =360-($V$3-F70) -> -211.53556 | W70: =T70/0.92%/100 -> 0.00017391304
B71: DSP | C71: MS125X125 | D71: OS0022000354 | E71: 62 | F71: 44726 | G71: 29.218 | H71: 1768202 | I71: =H71/G71 -> 60517.558 | K71: 589, 592 | L71: 62 | M71: 08.02.23, 10.02.23 | N71: =16.359+10.522 -> 26.881 | P71: =G71*0.92 -> 26.88056 | Q71: =G71*4.5% -> 1.31481 | R71: =G71*3.5% -> 1.02263 | T71: =G71-N71-Q71-R71 -> -0.00044 | V71: =360-($V$3-F71) -> -211.53556 | W71: =T71/0.92%/100 -> -0.00047826087
B72: DSP | C72: MS125X125 | D72: OS0022000354 | E72: 63 | F72: 44726 | G72: 31.382 | H72: 1899180 | I72: =H72/G72 -> 60518.131 | K72: 593, 594 | L72: 63 | M72: 10.02.23, 11.02.23 | N72: =21.685+7.186 -> 28.871 | P72: =G72*0.92 -> 28.87144 | Q72: =G72*4.5% -> 1.41219 | R72: =G72*3.5% -> 1.09837 | T72: =G72-N72-Q72-R72 -> 0.00044 | V72: =360-($V$3-F72) -> -211.53556 | W72: =T72/0.92%/100 -> 0.00047826087
B73: DSP | C73: MS125X125 | D73: OS0022000353 | E73: 64 | F73: 44726 | G73: 28.6 | H73: 1729874 | I73: =H73/G73 -> 60485.105 | K73: 623, 654, 682 | L73: 64 | M73: 14.02.23, 19.02.23, 21.02.23 | N73: =10.742+11.998+3.572 -> 26.312 | P73: =G73*0.92 -> 26.312 | Q73: =G73*4.5% -> 1.287 | R73: =G73*3.5% -> 1.001 | T73: =G73-N73-Q73-R73 -> 0 | V73: =360-($V$3-F73) -> -211.53556 | W73: =T73/0.92%/100 -> 0
B74: DSP | C74: MS125X125 | D74: OS0022000353 | E74: 65 | F74: 44726 | G74: 33 | H74: 1996008 | I74: =H74/G74 -> 60485.091 | K74: 683, 219 | L74: 65 | M74: 21.02.23, 08.06.23 | N74: =30.075+0.285 -> 30.36 | P74: =G74*0.92 -> 30.36 | Q74: =G74*4.5% -> 1.485 | R74: =G74*3.5% -> 1.155 | T74: =G74-N74-Q74-R74 -> 0 | V74: =360-($V$3-F74) -> -211.53556 | W74: =T74/0.92%/100 -> 0
B75: DSP | C75: MS125X125 | D75: OS0022000352 | E75: 66 | F75: 44727 | G75: 27.021 | H75: 1637527 | I75: =H75/G75 -> 60602.013 | K75: 220 | L75: 66 | M75: 08.06.23 | N75: 24.859 | P75: =G75*0.92 -> 24.85932 | Q75: =G75*4.5% -> 1.215945 | R75: =G75*3.5% -> 0.945735 | T75: =G75-N75-Q75-R75 -> 0.00032 | V75: =360-($V$3-F75) -> -210.53556 | W75: =T75/0.92%/100 -> 0.00034782609
B76: DSP | C76: MS125X125 | D76: OS0022000352 | E76: 67 | F76: 44727 | G76: 31.179 | H76: 1889454 | I76: =H76/G76 -> 60600.212 | K76: 221, 222 | L76: 67 | M76: 08.06.23, 08.06.23 | N76: =7.243+21.442 -> 28.685 | P76: =G76*0.92 -> 28.68468 | Q76: =G76*4.5% -> 1.403055 | R76: =G76*3.5% -> 1.091265 | T76: =G76-N76-Q76-R76 -> -0.00032 | V76: =360-($V$3-F76) -> -210.53556 | W76: =T76/0.92%/100 -> -0.00034782609
B77: DSP | C77: MS125X125 | D77: OS0022000348 | E77: 68 | F77: 44727 | G77: 29.459 | H77: 1782305 | I77: =H77/G77 -> 60501.205 | K77: 223, 224 | L77: 68 | M77: 08.06.23, 08.06.23 | N77: =11.326+15.776 -> 27.102 | P77: =G77*0.92 -> 27.10228 | Q77: =G77*4.5% -> 1.325655 | R77: =G77*3.5% -> 1.031065 | T77: =G77-N77-Q77-R77 -> 0.00028 | V77: =360-($V$3-F77) -> -210.53556 | W77: =T77/0.92%/100 -> 0.00030434783
B78: DSP | C78: MS125X125 | D78: OS0022000348 | E78: 69 | F78: 44727 | G78: 31.641 | H78: 1914327 | I78: =H78/G78 -> 60501.47 | K78: 225, 227 | L78: 69 | M78: 08.06.23, 09.06.23 | N78: =4.672+24.438 -> 29.11 | P78: =G78*0.92 -> 29.10972 | Q78: =G78*4.5% -> 1.423845 | R78: =G78*3.5% -> 1.107435 | T78: =G78-N78-Q78-R78 -> -0.00028 | V78: =360-($V$3-F78) -> -210.53556 | W78: =T78/0.92%/100 -> -0.00030434783
B79: DSP | C79: MS125X125 | D79: OS0022000349 | E79: 70 | F79: 44727 | G79: 30.15 | H79: 1824916 | I79: =H79/G79 -> 60527.894 | K79: 228, 229 | L79: 70 | M79: 09.06.23, 09.06.23 | N79: =7.753+19.985 -> 27.738 | P79: =G79*0.92 -> 27.738 | Q79: =G79*4.5% -> 1.35675 | R79: =G79*3.5% -> 1.05525 | T79: =G79-N79-Q79-R79 -> 0 | V79: =360-($V$3-F79) -> -210.53556 | W79: =T79/0.92%/100 -> 0
B80: DSP | C80: MS125X125 | D80: OS0022000349 | E80: 71 | F80: 44727 | G80: 30.15 | H80: 1824916 | I80: =H80/G80 -> 60527.894 | K80: 230, 231 | L80: 71 | M80: 09.06.23, 09.06.23 | N80: =12.78+14.958 -> 27.738 | P80: =G80*0.92 -> 27.738 | Q80: =G80*4.5% -> 1.35675 | R80: =G80*3.5% -> 1.05525 | T80: =G80-N80-Q80-R80 -> 0 | V80: =360-($V$3-F80) -> -210.53556 | W80: =T80/0.92%/100 -> 0
B81: DSP | C81: MS125X125 | D81: OS0022000347 | E81: 72 | F81: 44728 | G81: 31.796 | H81: 1923416 | I81: =H81/G81 -> 60492.389 | K81: 232, 233 | L81: 72 | M81: 09.06.23, 09.06.23 | N81: =17.669+11.583 -> 29.252 | P81: =G81*0.92 -> 29.25232 | Q81: =G81*4.5% -> 1.43082 | R81: =G81*3.5% -> 1.11286 | T81: =G81-N81-Q81-R81 -> 0.00032 | V81: =360-($V$3-F81) -> -209.53556 | W81: =T81/0.92%/100 -> 0.00034782609
B82: DSP | C82: MS125X125 | D82: OS0022000347 | E82: 73 | F82: 44728 | G82: 29.604 | H82: 1790766 | I82: =H82/G82 -> 60490.677 | K82: 234, 235 | L82: 73 | M82: 09.06.23, 10.06.23 | N82: =20.934+6.302 -> 27.236 | P82: =G82*0.92 -> 27.23568 | Q82: =G82*4.5% -> 1.33218 | R82: =G82*3.5% -> 1.03614 | T82: =G82-N82-Q82-R82 -> -0.00032 | V82: =360-($V$3-F82) -> -209.53556 | W82: =T82/0.92%/100 -> -0.00034782609
B83: DSP | C83: MS125X125 | D83: OS0022000350 | E83: 74 | F83: 44728 | G83: 31.4 | H83: 1898041 | I83: =H83/G83 -> 60447.166 | K83: 236, 237 | L83: 74 | M83: 10.06.23, 10.06.23 | N83: =26.228+2.66 -> 28.888 | P83: =G83*0.92 -> 28.888 | Q83: =G83*4.5% -> 1.413 | R83: =G83*3.5% -> 1.099 | T83: =G83-N83-Q83-R83 -> -2.8865799e-15 | V83: =360-($V$3-F83) -> -209.53556 | W83: =T83/0.92%/100 -> -3.1375868e-15
B84: DSP | C84: MS125X125 | D84: OS0022000350 | E84: 75 | F84: 44728 | G84: 31.4 | H84: 1898041 | I84: =H84/G84 -> 60447.166 | K84: 238 | L84: 75 | M84: 10.06.23 | N84: 28.888 | P84: =G84*0.92 -> 28.888 | Q84: =G84*4.5% -> 1.413 | R84: =G84*3.5% -> 1.099 | T84: =G84-N84-Q84-R84 -> -2.8865799e-15 | V84: =360-($V$3-F84) -> -209.53556 | W84: =T84/0.92%/100 -> -3.1375868e-15
B85: DSP | C85: MS125X125 | D85: OS0022000351 | E85: 76 | F85: 44728 | G85: 28.639 | H85: 1734356 | I85: =H85/G85 -> 60559.237 | K85: 239, 288 ,368 ,371 | L85: 76 | M85: 10.06.23, 22.06.23, 01.07.23, 02.07.23 | N85: =1.427+17.305+0.895+6.721 -> 26.348 | P85: =G85*0.92 -> 26.34788 | Q85: =G85*4.5% -> 1.288755 | R85: =G85*3.5% -> 1.002365 | T85: =G85-N85-Q85-R85 -> -0.00012 | V85: =360-($V$3-F85) -> -209.53556 | W85: =T85/0.92%/100 -> -0.00013043478
B86: DSP | C86: MS125X125 | D86: OS0022000351 | E86: 77 | F86: 44728 | G86: 30.761 | H86: 1862826 | I86: =H86/G86 -> 60558.044 | K86: 372, 377 | L86: 77 | M86: 02.07.23, 02.07.23 | N86: =18.882+9.418 -> 28.3 | P86: =G86*0.92 -> 28.30012 | Q86: =G86*4.5% -> 1.384245 | R86: =G86*3.5% -> 1.076635 | T86: =G86-N86-Q86-R86 -> 0.00012 | V86: =360-($V$3-F86) -> -209.53556 | W86: =T86/0.92%/100 -> 0.00013043478
B87: DSP | C87: MS125X125 | D87: OS0022000345 | E87: 78 | F87: 44728 | G87: 29.796 | H87: 1802048 | I87: =H87/G87 -> 60479.527 | K87: 378, 381 | L87: 78 | M87: 02.07.23, 03.07.23 | N87: =20.138+7.274 -> 27.412 | P87: =G87*0.92 -> 27.41232 | Q87: =G87*4.5% -> 1.34082 | R87: =G87*3.5% -> 1.04286 | T87: =G87-N87-Q87-R87 -> 0.00032 | V87: =360-($V$3-F87) -> -209.53556 | W87: =T87/0.92%/100 -> 0.00034782609
B88: DSP | C88: MS125X125 | D88: OS0022000345 | E88: 79 | F88: 44728 | G88: 32.004 | H88: 1935533 | I88: =H88/G88 -> 60477.847 | K88: 382, 395, 423 | L88: 79 | M88: 03.07.23, 05.07.23, 10.07.23 | N88: =21.123+6.742+1.569 -> 29.434 | P88: =G88*0.92-0.01 -> 29.43368 | Q88: 1.445 | R88: 1.125 | T88: =G88-N88-Q88-R88 -> -3.3306691e-15 | V88: =360-($V$3-F88) -> -209.53556 | W88: =T88/0.92%/100 -> -3.6202925e-15
G89: =SUM(G5:G88) -> 2714.04 | N89: =SUM(N5:N88) -> 2511.499 | P89: =SUM(P5:P88) -> 2360.2264 | Q89: =SUM(Q5:Q88) -> 113.93172 | R89: =SUM(R5:R88) -> 88.61056 | T89: =SUM(T5:T88) -> -0.00128 | W89: =SUM(W5:W88) -> -0.0013913043
C90: NEW CHALLAN AUG-2023
B91: JSPL | C91: HT130X130 | D91: RV1000047804 | E91: 68 | F91: 45142 | G91: 31.78 | H91: 1637941.2 | I91: =H91/G91 -> 51540 | K91: 705 | L91: =E91 -> 68 | M91: 20.08.23 | N91: 29.238 | P91: =G91*0.92 -> 29.2376 | Q91: =G91*4.5% -> 1.4301 | R91: =G91*3.5% -> 1.1123 | T91: =G91-N91-Q91-R91 -> -0.0004 | V91: =360-($V$3-F91) -> 204.46444 | W91: =T91/0.92%/100 -> -0.00043478261
B92: JSPL | C92: HT130X130 | D92: RV1000047597 | E92: 69 | F92: 45142 | G92: 39.8 | H92: 2051292 | I92: =H92/G92 -> 51540 | K92: 679, 720 | L92: =E92 -> 69 | M92: 17.08.23, 22.08.23 | N92: =27.568+9.048 -> 36.616 | P92: =G92*0.92 -> 36.616 | Q92: =G92*4.5% -> 1.791 | R92: =G92*3.5% -> 1.393 | T92: =G92-N92-Q92-R92 -> -2.220446e-15 | V92: =360-($V$3-F92) -> 204.46444 | W92: =T92/0.92%/100 -> -2.4135283e-15
B93: JSPL | C93: HT130X130 | D93: RV1000047938 | E93: 70 | F93: 45142 | G93: 27.02 | H93: 1392610.8 | I93: =H93/G93 -> 51540 | K93: 706, 721 | L93: =E93 -> 70 | M93: 20.08.23, 22.08.23 | N93: =9.752+15.106 -> 24.858 | P93: =G93*0.92 -> 24.8584 | Q93: =G93*4.5% -> 1.2159 | R93: =G93*3.5% -> 0.9457 | T93: =G93-N93-Q93-R93 -> 0.0004 | V93: =360-($V$3-F93) -> 204.46444 | W93: =T93/0.92%/100 -> 0.00043478261
B94: JSPL | C94: HT130X130 | D94: RV1000048496 | E94: 71 | F94: 45142 | G94: 41.36 | H94: 2131694.4 | I94: =H94/G94 -> 51540 | K94: 722, 723 | L94: =E94 -> 71 | M94: 22.08.23, 22.08.23 | N94: =8.219+29.832 -> 38.051 | P94: =G94*0.92 -> 38.0512 | Q94: =G94*4.5% -> 1.8612 | R94: =G94*3.5% -> 1.4476 | T94: =G94-N94-Q94-R94 -> 0.0002 | V94: =360-($V$3-F94) -> 204.46444 | W94: =T94/0.92%/100 -> 0.0002173913
B95: JSPL | C95: HT130X130 | D95: RV1000048497 | E95: 72 | F95: 45142 | G95: 41.36 | H95: 2131694.4 | I95: =H95/G95 -> 51540 | K95: 724, 725, 728 | L95: =E95 -> 72 | M95: 22.08.23, 22.08.23, 23.08.23 | N95: =2.827+29.354+5.87 -> 38.051 | P95: =G95*0.92 -> 38.0512 | Q95: =G95*4.5% -> 1.8612 | R95: =G95*3.5% -> 1.4476 | T95: =G95-N95-Q95-R95 -> 0.0002 | V95: =360-($V$3-F95) -> 204.46444 | W95: =T95/0.92%/100 -> 0.0002173913
B96: JSPL | C96: HT130X130 | D96: RV1000048201 | E96: 73 | F96: 45142 | G96: 27 | H96: 1391580 | I96: =H96/G96 -> 51540 | K96: 731 | L96: =E96 -> 73 | M96: 23.08.23 | N96: 24.84 | P96: =G96*0.92 -> 24.84 | Q96: =G96*4.5% -> 1.215 | R96: =G96*3.5% -> 0.945 | T96: =G96-N96-Q96-R96 -> 0 | V96: =360-($V$3-F96) -> 204.46444 | W96: =T96/0.92%/100 -> 0
B97: JSPL | C97: HT130X130 | D97: RV1000048412 | E97: 74 | F97: 45142 | G97: 31.84 | H97: 1641033.6 | I97: =H97/G97 -> 51540 | K97: 729, 732 | L97: =E97 -> 74 | M97: 23.08.23, 23.08.23 | N97: =27.164+0.115+2.129 -> 29.408 | P97: 29.408 | Q97: 1.373 | R97: 1.059 | T97: =G97-N97-Q97-R97 -> 0 | V97: =360-($V$3-F97) -> 204.46444 | W97: =T97/0.92%/100 -> 0
B98: JSPL | C98: HT130X130 | D98: RV1000048487 | E98: 75 | F98: 45142 | G98: 41.38 | H98: 2132725.2 | I98: =H98/G98 -> 51540 | K98: 733, 736 | L98: =E98 -> 75 | M98: 23.08.23, 23.08.23 | N98: =5.634+32.436 -> 38.07 | P98: =G98*0.92 -> 38.0696 | Q98: =G98*4.5% -> 1.8621 | R98: =G98*3.5% -> 1.4483 | T98: =G98-N98-Q98-R98 -> -0.0004 | V98: =360-($V$3-F98) -> 204.46444 | W98: =T98/0.92%/100 -> -0.00043478261
B99: JSPL | C99: HT130X130 | D99: RV1000048585 | E99: 76 | F99: 45142 | G99: 39.84 | H99: 2053353.6 | I99: =H99/G99 -> 51540 | K99: 737, 738, 746 | L99: =E99 -> 76 | M99: 23.08.23, 23.08.23, 24.08.23 | N99: =0.83+32.823+3 -> 36.653 | P99: =G99*0.92 -> 36.6528 | Q99: =G99*4.5% -> 1.7928 | R99: =G99*3.5% -> 1.3944 | T99: =G99-N99-Q99-R99 -> -0.0002 | V99: =360-($V$3-F99) -> 204.46444 | W99: =T99/0.92%/100 -> -0.0002173913
B100: JSPL | C100: HT130X130 | D100: RV1000048488 | E100: 77 | F100: 45142 | G100: 31.86 | H100: 1642064.4 | I100: =H100/G100 -> 51540 | K100: 747, 752 | L100: =E100 -> 77 | M100: 24.08.23, 24.08.23 | N100: =23.251+6.06 -> 29.311 | P100: =G100*0.92 -> 29.3112 | Q100: =G100*4.5% -> 1.4337 | R100: =G100*3.5% -> 1.1151 | T100: =G100-N100-Q100-R100 -> 0.0002 | V100: =360-($V$3-F100) -> 204.46444 | W100: =T100/0.92%/100 -> 0.0002173913
B102: JSPL | C102: MS-130X130 | D102: RV1000052355 | E102: 109 | F102: 45155 | G102: 39.86 | H102: 1843525 | I102: =H102/G102 -> 46250 | K102: 753, 787 | L102: =E102 -> 109 | M102: 24.08.23, 28.08.23 | N102: =33.463+3.208 -> 36.671 | P102: =G102*0.92 -> 36.6712 | Q102: =G102*4.5% -> 1.7937 | R102: =G102*3.5% -> 1.3951 | T102: =G102-N102-Q102-R102 -> 0.0002 | V102: =360-($V$3-F102) -> 217.46444 | W102: =T102/0.92%/100 -> 0.0002173913
...

Sheet KEC BB JOB WORK  (returnable c)
V2: (mm/dd/yy
A3: JOB WORK KEC BB RETURNABLE CHALLAN | V3: =+SUMMARY!C4 -> 45297.536
A4: LOT NO. | B4: PARTY | C4: SIZE | D4: INVOICE NO. | E4: Challan No. | F4: Challan Dt.(mm/dd/yy | G4: Challan Qty. | H4: Challan Value | I4: RATE | K4: VIL Challan No. | L4: KEC Challan No. | M4: Dispatched. Dt. | N4: Dispatched. Qty. | P4: Finish Good Qty | Q4: Burning loss 4.5% | R4: Waste & Scrap 3.5% | T4: Finish Good Balance Qty | V4: Challan Balance Days
A5: 1 | E5: 850 | F5: 44649 | G5: 31.505 | H5: 2677925 | I5: =H5/G5 -> 85000 | K5: 39, 51 | L5: 850 | M5: 05.04.22, 06.04.22 | N5: =26.61+4.895 -> 31.505 | P5: =G5 -> 31.505 | T5: =G5-N5-Q5-R5 -> 0 | V5: =360-($V$3-F5) -> -288.53556 | W5: =T5/0.92%/100 -> 0
A6: 2 | E6: 851 | F6: 44650 | G6: 32.402 | H6: 2754170 | I6: =H6/G6 -> 85000 | K6: 40, 52 | L6: 851 | M6: 05.04.22, 06.04.22 | N6: =31.34+1.062 -> 32.402 | P6: =G6 -> 32.402 | T6: =G6-N6-Q6-R6 -> 0 | V6: =360-($V$3-F6) -> -287.53556 | W6: =T6/0.92%/100 -> 0
A7: 3 | E7: 852 | F7: 44651 | G7: 31.894 | H7: 2710990 | I7: =H7/G7 -> 85000 | K7: 45, 53 | L7: 852 | M7: 05.04.22, 06.04.22 | N7: =31.04+0.854 -> 31.894 | P7: =G7 -> 31.894 | T7: =G7-N7-Q7-R7 -> 0 | V7: =360-($V$3-F7) -> -286.53556 | W7: =T7/0.92%/100 -> 0
A8: 4 | E8: 853 | F8: 44651 | G8: 31.023 | H8: 2636955 | I8: =H8/G8 -> 85000 | K8: 50, 54 | L8: 853 | M8: 06.04.22, 06.04.22 | N8: =30.59+0.433 -> 31.023 | P8: =G8 -> 31.023 | T8: =G8-N8-Q8-R8 -> 0 | V8: =360-($V$3-F8) -> -286.53556 | W8: =T8/0.92%/100 -> 0
A9: 5 | E9: 1 | F9: 44652 | G9: 30.908 | H9: 2627180 | I9: =H9/G9 -> 85000 | K9: 55, 56 | L9: 1 | M9: 06.04.22, 06.04.22 | N9: =24.156+6.752 -> 30.908 | P9: =G9 -> 30.908 | T9: =G9-N9-Q9-R9 -> 3.5527137e-15 | V9: =360-($V$3-F9) -> -285.53556 | W9: =T9/0.92%/100 -> 3.8616453e-15
A10: 6 | E10: 8 | F10: 44653 | G10: 41.746 | H10: 2627180 | I10: =H10/G10 -> 62932.497 | K10: 46, 57 | L10: 8 | M10: 05.04.22, 06.04.22 | N10: =41.03+0.716 -> 41.746 | P10: =G10 -> 41.746 | T10: =G10-N10-Q10-R10 -> 0 | V10: =360-($V$3-F10) -> -284.53556 | W10: =T10/0.92%/100 -> 0
A11: 7 | E11: 16 | F11: 44654 | G11: 21.8 | H11: 1853000 | I11: =H11/G11 -> 85000 | K11: 58 | L11: 16 | M11: 06.04.22 | N11: 21.8 | P11: =G11 -> 21.8 | T11: =G11-N11-Q11-R11 -> 0 | V11: =360-($V$3-F11) -> -283.53556 | W11: =T11/0.92%/100 -> 0
A12: 8 | E12: 15 | F12: 44654 | G12: 31.35 | H12: 2627180 | I12: =H12/G12 -> 83801.595 | K12: 59, 60 | L12: 15 | M12: 06.04.22, 06.04.22 | N12: =0.932+30.418 -> 31.35 | P12: =G12 -> 31.35 | T12: =G12-N12-Q12-R12 -> 3.5527137e-15 | V12: =360-($V$3-F12) -> -283.53556 | W12: =T12/0.92%/100 -> 3.8616453e-15
A13: 9 | E13: 1000004644 | F13: 44812 | G13: 6.103 | H13: 387632 | I13: =H13/G13 -> 63514.993 | K13: 526 | L13: 1000004644 | M13: 02.02.2023 | N13: 6.103 | P13: =G13 -> 6.103 | T13: =G13-N13-Q13-R13 -> 0 | V13: =360-($V$3-F13) -> -125.53556 | W13: =T13/0.92%/100 -> 0
A14: 10 | I14: =H14/G14 -> #DIV/0! | P14: =G14 -> 0 | T14: =G14-N14-Q14-R14 -> 0 | V14: =360-($V$3-F14) -> -44937.536 | W14: =T14/0.92%/100 -> 0
A15: 11 | I15: =H15/G15 -> #DIV/0! | P15: =G15 -> 0 | T15: =G15-N15-Q15-R15 -> 0 | V15: =360-($V$3-F15) -> -44937.536 | W15: =T15/0.92%/100 -> 0
A16: 12 | I16: =H16/G16 -> #DIV/0! | P16: =G16 -> 0 | T16: =G16-N16-Q16-R16 -> 0 | V16: =360-($V$3-F16) -> -44937.536 | W16: =T16/0.92%/100 -> 0
A17: 13 | I17: =H17/G17 -> #DIV/0! | P17: =G17 -> 0 | T17: =G17-N17-Q17-R17 -> 0 | V17: =360-($V$3-F17) -> -44937.536 | W17: =T17/0.92%/100 -> 0
A18: 14 | I18: =H18/G18 -> #DIV/0! | P18: =G18 -> 0 | T18: =G18-N18-Q18-R18 -> 0 | V18: =360-($V$3-F18) -> -44937.536 | W18: =T18/0.92%/100 -> 0
A19: 15 | I19: =H19/G19 -> #DIV/0! | P19: =G19 -> 0 | T19: =G19-N19-Q19-R19 -> 0 | V19: =360-($V$3-F19) -> -44937.536 | W19: =T19/0.92%/100 -> 0
I20: =H20/G20 -> #DIV/0! | P20: =G20 -> 0 | T20: =G20-N20-Q20-R20 -> 0 | V20: =360-($V$3-F20) -> -44937.536 | W20: =T20/0.92%/100 -> 0
G21: =SUM(G9:G20) -> 131.907 | N21: =SUM(N9:N20) -> 131.907 | P21: =SUM(P9:P20) -> 131.907 | Q21: =SUM(Q9:Q20) -> 0 | R21: =SUM(R9:R20) -> 0 | T21: =SUM(T9:T20) -> 7.1054274e-15 | W21: =SUM(W9:W20) -> 7.7232906e-15
K26: 2040 | M26: =K26/92% -> 2217.3913
K27: 1650.417 | M27: =K27/92% -> 1793.9315
V93: 9
V94: 9
V95: 9
V96: 9

Sheet Sheet1
A2: 1 | B2: VINAR CHANDRAPUR BALANCE JOB WORK CHALLAN DETAILS
B3: Party Name | C3: Job Work Bal.Qty (Billet wt.) | D3: Job Work Bal.Day | E3: KEC Billets Stock Qty
B4: KEC BUB | C4: 163.481 | D4: 110 | E4: 0
B5: KEC JBP | C5: 0 | D5: 0 | E5: 0
B6: Total | C6: =+C4 -> 163.481 | E6: 0
A9: 2 | B9: VINAR BUTIBORI BALANCE JOB WORK CHALLAN DETAILS
B10: Party Name | C10: Job Work Bal.Qty (Billet wt.) | D10: Job Work Bal.Day | E10: KEC Billets Stock Qty
B11: KEC BUB | C11: 2217.561 | D11: 150 | E11: 2217.561 | K11: 21.996
B12: KEC JBP | C12: 1793.932 | D12: 179 | E12: 1793.932 | K12: 0.025
B13: Total | C13: =SUM(C11:C12) -> 4011.493 | E13: =SUM(E11:E12) -> 4011.493 | K13: =K11+K12 -> 22.021

Sheet Sheet2
A1: JOB WORK KEC JBP | V1: =+SUMMARY!C4 -> 45297.536
A2: LOT NO. | B2: PARTY | C2: SIZE | D2: INVOICE NO. | E2: Challan No. | F2: Challan Dt.(mm/dd/yy | G2: Challan Qty. | H2: Challan Value | I2: RATE | K2: VIL Challan No. | L2: KEC Challan No. | M2: Dispatched. Dt. | N2: Dispatched. Qty. | P2: Finish Good Qty | Q2: Burning loss 4.5% | R2: Waste & Scrap 3.5% | T2: Finish Good Balance Qty | V2: Challan Balance Days
B3: DSP | C3: MS125X125 | D3: OS0022000353 | E3: 65 | F3: 44726 | G3: 33 | H3: 1996008 | I3: =H3/G3 -> 60485.091 | K3: 683 | L3: 65 | M3: 21.02.23 | N3: 30.075 | P3: =G3*0.92 -> 30.36 | Q3: =G3*4.5% -> 1.485 | R3: =G3*3.5% -> 1.155 | T3: =G3-N3-Q3-R3 -> 0.285 | V3: =360-($V$1-F3) -> -211.53556
B4: DSP | C4: MS125X125 | D4: OS0022000352 | E4: 66 | F4: 44727 | G4: 27.021 | H4: 1637527 | I4: =H4/G4 -> 60602.013 | L4: 66 | P4: =G4*0.92 -> 24.85932 | Q4: =G4*4.5% -> 1.215945 | R4: =G4*3.5% -> 0.945735 | T4: =G4-N4-Q4-R4 -> 24.85932 | V4: =360-($V$1-F4) -> -210.53556
B5: DSP | C5: MS125X125 | D5: OS0022000352 | E5: 67 | F5: 44727 | G5: 31.179 | H5: 1889454 | I5: =H5/G5 -> 60600.212 | L5: 67 | P5: =G5*0.92 -> 28.68468 | Q5: =G5*4.5% -> 1.403055 | R5: =G5*3.5% -> 1.091265 | T5: =G5-N5-Q5-R5 -> 28.68468 | V5: =360-($V$1-F5) -> -210.53556
B6: DSP | C6: MS125X125 | D6: OS0022000348 | E6: 68 | F6: 44727 | G6: 29.459 | H6: 1782305 | I6: =H6/G6 -> 60501.205 | L6: 68 | P6: =G6*0.92 -> 27.10228 | Q6: =G6*4.5% -> 1.325655 | R6: =G6*3.5% -> 1.031065 | T6: =G6-N6-Q6-R6 -> 27.10228 | V6: =360-($V$1-F6) -> -210.53556
B7: DSP | C7: MS125X125 | D7: OS0022000348 | E7: 69 | F7: 44727 | G7: 31.641 | H7: 1914327 | I7: =H7/G7 -> 60501.47 | L7: 69 | P7: =G7*0.92 -> 29.10972 | Q7: =G7*4.5% -> 1.423845 | R7: =G7*3.5% -> 1.107435 | T7: =G7-N7-Q7-R7 -> 29.10972 | V7: =360-($V$1-F7) -> -210.53556
B8: DSP | C8: MS125X125 | D8: OS0022000349 | E8: 70 | F8: 44727 | G8: 30.15 | H8: 1824916 | I8: =H8/G8 -> 60527.894 | L8: 70 | P8: =G8*0.92 -> 27.738 | Q8: =G8*4.5% -> 1.35675 | R8: =G8*3.5% -> 1.05525 | T8: =G8-N8-Q8-R8 -> 27.738 | V8: =360-($V$1-F8) -> -210.53556
B9: DSP | C9: MS125X125 | D9: OS0022000349 | E9: 71 | F9: 44727 | G9: 30.15 | H9: 1824916 | I9: =H9/G9 -> 60527.894 | L9: 71 | P9: =G9*0.92 -> 27.738 | Q9: =G9*4.5% -> 1.35675 | R9: =G9*3.5% -> 1.05525 | T9: =G9-N9-Q9-R9 -> 27.738 | V9: =360-($V$1-F9) -> -210.53556
B10: DSP | C10: MS125X125 | D10: OS0022000347 | E10: 72 | F10: 44728 | G10: 31.796 | H10: 1923416 | I10: =H10/G10 -> 60492.389 | L10: 72 | P10: =G10*0.92 -> 29.25232 | Q10: =G10*4.5% -> 1.43082 | R10: =G10*3.5% -> 1.11286 | T10: =G10-N10-Q10-R10 -> 29.25232 | V10: =360-($V$1-F10) -> -209.53556
B11: DSP | C11: MS125X125 | D11: OS0022000347 | E11: 73 | F11: 44728 | G11: 29.604 | H11: 1790766 | I11: =H11/G11 -> 60490.677 | L11: 73 | P11: =G11*0.92 -> 27.23568 | Q11: =G11*4.5% -> 1.33218 | R11: =G11*3.5% -> 1.03614 | T11: =G11-N11-Q11-R11 -> 27.23568 | V11: =360-($V$1-F11) -> -209.53556
B12: DSP | C12: MS125X125 | D12: OS0022000350 | E12: 74 | F12: 44728 | G12: 31.4 | H12: 1898041 | I12: =H12/G12 -> 60447.166 | L12: 74 | P12: =G12*0.92 -> 28.888 | Q12: =G12*4.5% -> 1.413 | R12: =G12*3.5% -> 1.099 | T12: =G12-N12-Q12-R12 -> 28.888 | V12: =360-($V$1-F12) -> -209.53556
B13: DSP | C13: MS125X125 | D13: OS0022000350 | E13: 75 | F13: 44728 | G13: 31.4 | H13: 1898041 | I13: =H13/G13 -> 60447.166 | L13: 75 | P13: =G13*0.92 -> 28.888 | Q13: =G13*4.5% -> 1.413 | R13: =G13*3.5% -> 1.099 | T13: =G13-N13-Q13-R13 -> 28.888 | V13: =360-($V$1-F13) -> -209.53556
B14: DSP | C14: MS125X125 | D14: OS0022000351 | E14: 76 | F14: 44728 | G14: 28.639 | H14: 1734356 | I14: =H14/G14 -> 60559.237 | L14: 76 | P14: =G14*0.92 -> 26.34788 | Q14: =G14*4.5% -> 1.288755 | R14: =G14*3.5% -> 1.002365 | T14: =G14-N14-Q14-R14 -> 26.34788 | V14: =360-($V$1-F14) -> -209.53556
B15: DSP | C15: MS125X125 | D15: OS0022000351 | E15: 77 | F15: 44728 | G15: 30.761 | H15: 1862826 | I15: =H15/G15 -> 60558.044 | L15: 77 | P15: =G15*0.92 -> 28.30012 | Q15: =G15*4.5% -> 1.384245 | R15: =G15*3.5% -> 1.076635 | T15: =G15-N15-Q15-R15 -> 28.30012 | V15: =360-($V$1-F15) -> -209.53556
... B17: DSP | C17: MS125X125 | D17: OS0022000345 | E17: 79 | F17: 44728 | G17: 32.004 | H17: 1935533 | I17: =H17/G17 -> 60477.847 | L17: 79 | P17: =G17*0.92 -> 29.44368 | Q17: =G17*4.5% -> 1.44018 | R17: =G17*3.5% -> 1.12014 | T17: =G17-N17-Q17-R17 -> 29.44368 | V17: =360-($V$1-F17) -> -209.53556
G18: =SUM(G3:G17) -> 458 | N18: =SUM(N3:N17) -> 30.075 | P18: =SUM(P3:P17) -> 421.36 | Q18: =SUM(Q3:Q17) -> 20.61 | R18: =SUM(R3:R17) -> 16.03 | T18: =SUM(T3:T17) -> 391.285
Q22: Biilet wt. | T22: =T18/92% -> 425.30978
Q23: Angle wt. | T23: 391.285
